evaluationId,evaluationTimestamp,underlying,optionType,selectedInstrumentKey,candleRole,candleTimestamp,timeframe,open,high,low,close,volume,openInterest
"5b65c2fe","2026-04-13T10:07:01.878565100Z","NIFTY","PE","NFO:NIFTY2641323850PE","UNDERLYING","2026-04-13T09:37:01Z","ONE_MINUTE","23864.1","23865","23830.2","23830.2","0","0"
"5b65c2fe","2026-04-13T10:07:01.878565100Z","NIFTY","PE","NFO:NIFTY2641323850PE","UNDERLYING","2026-04-13T09:38:01Z","ONE_MINUTE","23831.65","23849.05","23828.8","23835.85","0","0"
"5b65c2fe","2026-04-13T10:07:01.878565100Z","NIFTY","PE","NFO:NIFTY2641323850PE","UNDERLYING","2026-04-13T09:39:01Z","ONE_MINUTE","23836.5","23846","23833.65","23838.2","0","0"
"5b65c2fe","2026-04-13T10:07:01.878565100Z","NIFTY","PE","NFO:NIFTY2641323850PE","UNDERLYING","2026-04-13T09:40:01Z","ONE_MINUTE","23839.3","23841.15","23829.95","23838.45","0","0"
"5b65c2fe","2026-04-13T10:07:01.878565100Z","NIFTY","PE","NFO:NIFTY2641323850PE","UNDERLYING","2026-04-13T09:41:01Z","ONE_MINUTE","23839.75","23849.55","23831","23849.55","0","0"
"5b65c2fe","2026-04-13T10:07:01.878565100Z","NIFTY","PE","NFO:NIFTY2641323850PE","UNDERLYING","2026-04-13T09:42:01Z","ONE_MINUTE","23850.6","23857.25","23843.55","23843.55","0","0"
"5b65c2fe","2026-04-13T10:07:01.878565100Z","NIFTY","PE","NFO:NIFTY2641323850PE","UNDERLYING","2026-04-13T09:43:01Z","ONE_MINUTE","23844.2","23844.3","23827.45","23829.4","0","0"
"5b65c2fe","2026-04-13T10:07:01.878565100Z","NIFTY","PE","NFO:NIFTY2641323850PE","UNDERLYING","2026-04-13T09:44:01Z","ONE_MINUTE","23829.5","23849.65","23826.4","23846.4","0","0"
"5b65c2fe","2026-04-13T10:07:01.878565100Z","NIFTY","PE","NFO:NIFTY2641323850PE","UNDERLYING","2026-04-13T09:45:01Z","ONE_MINUTE","23844.55","23846.2","23834.7","23836.2","0","0"
"5b65c2fe","2026-04-13T10:07:01.878565100Z","NIFTY","PE","NFO:NIFTY2641323850PE","UNDERLYING","2026-04-13T09:46:01Z","ONE_MINUTE","23837.15","23838.5","23830.75","23830.8","0","0"
"5b65c2fe","2026-04-13T10:07:01.878565100Z","NIFTY","PE","NFO:NIFTY2641323850PE","UNDERLYING","2026-04-13T09:47:01Z","ONE_MINUTE","23831.25","23835.55","23822.45","23835.55","0","0"
"5b65c2fe","2026-04-13T10:07:01.878565100Z","NIFTY","PE","NFO:NIFTY2641323850PE","UNDERLYING","2026-04-13T09:48:01Z","ONE_MINUTE","23838.1","23840.45","23834.55","23836","0","0"
"5b65c2fe","2026-04-13T10:07:01.878565100Z","NIFTY","PE","NFO:NIFTY2641323850PE","UNDERLYING","2026-04-13T09:49:01Z","ONE_MINUTE","23837","23839.95","23825.15","23825.15","0","0"
"5b65c2fe","2026-04-13T10:07:01.878565100Z","NIFTY","PE","NFO:NIFTY2641323850PE","UNDERLYING","2026-04-13T09:50:01Z","ONE_MINUTE","23825.3","23830.3","23819.35","23830.3","0","0"
"5b65c2fe","2026-04-13T10:07:01.878565100Z","NIFTY","PE","NFO:NIFTY2641323850PE","UNDERLYING","2026-04-13T09:51:01Z","ONE_MINUTE","23829.35","23832.15","23828.75","23830.05","0","0"
"5b65c2fe","2026-04-13T10:07:01.878565100Z","NIFTY","PE","NFO:NIFTY2641323850PE","UNDERLYING","2026-04-13T09:52:01Z","ONE_MINUTE","23829.95","23831.7","23823.45","23824.35","0","0"
"5b65c2fe","2026-04-13T10:07:01.878565100Z","NIFTY","PE","NFO:NIFTY2641323850PE","UNDERLYING","2026-04-13T09:53:01Z","ONE_MINUTE","23823.6","23824.35","23816.8","23820.7","0","0"
"5b65c2fe","2026-04-13T10:07:01.878565100Z","NIFTY","PE","NFO:NIFTY2641323850PE","UNDERLYING","2026-04-13T09:54:01Z","ONE_MINUTE","23820.45","23823.35","23818.45","23821.55","0","0"
"5b65c2fe","2026-04-13T10:07:01.878565100Z","NIFTY","PE","NFO:NIFTY2641323850PE","UNDERLYING","2026-04-13T09:55:01Z","ONE_MINUTE","23822.4","23826","23816.15","23823.35","0","0"
"5b65c2fe","2026-04-13T10:07:01.878565100Z","NIFTY","PE","NFO:NIFTY2641323850PE","UNDERLYING","2026-04-13T09:56:01Z","ONE_MINUTE","23825.25","23825.7","23818.75","23819.85","0","0"
"5b65c2fe","2026-04-13T10:07:01.878565100Z","NIFTY","PE","NFO:NIFTY2641323850PE","UNDERLYING","2026-04-13T09:57:01Z","ONE_MINUTE","23820.45","23826.45","23819.45","23826.45","0","0"
"5b65c2fe","2026-04-13T10:07:01.878565100Z","NIFTY","PE","NFO:NIFTY2641323850PE","UNDERLYING","2026-04-13T09:58:01Z","ONE_MINUTE","23825.7","23827.8","23818.6","23820.6","0","0"
"5b65c2fe","2026-04-13T10:07:01.878565100Z","NIFTY","PE","NFO:NIFTY2641323850PE","UNDERLYING","2026-04-13T09:59:01Z","ONE_MINUTE","23820.4","23826.6","23814.65","23818.9","0","0"
"5b65c2fe","2026-04-13T10:07:01.878565100Z","NIFTY","PE","NFO:NIFTY2641323850PE","OPTION","2026-04-13T09:37:01Z","ONE_MINUTE","5.25","15.45","5.15","14.5","37837085","28862795"
"5b65c2fe","2026-04-13T10:07:01.878565100Z","NIFTY","PE","NFO:NIFTY2641323850PE","OPTION","2026-04-13T09:38:01Z","ONE_MINUTE","14.15","23","10","20.9","33914530","26022880"
"5b65c2fe","2026-04-13T10:07:01.878565100Z","NIFTY","PE","NFO:NIFTY2641323850PE","OPTION","2026-04-13T09:39:01Z","ONE_MINUTE","20.05","20.6","13.8","19.25","22893585","26022880"
"5b65c2fe","2026-04-13T10:07:01.878565100Z","NIFTY","PE","NFO:NIFTY2641323850PE","OPTION","2026-04-13T09:40:01Z","ONE_MINUTE","20.25","25.4","15.95","15.95","22254960","26022880"
"5b65c2fe","2026-04-13T10:07:01.878565100Z","NIFTY","PE","NFO:NIFTY2641323850PE","OPTION","2026-04-13T09:41:01Z","ONE_MINUTE","15.7","18.85","10.8","10.8","21166340","23864880"
"5b65c2fe","2026-04-13T10:07:01.878565100Z","NIFTY","PE","NFO:NIFTY2641323850PE","OPTION","2026-04-13T09:42:01Z","ONE_MINUTE","11.1","15.1","7.45","14.2","31937490","23864880"
"5b65c2fe","2026-04-13T10:07:01.878565100Z","NIFTY","PE","NFO:NIFTY2641323850PE","OPTION","2026-04-13T09:43:01Z","ONE_MINUTE","14.5","18","13.65","15.35","19827080","23864880"
"5b65c2fe","2026-04-13T10:07:01.878565100Z","NIFTY","PE","NFO:NIFTY2641323850PE","OPTION","2026-04-13T09:44:01Z","ONE_MINUTE","15.55","15.95","10.4","12.7","15779660","23603060"
"5b65c2fe","2026-04-13T10:07:01.878565100Z","NIFTY","PE","NFO:NIFTY2641323850PE","OPTION","2026-04-13T09:45:01Z","ONE_MINUTE","12.7","15.4","11.8","13.2","13952055","23603060"
"5b65c2fe","2026-04-13T10:07:01.878565100Z","NIFTY","PE","NFO:NIFTY2641323850PE","OPTION","2026-04-13T09:46:01Z","ONE_MINUTE","13.1","13.65","10.75","12.65","10846355","23603060"
"5b65c2fe","2026-04-13T10:07:01.878565100Z","NIFTY","PE","NFO:NIFTY2641323850PE","OPTION","2026-04-13T09:47:01Z","ONE_MINUTE","12.65","14.4","11.15","11.35","14433705","24049675"
"5b65c2fe","2026-04-13T10:07:01.878565100Z","NIFTY","PE","NFO:NIFTY2641323850PE","OPTION","2026-04-13T09:48:01Z","ONE_MINUTE","10.75","13","10.7","11.4","10709855","24049675"
"5b65c2fe","2026-04-13T10:07:01.878565100Z","NIFTY","PE","NFO:NIFTY2641323850PE","OPTION","2026-04-13T09:49:01Z","ONE_MINUTE","11.35","12.9","8.55","12.85","16978065","24049675"
"5b65c2fe","2026-04-13T10:07:01.878565100Z","NIFTY","PE","NFO:NIFTY2641323850PE","OPTION","2026-04-13T09:50:01Z","ONE_MINUTE","12.9","14.55","10.9","11.35","12857130","20698860"
"5b65c2fe","2026-04-13T10:07:01.878565100Z","NIFTY","PE","NFO:NIFTY2641323850PE","OPTION","2026-04-13T09:51:01Z","ONE_MINUTE","11.3","11.85","10.7","11.1","7416695","20698860"
"5b65c2fe","2026-04-13T10:07:01.878565100Z","NIFTY","PE","NFO:NIFTY2641323850PE","OPTION","2026-04-13T09:52:01Z","ONE_MINUTE","11.1","11.6","9.4","11.3","10075715","20698860"
"5b65c2fe","2026-04-13T10:07:01.878565100Z","NIFTY","PE","NFO:NIFTY2641323850PE","OPTION","2026-04-13T09:53:01Z","ONE_MINUTE","11.5","12.55","10.8","10.8","7432360","18194410"
"5b65c2fe","2026-04-13T10:07:01.878565100Z","NIFTY","PE","NFO:NIFTY2641323850PE","OPTION","2026-04-13T09:54:01Z","ONE_MINUTE","10.5","11","9.4","10.25","9080565","18194410"
"5b65c2fe","2026-04-13T10:07:01.878565100Z","NIFTY","PE","NFO:NIFTY2641323850PE","OPTION","2026-04-13T09:55:01Z","ONE_MINUTE","10.35","10.45","8.65","8.7","9533160","18194410"
"5b65c2fe","2026-04-13T10:07:01.878565100Z","NIFTY","PE","NFO:NIFTY2641323850PE","OPTION","2026-04-13T09:56:01Z","ONE_MINUTE","8.7","9.15","7.45","8.1","9401405","14261715"
"5b65c2fe","2026-04-13T10:07:01.878565100Z","NIFTY","PE","NFO:NIFTY2641323850PE","OPTION","2026-04-13T09:57:01Z","ONE_MINUTE","8.2","8.35","6.85","6.9","7300085","14261715"
"5b65c2fe","2026-04-13T10:07:01.878565100Z","NIFTY","PE","NFO:NIFTY2641323850PE","OPTION","2026-04-13T09:58:01Z","ONE_MINUTE","6.85","7.3","6.8","7.15","5255250","14261715"
"5b65c2fe","2026-04-13T10:07:01.878565100Z","NIFTY","PE","NFO:NIFTY2641323850PE","OPTION","2026-04-13T09:59:01Z","ONE_MINUTE","7.15","7.4","7","7.35","6199375","11434995"
"d680a9b8","2026-04-13T10:07:02.477290Z","NIFTY","CE","NFO:NIFTY2641323850CE","UNDERLYING","2026-04-13T09:37:02Z","ONE_MINUTE","23864.3","23865","23830.2","23830.85","0","0"
"d680a9b8","2026-04-13T10:07:02.477290Z","NIFTY","CE","NFO:NIFTY2641323850CE","UNDERLYING","2026-04-13T09:38:02Z","ONE_MINUTE","23831.5","23849.05","23828.8","23836.5","0","0"
"d680a9b8","2026-04-13T10:07:02.477290Z","NIFTY","CE","NFO:NIFTY2641323850CE","UNDERLYING","2026-04-13T09:39:02Z","ONE_MINUTE","23836.55","23846","23833.65","23838.6","0","0"
"d680a9b8","2026-04-13T10:07:02.477290Z","NIFTY","CE","NFO:NIFTY2641323850CE","UNDERLYING","2026-04-13T09:40:02Z","ONE_MINUTE","23839.15","23841.15","23829.95","23838.3","0","0"
"d680a9b8","2026-04-13T10:07:02.477290Z","NIFTY","CE","NFO:NIFTY2641323850CE","UNDERLYING","2026-04-13T09:41:02Z","ONE_MINUTE","23838.5","23850.6","23831","23850.6","0","0"
"d680a9b8","2026-04-13T10:07:02.477290Z","NIFTY","CE","NFO:NIFTY2641323850CE","UNDERLYING","2026-04-13T09:42:02Z","ONE_MINUTE","23848.55","23857.25","23843.55","23844.3","0","0"
"d680a9b8","2026-04-13T10:07:02.477290Z","NIFTY","CE","NFO:NIFTY2641323850CE","UNDERLYING","2026-04-13T09:43:02Z","ONE_MINUTE","23843.3","23843.55","23827.45","23830.15","0","0"
"d680a9b8","2026-04-13T10:07:02.477290Z","NIFTY","CE","NFO:NIFTY2641323850CE","UNDERLYING","2026-04-13T09:44:02Z","ONE_MINUTE","23827.35","23849.65","23826.4","23846.2","0","0"
"d680a9b8","2026-04-13T10:07:02.477290Z","NIFTY","CE","NFO:NIFTY2641323850CE","UNDERLYING","2026-04-13T09:45:02Z","ONE_MINUTE","23845.7","23845.7","23834.7","23837.15","0","0"
"d680a9b8","2026-04-13T10:07:02.477290Z","NIFTY","CE","NFO:NIFTY2641323850CE","UNDERLYING","2026-04-13T09:46:02Z","ONE_MINUTE","23836.65","23838.5","23830.75","23830.85","0","0"
"d680a9b8","2026-04-13T10:07:02.477290Z","NIFTY","CE","NFO:NIFTY2641323850CE","UNDERLYING","2026-04-13T09:47:02Z","ONE_MINUTE","23830.25","23838.25","23822.45","23838.25","0","0"
"d680a9b8","2026-04-13T10:07:02.477290Z","NIFTY","CE","NFO:NIFTY2641323850CE","UNDERLYING","2026-04-13T09:48:02Z","ONE_MINUTE","23837.45","23840.45","23834.55","23837.4","0","0"
"d680a9b8","2026-04-13T10:07:02.477290Z","NIFTY","CE","NFO:NIFTY2641323850CE","UNDERLYING","2026-04-13T09:49:02Z","ONE_MINUTE","23837.85","23839.95","23825.15","23825.25","0","0"
"d680a9b8","2026-04-13T10:07:02.477290Z","NIFTY","CE","NFO:NIFTY2641323850CE","UNDERLYING","2026-04-13T09:50:02Z","ONE_MINUTE","23824.85","23830.3","23819.35","23829.35","0","0"
"d680a9b8","2026-04-13T10:07:02.477290Z","NIFTY","CE","NFO:NIFTY2641323850CE","UNDERLYING","2026-04-13T09:51:02Z","ONE_MINUTE","23829.35","23832.15","23828.75","23829.6","0","0"
"d680a9b8","2026-04-13T10:07:02.477290Z","NIFTY","CE","NFO:NIFTY2641323850CE","UNDERLYING","2026-04-13T09:52:02Z","ONE_MINUTE","23828.4","23831.7","23823.45","23824","0","0"
"d680a9b8","2026-04-13T10:07:02.477290Z","NIFTY","CE","NFO:NIFTY2641323850CE","UNDERLYING","2026-04-13T09:53:02Z","ONE_MINUTE","23823.45","23824.35","23816.8","23819.95","0","0"
"d680a9b8","2026-04-13T10:07:02.477290Z","NIFTY","CE","NFO:NIFTY2641323850CE","UNDERLYING","2026-04-13T09:54:02Z","ONE_MINUTE","23819.25","23823.35","23818.45","23822.35","0","0"
"d680a9b8","2026-04-13T10:07:02.477290Z","NIFTY","CE","NFO:NIFTY2641323850CE","UNDERLYING","2026-04-13T09:55:02Z","ONE_MINUTE","23821.75","23826","23816.15","23825.7","0","0"
"d680a9b8","2026-04-13T10:07:02.477290Z","NIFTY","CE","NFO:NIFTY2641323850CE","UNDERLYING","2026-04-13T09:56:02Z","ONE_MINUTE","23825.1","23825.1","23818.75","23820.35","0","0"
"d680a9b8","2026-04-13T10:07:02.477290Z","NIFTY","CE","NFO:NIFTY2641323850CE","UNDERLYING","2026-04-13T09:57:02Z","ONE_MINUTE","23820.35","23826.45","23819.45","23826.2","0","0"
"d680a9b8","2026-04-13T10:07:02.477290Z","NIFTY","CE","NFO:NIFTY2641323850CE","UNDERLYING","2026-04-13T09:58:02Z","ONE_MINUTE","23825.9","23827.8","23818.6","23821.75","0","0"
"d680a9b8","2026-04-13T10:07:02.477290Z","NIFTY","CE","NFO:NIFTY2641323850CE","UNDERLYING","2026-04-13T09:59:02Z","ONE_MINUTE","23821.75","23826.6","23814.65","23818.9","0","0"
"d680a9b8","2026-04-13T10:07:02.477290Z","NIFTY","CE","NFO:NIFTY2641323850CE","OPTION","2026-04-13T09:37:02Z","ONE_MINUTE","7.8","8.6","2.15","2.15","43730960","25672075"
"d680a9b8","2026-04-13T10:07:02.477290Z","NIFTY","CE","NFO:NIFTY2641323850CE","OPTION","2026-04-13T09:38:02Z","ONE_MINUTE","1.8","3.1","1","1.35","58382545","32473025"
"d680a9b8","2026-04-13T10:07:02.477290Z","NIFTY","CE","NFO:NIFTY2641323850CE","OPTION","2026-04-13T09:39:02Z","ONE_MINUTE","1.5","1.5","0.65","1.1","60214115","32473025"
"d680a9b8","2026-04-13T10:07:02.477290Z","NIFTY","CE","NFO:NIFTY2641323850CE","OPTION","2026-04-13T09:40:02Z","ONE_MINUTE","1.1","1.1","0.55","0.95","34010080","32473025"
"d680a9b8","2026-04-13T10:07:02.477290Z","NIFTY","CE","NFO:NIFTY2641323850CE","OPTION","2026-04-13T09:41:02Z","ONE_MINUTE","0.95","1.8","0.65","1.8","33745010","36159760"
"d680a9b8","2026-04-13T10:07:02.477290Z","NIFTY","CE","NFO:NIFTY2641323850CE","OPTION","2026-04-13T09:42:02Z","ONE_MINUTE","1.8","2.7","0.75","0.75","60410220","36159760"
"d680a9b8","2026-04-13T10:07:02.477290Z","NIFTY","CE","NFO:NIFTY2641323850CE","OPTION","2026-04-13T09:43:02Z","ONE_MINUTE","0.75","0.8","0.5","0.55","36279945","36159760"
"d680a9b8","2026-04-13T10:07:02.477290Z","NIFTY","CE","NFO:NIFTY2641323850CE","OPTION","2026-04-13T09:44:02Z","ONE_MINUTE","0.55","0.9","0.5","0.65","27668550","36985910"
"d680a9b8","2026-04-13T10:07:02.477290Z","NIFTY","CE","NFO:NIFTY2641323850CE","OPTION","2026-04-13T09:45:02Z","ONE_MINUTE","0.75","0.75","0.25","0.25","25963990","36985910"
"d680a9b8","2026-04-13T10:07:02.477290Z","NIFTY","CE","NFO:NIFTY2641323850CE","OPTION","2026-04-13T09:46:02Z","ONE_MINUTE","0.3","0.3","0.15","0.15","13478400","36985910"
"d680a9b8","2026-04-13T10:07:02.477290Z","NIFTY","CE","NFO:NIFTY2641323850CE","OPTION","2026-04-13T09:47:02Z","ONE_MINUTE","0.2","0.2","0.1","0.2","17823715","34539245"
"d680a9b8","2026-04-13T10:07:02.477290Z","NIFTY","CE","NFO:NIFTY2641323850CE","OPTION","2026-04-13T09:48:02Z","ONE_MINUTE","0.15","0.15","0.1","0.15","7709390","34539245"
"d680a9b8","2026-04-13T10:07:02.477290Z","NIFTY","CE","NFO:NIFTY2641323850CE","OPTION","2026-04-13T09:49:02Z","ONE_MINUTE","0.15","0.15","0.1","0.15","5895890","34539245"
"d680a9b8","2026-04-13T10:07:02.477290Z","NIFTY","CE","NFO:NIFTY2641323850CE","OPTION","2026-04-13T09:50:02Z","ONE_MINUTE","0.15","0.15","0.05","0.1","10048935","31980455"
"d680a9b8","2026-04-13T10:07:02.477290Z","NIFTY","CE","NFO:NIFTY2641323850CE","OPTION","2026-04-13T09:51:02Z","ONE_MINUTE","0.05","0.1","0.05","0.1","4646460","31980455"
"d680a9b8","2026-04-13T10:07:02.477290Z","NIFTY","CE","NFO:NIFTY2641323850CE","OPTION","2026-04-13T09:52:02Z","ONE_MINUTE","0.05","0.1","0.05","0.05","3879720","31980455"
"d680a9b8","2026-04-13T10:07:02.477290Z","NIFTY","CE","NFO:NIFTY2641323850CE","OPTION","2026-04-13T09:53:02Z","ONE_MINUTE","0.05","0.1","0.05","0.05","8987745","27323660"
"d680a9b8","2026-04-13T10:07:02.477290Z","NIFTY","CE","NFO:NIFTY2641323850CE","OPTION","2026-04-13T09:54:02Z","ONE_MINUTE","0.05","0.05","0.05","0.05","2357940","27323660"
"d680a9b8","2026-04-13T10:07:02.477290Z","NIFTY","CE","NFO:NIFTY2641323850CE","OPTION","2026-04-13T09:55:02Z","ONE_MINUTE","0.05","0.05","0.05","0.05","2083965","27323660"
"d680a9b8","2026-04-13T10:07:02.477290Z","NIFTY","CE","NFO:NIFTY2641323850CE","OPTION","2026-04-13T09:56:02Z","ONE_MINUTE","0.05","0.05","0.05","0.05","1463605","23581545"
"d680a9b8","2026-04-13T10:07:02.477290Z","NIFTY","CE","NFO:NIFTY2641323850CE","OPTION","2026-04-13T09:57:02Z","ONE_MINUTE","0.05","0.05","0.05","0.05","957190","23581545"
"d680a9b8","2026-04-13T10:07:02.477290Z","NIFTY","CE","NFO:NIFTY2641323850CE","OPTION","2026-04-13T09:58:02Z","ONE_MINUTE","0.05","0.05","0.05","0.05","1166425","23581545"
"d680a9b8","2026-04-13T10:07:02.477290Z","NIFTY","CE","NFO:NIFTY2641323850CE","OPTION","2026-04-13T09:59:02Z","ONE_MINUTE","0.05","0.05","0.05","0.05","386945","21555365"
"a576116c","2026-04-13T10:08:03.032376Z","NIFTY","PE","NFO:NIFTY2641323850PE","UNDERLYING","2026-04-13T09:38:02Z","ONE_MINUTE","23831.5","23849.05","23828.8","23836.5","0","0"
"a576116c","2026-04-13T10:08:03.032376Z","NIFTY","PE","NFO:NIFTY2641323850PE","UNDERLYING","2026-04-13T09:39:02Z","ONE_MINUTE","23836.55","23846","23833.65","23838.6","0","0"
"a576116c","2026-04-13T10:08:03.032376Z","NIFTY","PE","NFO:NIFTY2641323850PE","UNDERLYING","2026-04-13T09:40:02Z","ONE_MINUTE","23839.15","23841.15","23829.95","23838.3","0","0"
"a576116c","2026-04-13T10:08:03.032376Z","NIFTY","PE","NFO:NIFTY2641323850PE","UNDERLYING","2026-04-13T09:41:02Z","ONE_MINUTE","23838.5","23850.6","23831","23850.6","0","0"
"a576116c","2026-04-13T10:08:03.032376Z","NIFTY","PE","NFO:NIFTY2641323850PE","UNDERLYING","2026-04-13T09:42:02Z","ONE_MINUTE","23848.55","23857.25","23843.55","23844.3","0","0"
"a576116c","2026-04-13T10:08:03.032376Z","NIFTY","PE","NFO:NIFTY2641323850PE","UNDERLYING","2026-04-13T09:43:02Z","ONE_MINUTE","23843.3","23843.55","23827.45","23830.15","0","0"
"a576116c","2026-04-13T10:08:03.032376Z","NIFTY","PE","NFO:NIFTY2641323850PE","UNDERLYING","2026-04-13T09:44:02Z","ONE_MINUTE","23827.35","23849.65","23826.4","23846.2","0","0"
"a576116c","2026-04-13T10:08:03.032376Z","NIFTY","PE","NFO:NIFTY2641323850PE","UNDERLYING","2026-04-13T09:45:02Z","ONE_MINUTE","23845.7","23845.7","23834.7","23837.15","0","0"
"a576116c","2026-04-13T10:08:03.032376Z","NIFTY","PE","NFO:NIFTY2641323850PE","UNDERLYING","2026-04-13T09:46:02Z","ONE_MINUTE","23836.65","23838.5","23830.75","23830.85","0","0"
"a576116c","2026-04-13T10:08:03.032376Z","NIFTY","PE","NFO:NIFTY2641323850PE","UNDERLYING","2026-04-13T09:47:02Z","ONE_MINUTE","23830.25","23838.25","23822.45","23838.25","0","0"
"a576116c","2026-04-13T10:08:03.032376Z","NIFTY","PE","NFO:NIFTY2641323850PE","UNDERLYING","2026-04-13T09:48:02Z","ONE_MINUTE","23837.45","23840.45","23834.55","23837.4","0","0"
"a576116c","2026-04-13T10:08:03.032376Z","NIFTY","PE","NFO:NIFTY2641323850PE","UNDERLYING","2026-04-13T09:49:02Z","ONE_MINUTE","23837.85","23839.95","23825.15","23825.25","0","0"
"a576116c","2026-04-13T10:08:03.032376Z","NIFTY","PE","NFO:NIFTY2641323850PE","UNDERLYING","2026-04-13T09:50:02Z","ONE_MINUTE","23824.85","23830.3","23819.35","23829.35","0","0"
"a576116c","2026-04-13T10:08:03.032376Z","NIFTY","PE","NFO:NIFTY2641323850PE","UNDERLYING","2026-04-13T09:51:02Z","ONE_MINUTE","23829.35","23832.15","23828.75","23829.6","0","0"
"a576116c","2026-04-13T10:08:03.032376Z","NIFTY","PE","NFO:NIFTY2641323850PE","UNDERLYING","2026-04-13T09:52:02Z","ONE_MINUTE","23828.4","23831.7","23823.45","23824","0","0"
"a576116c","2026-04-13T10:08:03.032376Z","NIFTY","PE","NFO:NIFTY2641323850PE","UNDERLYING","2026-04-13T09:53:02Z","ONE_MINUTE","23823.45","23824.35","23816.8","23819.95","0","0"
"a576116c","2026-04-13T10:08:03.032376Z","NIFTY","PE","NFO:NIFTY2641323850PE","UNDERLYING","2026-04-13T09:54:02Z","ONE_MINUTE","23819.25","23823.35","23818.45","23822.35","0","0"
"a576116c","2026-04-13T10:08:03.032376Z","NIFTY","PE","NFO:NIFTY2641323850PE","UNDERLYING","2026-04-13T09:55:02Z","ONE_MINUTE","23821.75","23826","23816.15","23825.7","0","0"
"a576116c","2026-04-13T10:08:03.032376Z","NIFTY","PE","NFO:NIFTY2641323850PE","UNDERLYING","2026-04-13T09:56:02Z","ONE_MINUTE","23825.1","23825.1","23818.75","23820.35","0","0"
"a576116c","2026-04-13T10:08:03.032376Z","NIFTY","PE","NFO:NIFTY2641323850PE","UNDERLYING","2026-04-13T09:57:02Z","ONE_MINUTE","23820.35","23826.45","23819.45","23826.2","0","0"
"a576116c","2026-04-13T10:08:03.032376Z","NIFTY","PE","NFO:NIFTY2641323850PE","UNDERLYING","2026-04-13T09:58:02Z","ONE_MINUTE","23825.9","23827.8","23818.6","23821.75","0","0"
"a576116c","2026-04-13T10:08:03.032376Z","NIFTY","PE","NFO:NIFTY2641323850PE","UNDERLYING","2026-04-13T09:59:02Z","ONE_MINUTE","23821.75","23826.6","23814.65","23818.9","0","0"
"a576116c","2026-04-13T10:08:03.032376Z","NIFTY","PE","NFO:NIFTY2641323850PE","OPTION","2026-04-13T09:38:02Z","ONE_MINUTE","15.85","23","10","20.05","33914530","26022880"
"a576116c","2026-04-13T10:08:03.032376Z","NIFTY","PE","NFO:NIFTY2641323850PE","OPTION","2026-04-13T09:39:02Z","ONE_MINUTE","19.55","20.6","13.8","20.25","22893585","26022880"
"a576116c","2026-04-13T10:08:03.032376Z","NIFTY","PE","NFO:NIFTY2641323850PE","OPTION","2026-04-13T09:40:02Z","ONE_MINUTE","21.05","25.4","15.5","15.5","23186865","26022880"
"a576116c","2026-04-13T10:08:03.032376Z","NIFTY","PE","NFO:NIFTY2641323850PE","OPTION","2026-04-13T09:41:02Z","ONE_MINUTE","16.6","18.85","10.8","11.3","21846240","23864880"
"a576116c","2026-04-13T10:08:03.032376Z","NIFTY","PE","NFO:NIFTY2641323850PE","OPTION","2026-04-13T09:42:02Z","ONE_MINUTE","11.6","15.1","7.45","14.5","30325685","23864880"
"a576116c","2026-04-13T10:08:03.032376Z","NIFTY","PE","NFO:NIFTY2641323850PE","OPTION","2026-04-13T09:43:02Z","ONE_MINUTE","14.4","18","13.65","15.55","19827080","23864880"
"a576116c","2026-04-13T10:08:03.032376Z","NIFTY","PE","NFO:NIFTY2641323850PE","OPTION","2026-04-13T09:44:02Z","ONE_MINUTE","15.2","15.95","10.4","12.75","16206190","23603060"
"a576116c","2026-04-13T10:08:03.032376Z","NIFTY","PE","NFO:NIFTY2641323850PE","OPTION","2026-04-13T09:45:02Z","ONE_MINUTE","13.1","15.4","11.8","12.9","13865865","23603060"
"a576116c","2026-04-13T10:08:03.032376Z","NIFTY","PE","NFO:NIFTY2641323850PE","OPTION","2026-04-13T09:46:02Z","ONE_MINUTE","12.85","13.65","10.75","12.55","10879115","23603060"
"a576116c","2026-04-13T10:08:03.032376Z","NIFTY","PE","NFO:NIFTY2641323850PE","OPTION","2026-04-13T09:47:02Z","ONE_MINUTE","12.7","14.4","10.75","10.85","14677390","24049675"
"a576116c","2026-04-13T10:08:03.032376Z","NIFTY","PE","NFO:NIFTY2641323850PE","OPTION","2026-04-13T09:48:02Z","ONE_MINUTE","10.75","13","10.7","11.35","10093070","24049675"
"a576116c","2026-04-13T10:08:03.032376Z","NIFTY","PE","NFO:NIFTY2641323850PE","OPTION","2026-04-13T09:49:02Z","ONE_MINUTE","11.2","13.25","8.55","13.25","17447040","24049675"
"a576116c","2026-04-13T10:08:03.032376Z","NIFTY","PE","NFO:NIFTY2641323850PE","OPTION","2026-04-13T09:50:02Z","ONE_MINUTE","13.35","14.55","10.9","11.3","12388155","20698860"
"a576116c","2026-04-13T10:08:03.032376Z","NIFTY","PE","NFO:NIFTY2641323850PE","OPTION","2026-04-13T09:51:02Z","ONE_MINUTE","11.35","11.85","10.7","11.1","7519395","20698860"
"a576116c","2026-04-13T10:08:03.032376Z","NIFTY","PE","NFO:NIFTY2641323850PE","OPTION","2026-04-13T09:52:02Z","ONE_MINUTE","10.85","11.6","9.4","11.5","9973015","20698860"
"a576116c","2026-04-13T10:08:03.032376Z","NIFTY","PE","NFO:NIFTY2641323850PE","OPTION","2026-04-13T09:53:02Z","ONE_MINUTE","11.45","12.55","10.5","10.5","7432360","18194410"
"a576116c","2026-04-13T10:08:03.032376Z","NIFTY","PE","NFO:NIFTY2641323850PE","OPTION","2026-04-13T09:54:02Z","ONE_MINUTE","10.6","11","9.4","10.35","9577880","18194410"
"a576116c","2026-04-13T10:08:03.032376Z","NIFTY","PE","NFO:NIFTY2641323850PE","OPTION","2026-04-13T09:55:02Z","ONE_MINUTE","10.45","10.45","8.6","8.6","9244560","18194410"
"a576116c","2026-04-13T10:08:03.032376Z","NIFTY","PE","NFO:NIFTY2641323850PE","OPTION","2026-04-13T09:56:02Z","ONE_MINUTE","8.5","9.15","7.45","8.2","9192690","14261715"
"a576116c","2026-04-13T10:08:03.032376Z","NIFTY","PE","NFO:NIFTY2641323850PE","OPTION","2026-04-13T09:57:02Z","ONE_MINUTE","8.25","8.35","6.85","6.85","7567820","14261715"
"a576116c","2026-04-13T10:08:03.032376Z","NIFTY","PE","NFO:NIFTY2641323850PE","OPTION","2026-04-13T09:58:02Z","ONE_MINUTE","6.85","7.3","6.8","7.15","4987515","14261715"
"a576116c","2026-04-13T10:08:03.032376Z","NIFTY","PE","NFO:NIFTY2641323850PE","OPTION","2026-04-13T09:59:02Z","ONE_MINUTE","7.1","7.4","7","7.35","6199375","11434995"
"a19eab4b","2026-04-13T10:08:03.186858400Z","NIFTY","CE","NFO:NIFTY2641323850CE","UNDERLYING","2026-04-13T09:38:03Z","ONE_MINUTE","23831.25","23849.05","23828.8","23837.05","0","0"
"a19eab4b","2026-04-13T10:08:03.186858400Z","NIFTY","CE","NFO:NIFTY2641323850CE","UNDERLYING","2026-04-13T09:39:03Z","ONE_MINUTE","23836.75","23846","23833.65","23838.85","0","0"
"a19eab4b","2026-04-13T10:08:03.186858400Z","NIFTY","CE","NFO:NIFTY2641323850CE","UNDERLYING","2026-04-13T09:40:03Z","ONE_MINUTE","23837.45","23841.15","23829.95","23838.55","0","0"
"a19eab4b","2026-04-13T10:08:03.186858400Z","NIFTY","CE","NFO:NIFTY2641323850CE","UNDERLYING","2026-04-13T09:41:03Z","ONE_MINUTE","23837.5","23850.6","23831","23848.5","0","0"
"a19eab4b","2026-04-13T10:08:03.186858400Z","NIFTY","CE","NFO:NIFTY2641323850CE","UNDERLYING","2026-04-13T09:42:03Z","ONE_MINUTE","23848.85","23857.25","23843.3","23843.55","0","0"
"a19eab4b","2026-04-13T10:08:03.186858400Z","NIFTY","CE","NFO:NIFTY2641323850CE","UNDERLYING","2026-04-13T09:43:03Z","ONE_MINUTE","23843.3","23843.35","23827.35","23830.3","0","0"
"a19eab4b","2026-04-13T10:08:03.186858400Z","NIFTY","CE","NFO:NIFTY2641323850CE","UNDERLYING","2026-04-13T09:44:03Z","ONE_MINUTE","23829.2","23849.65","23826.4","23845.7","0","0"
"a19eab4b","2026-04-13T10:08:03.186858400Z","NIFTY","CE","NFO:NIFTY2641323850CE","UNDERLYING","2026-04-13T09:45:03Z","ONE_MINUTE","23845.7","23845.7","23834.7","23836.95","0","0"
"a19eab4b","2026-04-13T10:08:03.186858400Z","NIFTY","CE","NFO:NIFTY2641323850CE","UNDERLYING","2026-04-13T09:46:03Z","ONE_MINUTE","23837.75","23838.5","23830.25","23830.55","0","0"
"a19eab4b","2026-04-13T10:08:03.186858400Z","NIFTY","CE","NFO:NIFTY2641323850CE","UNDERLYING","2026-04-13T09:47:03Z","ONE_MINUTE","23830.1","23838.25","23822.45","23838.2","0","0"
"a19eab4b","2026-04-13T10:08:03.186858400Z","NIFTY","CE","NFO:NIFTY2641323850CE","UNDERLYING","2026-04-13T09:48:03Z","ONE_MINUTE","23839","23840.45","23834.55","23838.65","0","0"
"a19eab4b","2026-04-13T10:08:03.186858400Z","NIFTY","CE","NFO:NIFTY2641323850CE","UNDERLYING","2026-04-13T09:49:03Z","ONE_MINUTE","23838.05","23839.95","23824.85","23826.45","0","0"
"a19eab4b","2026-04-13T10:08:03.186858400Z","NIFTY","CE","NFO:NIFTY2641323850CE","UNDERLYING","2026-04-13T09:50:03Z","ONE_MINUTE","23826.5","23830.3","23819.35","23829.85","0","0"
"a19eab4b","2026-04-13T10:08:03.186858400Z","NIFTY","CE","NFO:NIFTY2641323850CE","UNDERLYING","2026-04-13T09:51:03Z","ONE_MINUTE","23831.45","23832.15","23828.4","23831.2","0","0"
"a19eab4b","2026-04-13T10:08:03.186858400Z","NIFTY","CE","NFO:NIFTY2641323850CE","UNDERLYING","2026-04-13T09:52:03Z","ONE_MINUTE","23829.55","23831.7","23822.75","23822.75","0","0"
"a19eab4b","2026-04-13T10:08:03.186858400Z","NIFTY","CE","NFO:NIFTY2641323850CE","UNDERLYING","2026-04-13T09:53:03Z","ONE_MINUTE","23824.05","23824.35","23816.8","23820.2","0","0"
"a19eab4b","2026-04-13T10:08:03.186858400Z","NIFTY","CE","NFO:NIFTY2641323850CE","UNDERLYING","2026-04-13T09:54:03Z","ONE_MINUTE","23820.35","23823.35","23818.45","23821.55","0","0"
"a19eab4b","2026-04-13T10:08:03.186858400Z","NIFTY","CE","NFO:NIFTY2641323850CE","UNDERLYING","2026-04-13T09:55:03Z","ONE_MINUTE","23821.25","23826","23816.15","23824.35","0","0"
"a19eab4b","2026-04-13T10:08:03.186858400Z","NIFTY","CE","NFO:NIFTY2641323850CE","UNDERLYING","2026-04-13T09:56:03Z","ONE_MINUTE","23824.1","23824.95","23818.75","23819.85","0","0"
"a19eab4b","2026-04-13T10:08:03.186858400Z","NIFTY","CE","NFO:NIFTY2641323850CE","UNDERLYING","2026-04-13T09:57:03Z","ONE_MINUTE","23819.5","23826.45","23819.45","23826","0","0"
"a19eab4b","2026-04-13T10:08:03.186858400Z","NIFTY","CE","NFO:NIFTY2641323850CE","UNDERLYING","2026-04-13T09:58:03Z","ONE_MINUTE","23825.8","23827.8","23818.6","23822.25","0","0"
"a19eab4b","2026-04-13T10:08:03.186858400Z","NIFTY","CE","NFO:NIFTY2641323850CE","UNDERLYING","2026-04-13T09:59:03Z","ONE_MINUTE","23820.5","23826.6","23814.65","23818.9","0","0"
"a19eab4b","2026-04-13T10:08:03.186858400Z","NIFTY","CE","NFO:NIFTY2641323850CE","OPTION","2026-04-13T09:38:03Z","ONE_MINUTE","1.9","3.1","1","1.5","54903225","32473025"
"a19eab4b","2026-04-13T10:08:03.186858400Z","NIFTY","CE","NFO:NIFTY2641323850CE","OPTION","2026-04-13T09:39:03Z","ONE_MINUTE","1.45","1.5","0.65","1.1","60214115","32473025"
"a19eab4b","2026-04-13T10:08:03.186858400Z","NIFTY","CE","NFO:NIFTY2641323850CE","OPTION","2026-04-13T09:40:03Z","ONE_MINUTE","1.05","1.05","0.55","0.95","34010080","32473025"
"a19eab4b","2026-04-13T10:08:03.186858400Z","NIFTY","CE","NFO:NIFTY2641323850CE","OPTION","2026-04-13T09:41:03Z","ONE_MINUTE","0.95","1.8","0.65","1.7","35278945","36159760"
"a19eab4b","2026-04-13T10:08:03.186858400Z","NIFTY","CE","NFO:NIFTY2641323850CE","OPTION","2026-04-13T09:42:03Z","ONE_MINUTE","1.5","2.7","0.75","0.75","60571095","36159760"
"a19eab4b","2026-04-13T10:08:03.186858400Z","NIFTY","CE","NFO:NIFTY2641323850CE","OPTION","2026-04-13T09:43:03Z","ONE_MINUTE","0.75","0.8","0.5","0.55","35278230","36159760"
"a19eab4b","2026-04-13T10:08:03.186858400Z","NIFTY","CE","NFO:NIFTY2641323850CE","OPTION","2026-04-13T09:44:03Z","ONE_MINUTE","0.6","0.9","0.5","0.75","26975455","36985910"
"a19eab4b","2026-04-13T10:08:03.186858400Z","NIFTY","CE","NFO:NIFTY2641323850CE","OPTION","2026-04-13T09:45:03Z","ONE_MINUTE","0.75","0.75","0.25","0.3","25963990","36985910"
"a19eab4b","2026-04-13T10:08:03.186858400Z","NIFTY","CE","NFO:NIFTY2641323850CE","OPTION","2026-04-13T09:46:03Z","ONE_MINUTE","0.25","0.3","0.15","0.2","13478400","36985910"
"a19eab4b","2026-04-13T10:08:03.186858400Z","NIFTY","CE","NFO:NIFTY2641323850CE","OPTION","2026-04-13T09:47:03Z","ONE_MINUTE","0.15","0.2","0.1","0.15","17823715","34539245"
"a19eab4b","2026-04-13T10:08:03.186858400Z","NIFTY","CE","NFO:NIFTY2641323850CE","OPTION","2026-04-13T09:48:03Z","ONE_MINUTE","0.15","0.15","0.1","0.1","7807735","34539245"
"a19eab4b","2026-04-13T10:08:03.186858400Z","NIFTY","CE","NFO:NIFTY2641323850CE","OPTION","2026-04-13T09:49:03Z","ONE_MINUTE","0.1","0.15","0.1","0.1","6178640","34539245"
"a19eab4b","2026-04-13T10:08:03.186858400Z","NIFTY","CE","NFO:NIFTY2641323850CE","OPTION","2026-04-13T09:50:03Z","ONE_MINUTE","0.1","0.15","0.05","0.05","9734140","31980455"
"a19eab4b","2026-04-13T10:08:03.186858400Z","NIFTY","CE","NFO:NIFTY2641323850CE","OPTION","2026-04-13T09:51:03Z","ONE_MINUTE","0.1","0.1","0.05","0.1","4668430","31980455"
"a19eab4b","2026-04-13T10:08:03.186858400Z","NIFTY","CE","NFO:NIFTY2641323850CE","OPTION","2026-04-13T09:52:03Z","ONE_MINUTE","0.1","0.1","0.05","0.1","3893435","31980455"
"a19eab4b","2026-04-13T10:08:03.186858400Z","NIFTY","CE","NFO:NIFTY2641323850CE","OPTION","2026-04-13T09:53:03Z","ONE_MINUTE","0.1","0.1","0.05","0.05","9029995","27323660"
"a19eab4b","2026-04-13T10:08:03.186858400Z","NIFTY","CE","NFO:NIFTY2641323850CE","OPTION","2026-04-13T09:54:03Z","ONE_MINUTE","0.05","0.05","0.05","0.05","2213705","27323660"
"a19eab4b","2026-04-13T10:08:03.186858400Z","NIFTY","CE","NFO:NIFTY2641323850CE","OPTION","2026-04-13T09:55:03Z","ONE_MINUTE","0.05","0.05","0.05","0.05","2088645","27323660"
"a19eab4b","2026-04-13T10:08:03.186858400Z","NIFTY","CE","NFO:NIFTY2641323850CE","OPTION","2026-04-13T09:56:03Z","ONE_MINUTE","0.05","0.05","0.05","0.05","1492400","23581545"
"a19eab4b","2026-04-13T10:08:03.186858400Z","NIFTY","CE","NFO:NIFTY2641323850CE","OPTION","2026-04-13T09:57:03Z","ONE_MINUTE","0.05","0.05","0.05","0.05","923715","23581545"
"a19eab4b","2026-04-13T10:08:03.186858400Z","NIFTY","CE","NFO:NIFTY2641323850CE","OPTION","2026-04-13T09:58:03Z","ONE_MINUTE","0.05","0.05","0.05","0.05","1186705","23581545"
"a19eab4b","2026-04-13T10:08:03.186858400Z","NIFTY","CE","NFO:NIFTY2641323850CE","OPTION","2026-04-13T09:59:03Z","ONE_MINUTE","0.05","0.05","0.05","0.05","366665","21555365"
"4924a004","2026-04-13T10:10:15.135401900Z","NIFTY","CE","NFO:NIFTY2641323850CE","UNDERLYING","2026-04-13T09:40:14Z","ONE_MINUTE","23835.55","23841.15","23832.1","23832.1","0","0"
"4924a004","2026-04-13T10:10:15.135401900Z","NIFTY","CE","NFO:NIFTY2641323850CE","UNDERLYING","2026-04-13T09:41:14Z","ONE_MINUTE","23832.4","23850.6","23831","23846.3","0","0"
"4924a004","2026-04-13T10:10:15.135401900Z","NIFTY","CE","NFO:NIFTY2641323850CE","UNDERLYING","2026-04-13T09:42:14Z","ONE_MINUTE","23846.05","23857.25","23838.95","23840","0","0"
"4924a004","2026-04-13T10:10:15.135401900Z","NIFTY","CE","NFO:NIFTY2641323850CE","UNDERLYING","2026-04-13T09:43:14Z","ONE_MINUTE","23839.7","23840.25","23826.4","23830.4","0","0"
"4924a004","2026-04-13T10:10:15.135401900Z","NIFTY","CE","NFO:NIFTY2641323850CE","UNDERLYING","2026-04-13T09:44:14Z","ONE_MINUTE","23829.85","23849.65","23829.85","23843.05","0","0"
"4924a004","2026-04-13T10:10:15.135401900Z","NIFTY","CE","NFO:NIFTY2641323850CE","UNDERLYING","2026-04-13T09:45:14Z","ONE_MINUTE","23841.6","23842.65","23834.7","23837.05","0","0"
"4924a004","2026-04-13T10:10:15.135401900Z","NIFTY","CE","NFO:NIFTY2641323850CE","UNDERLYING","2026-04-13T09:46:14Z","ONE_MINUTE","23836.95","23838.5","23827","23828.75","0","0"
"4924a004","2026-04-13T10:10:15.135401900Z","NIFTY","CE","NFO:NIFTY2641323850CE","UNDERLYING","2026-04-13T09:47:14Z","ONE_MINUTE","23828.15","23840.45","23822.45","23838.85","0","0"
"4924a004","2026-04-13T10:10:15.135401900Z","NIFTY","CE","NFO:NIFTY2641323850CE","UNDERLYING","2026-04-13T09:48:14Z","ONE_MINUTE","23839.3","23839.95","23834.55","23837.6","0","0"
"4924a004","2026-04-13T10:10:15.135401900Z","NIFTY","CE","NFO:NIFTY2641323850CE","UNDERLYING","2026-04-13T09:49:14Z","ONE_MINUTE","23837.85","23838.4","23821.4","23822.5","0","0"
"4924a004","2026-04-13T10:10:15.135401900Z","NIFTY","CE","NFO:NIFTY2641323850CE","UNDERLYING","2026-04-13T09:50:14Z","ONE_MINUTE","23820.6","23831.75","23819.35","23830.35","0","0"
"4924a004","2026-04-13T10:10:15.135401900Z","NIFTY","CE","NFO:NIFTY2641323850CE","UNDERLYING","2026-04-13T09:51:14Z","ONE_MINUTE","23829.95","23832.15","23828.4","23830.6","0","0"
"4924a004","2026-04-13T10:10:15.135401900Z","NIFTY","CE","NFO:NIFTY2641323850CE","UNDERLYING","2026-04-13T09:52:14Z","ONE_MINUTE","23830.7","23831.7","23821.8","23821.8","0","0"
"4924a004","2026-04-13T10:10:15.135401900Z","NIFTY","CE","NFO:NIFTY2641323850CE","UNDERLYING","2026-04-13T09:53:14Z","ONE_MINUTE","23822.5","23822.6","23816.8","23820.05","0","0"
"4924a004","2026-04-13T10:10:15.135401900Z","NIFTY","CE","NFO:NIFTY2641323850CE","UNDERLYING","2026-04-13T09:54:14Z","ONE_MINUTE","23820","23823.35","23819.5","23819.7","0","0"
"4924a004","2026-04-13T10:10:15.135401900Z","NIFTY","CE","NFO:NIFTY2641323850CE","UNDERLYING","2026-04-13T09:55:14Z","ONE_MINUTE","23820.15","23826","23816.15","23823.2","0","0"
"4924a004","2026-04-13T10:10:15.135401900Z","NIFTY","CE","NFO:NIFTY2641323850CE","UNDERLYING","2026-04-13T09:56:14Z","ONE_MINUTE","23822.65","23822.95","23818.75","23822.3","0","0"
"4924a004","2026-04-13T10:10:15.135401900Z","NIFTY","CE","NFO:NIFTY2641323850CE","UNDERLYING","2026-04-13T09:57:14Z","ONE_MINUTE","23822.05","23827.8","23819.85","23826.15","0","0"
"4924a004","2026-04-13T10:10:15.135401900Z","NIFTY","CE","NFO:NIFTY2641323850CE","UNDERLYING","2026-04-13T09:58:14Z","ONE_MINUTE","23825.9","23827.6","23818.6","23821.5","0","0"
"4924a004","2026-04-13T10:10:15.135401900Z","NIFTY","CE","NFO:NIFTY2641323850CE","UNDERLYING","2026-04-13T09:59:14Z","ONE_MINUTE","23822.65","23826.6","23814.65","23818.9","0","0"
"4924a004","2026-04-13T10:10:15.135401900Z","NIFTY","CE","NFO:NIFTY2641323850CE","OPTION","2026-04-13T09:40:15Z","ONE_MINUTE","0.6","1","0.55","0.95","31878405","32473025"
"4924a004","2026-04-13T10:10:15.135401900Z","NIFTY","CE","NFO:NIFTY2641323850CE","OPTION","2026-04-13T09:41:15Z","ONE_MINUTE","0.95","1.8","0.65","1.05","36813205","36159760"
"4924a004","2026-04-13T10:10:15.135401900Z","NIFTY","CE","NFO:NIFTY2641323850CE","OPTION","2026-04-13T09:42:15Z","ONE_MINUTE","1.2","2.7","0.65","0.75","58422780","36159760"
"4924a004","2026-04-13T10:10:15.135401900Z","NIFTY","CE","NFO:NIFTY2641323850CE","OPTION","2026-04-13T09:43:15Z","ONE_MINUTE","0.75","0.8","0.5","0.55","33372755","36159760"
"4924a004","2026-04-13T10:10:15.135401900Z","NIFTY","CE","NFO:NIFTY2641323850CE","OPTION","2026-04-13T09:44:15Z","ONE_MINUTE","0.55","0.9","0.3","0.3","30490785","36985910"
"4924a004","2026-04-13T10:10:15.135401900Z","NIFTY","CE","NFO:NIFTY2641323850CE","OPTION","2026-04-13T09:45:15Z","ONE_MINUTE","0.3","0.3","0.25","0.3","18413850","36985910"
"4924a004","2026-04-13T10:10:15.135401900Z","NIFTY","CE","NFO:NIFTY2641323850CE","OPTION","2026-04-13T09:46:15Z","ONE_MINUTE","0.3","0.3","0.15","0.15","14669330","36985910"
"4924a004","2026-04-13T10:10:15.135401900Z","NIFTY","CE","NFO:NIFTY2641323850CE","OPTION","2026-04-13T09:47:15Z","ONE_MINUTE","0.15","0.2","0.1","0.15","17461210","34539245"
"4924a004","2026-04-13T10:10:15.135401900Z","NIFTY","CE","NFO:NIFTY2641323850CE","OPTION","2026-04-13T09:48:15Z","ONE_MINUTE","0.1","0.15","0.1","0.1","5981495","34539245"
"4924a004","2026-04-13T10:10:15.135401900Z","NIFTY","CE","NFO:NIFTY2641323850CE","OPTION","2026-04-13T09:49:15Z","ONE_MINUTE","0.1","0.15","0.1","0.15","6784375","34539245"
"4924a004","2026-04-13T10:10:15.135401900Z","NIFTY","CE","NFO:NIFTY2641323850CE","OPTION","2026-04-13T09:50:15Z","ONE_MINUTE","0.15","0.15","0.05","0.05","8945430","31980455"
"4924a004","2026-04-13T10:10:15.135401900Z","NIFTY","CE","NFO:NIFTY2641323850CE","OPTION","2026-04-13T09:51:15Z","ONE_MINUTE","0.05","0.1","0.05","0.1","4979715","31980455"
"4924a004","2026-04-13T10:10:15.135401900Z","NIFTY","CE","NFO:NIFTY2641323850CE","OPTION","2026-04-13T09:52:15Z","ONE_MINUTE","0.1","0.1","0.05","0.05","3562325","31980455"
"4924a004","2026-04-13T10:10:15.135401900Z","NIFTY","CE","NFO:NIFTY2641323850CE","OPTION","2026-04-13T09:53:15Z","ONE_MINUTE","0.05","0.1","0.05","0.05","9621365","27323660"
"4924a004","2026-04-13T10:10:15.135401900Z","NIFTY","CE","NFO:NIFTY2641323850CE","OPTION","2026-04-13T09:54:15Z","ONE_MINUTE","0.05","0.05","0.05","0.05","1173640","27323660"
"4924a004","2026-04-13T10:10:15.135401900Z","NIFTY","CE","NFO:NIFTY2641323850CE","OPTION","2026-04-13T09:55:15Z","ONE_MINUTE","0.05","0.05","0.05","0.05","1974505","27323660"
"4924a004","2026-04-13T10:10:15.135401900Z","NIFTY","CE","NFO:NIFTY2641323850CE","OPTION","2026-04-13T09:56:15Z","ONE_MINUTE","0.05","0.05","0.05","0.05","1419015","23581545"
"4924a004","2026-04-13T10:10:15.135401900Z","NIFTY","CE","NFO:NIFTY2641323850CE","OPTION","2026-04-13T09:57:15Z","ONE_MINUTE","0.05","0.05","0.05","0.05","1432600","23581545"
"4924a004","2026-04-13T10:10:15.135401900Z","NIFTY","CE","NFO:NIFTY2641323850CE","OPTION","2026-04-13T09:58:15Z","ONE_MINUTE","0.05","0.05","0.05","0.05","590070","23581545"
"4924a004","2026-04-13T10:10:15.135401900Z","NIFTY","CE","NFO:NIFTY2641323850CE","OPTION","2026-04-13T09:59:15Z","ONE_MINUTE","0.05","0.05","0.05","0.05","327795","21555365"
"8906d9f","2026-04-13T10:10:15.671346100Z","NIFTY","PE","NFO:NIFTY2641323850PE","UNDERLYING","2026-04-13T09:40:15Z","ONE_MINUTE","23834.15","23841.15","23832.1","23833","0","0"
"8906d9f","2026-04-13T10:10:15.671346100Z","NIFTY","PE","NFO:NIFTY2641323850PE","UNDERLYING","2026-04-13T09:41:15Z","ONE_MINUTE","23832.7","23850.6","23831","23847.45","0","0"
"8906d9f","2026-04-13T10:10:15.671346100Z","NIFTY","PE","NFO:NIFTY2641323850PE","UNDERLYING","2026-04-13T09:42:15Z","ONE_MINUTE","23846.55","23857.25","23838.95","23840.25","0","0"
"8906d9f","2026-04-13T10:10:15.671346100Z","NIFTY","PE","NFO:NIFTY2641323850PE","UNDERLYING","2026-04-13T09:43:15Z","ONE_MINUTE","23838.2","23838.95","23826.4","23830.6","0","0"
"8906d9f","2026-04-13T10:10:15.671346100Z","NIFTY","PE","NFO:NIFTY2641323850PE","UNDERLYING","2026-04-13T09:44:15Z","ONE_MINUTE","23829.95","23849.65","23829.95","23842.65","0","0"
"8906d9f","2026-04-13T10:10:15.671346100Z","NIFTY","PE","NFO:NIFTY2641323850PE","UNDERLYING","2026-04-13T09:45:15Z","ONE_MINUTE","23839.45","23842.45","23834.7","23837.15","0","0"
"8906d9f","2026-04-13T10:10:15.671346100Z","NIFTY","PE","NFO:NIFTY2641323850PE","UNDERLYING","2026-04-13T09:46:15Z","ONE_MINUTE","23836.55","23838.5","23827","23829","0","0"
"8906d9f","2026-04-13T10:10:15.671346100Z","NIFTY","PE","NFO:NIFTY2641323850PE","UNDERLYING","2026-04-13T09:47:15Z","ONE_MINUTE","23827.25","23840.45","23822.45","23839.3","0","0"
"8906d9f","2026-04-13T10:10:15.671346100Z","NIFTY","PE","NFO:NIFTY2641323850PE","UNDERLYING","2026-04-13T09:48:15Z","ONE_MINUTE","23837.4","23839.95","23834.55","23838.3","0","0"
"8906d9f","2026-04-13T10:10:15.671346100Z","NIFTY","PE","NFO:NIFTY2641323850PE","UNDERLYING","2026-04-13T09:49:15Z","ONE_MINUTE","23837.95","23838.4","23820.6","23822.35","0","0"
"8906d9f","2026-04-13T10:10:15.671346100Z","NIFTY","PE","NFO:NIFTY2641323850PE","UNDERLYING","2026-04-13T09:50:15Z","ONE_MINUTE","23822.05","23831.75","23819.35","23830.7","0","0"
"8906d9f","2026-04-13T10:10:15.671346100Z","NIFTY","PE","NFO:NIFTY2641323850PE","UNDERLYING","2026-04-13T09:51:15Z","ONE_MINUTE","23830.5","23832.15","23828.4","23830.65","0","0"
"8906d9f","2026-04-13T10:10:15.671346100Z","NIFTY","PE","NFO:NIFTY2641323850PE","UNDERLYING","2026-04-13T09:52:15Z","ONE_MINUTE","23830.5","23831.7","23821.8","23822.6","0","0"
"8906d9f","2026-04-13T10:10:15.671346100Z","NIFTY","PE","NFO:NIFTY2641323850PE","UNDERLYING","2026-04-13T09:53:15Z","ONE_MINUTE","23822.15","23822.6","23816.8","23820.65","0","0"
"8906d9f","2026-04-13T10:10:15.671346100Z","NIFTY","PE","NFO:NIFTY2641323850PE","UNDERLYING","2026-04-13T09:54:15Z","ONE_MINUTE","23820.95","23823.35","23819.5","23819.75","0","0"
"8906d9f","2026-04-13T10:10:15.671346100Z","NIFTY","PE","NFO:NIFTY2641323850PE","UNDERLYING","2026-04-13T09:55:15Z","ONE_MINUTE","23820.4","23826","23816.15","23822.95","0","0"
"8906d9f","2026-04-13T10:10:15.671346100Z","NIFTY","PE","NFO:NIFTY2641323850PE","UNDERLYING","2026-04-13T09:56:15Z","ONE_MINUTE","23822.5","23822.65","23818.75","23821.75","0","0"
"8906d9f","2026-04-13T10:10:15.671346100Z","NIFTY","PE","NFO:NIFTY2641323850PE","UNDERLYING","2026-04-13T09:57:15Z","ONE_MINUTE","23822.45","23827.8","23819.85","23826.65","0","0"
"8906d9f","2026-04-13T10:10:15.671346100Z","NIFTY","PE","NFO:NIFTY2641323850PE","UNDERLYING","2026-04-13T09:58:15Z","ONE_MINUTE","23826.35","23827.6","23818.6","23822.55","0","0"
"8906d9f","2026-04-13T10:10:15.671346100Z","NIFTY","PE","NFO:NIFTY2641323850PE","UNDERLYING","2026-04-13T09:59:15Z","ONE_MINUTE","23822.85","23826.6","23814.65","23818.9","0","0"
"8906d9f","2026-04-13T10:10:15.671346100Z","NIFTY","PE","NFO:NIFTY2641323850PE","OPTION","2026-04-13T09:40:15Z","ONE_MINUTE","23.15","23.3","15.5","16.9","18511090","26022880"
"8906d9f","2026-04-13T10:10:15.671346100Z","NIFTY","PE","NFO:NIFTY2641323850PE","OPTION","2026-04-13T09:41:15Z","ONE_MINUTE","16.85","18.7","10.8","15.1","24311365","23864880"
"8906d9f","2026-04-13T10:10:15.671346100Z","NIFTY","PE","NFO:NIFTY2641323850PE","OPTION","2026-04-13T09:42:15Z","ONE_MINUTE","14.2","15.8","7.45","14.8","29782675","23864880"
"8906d9f","2026-04-13T10:10:15.671346100Z","NIFTY","PE","NFO:NIFTY2641323850PE","OPTION","2026-04-13T09:43:15Z","ONE_MINUTE","15.4","18","13.65","14","17128670","23864880"
"8906d9f","2026-04-13T10:10:15.671346100Z","NIFTY","PE","NFO:NIFTY2641323850PE","OPTION","2026-04-13T09:44:15Z","ONE_MINUTE","13.6","15.4","10.4","14.1","17337385","23603060"
"8906d9f","2026-04-13T10:10:15.671346100Z","NIFTY","PE","NFO:NIFTY2641323850PE","OPTION","2026-04-13T09:45:15Z","ONE_MINUTE","13.95","15.4","11.8","12","11114935","23603060"
"8906d9f","2026-04-13T10:10:15.671346100Z","NIFTY","PE","NFO:NIFTY2641323850PE","OPTION","2026-04-13T09:46:15Z","ONE_MINUTE","11.95","12.95","10.75","12.6","12002380","23603060"
"8906d9f","2026-04-13T10:10:15.671346100Z","NIFTY","PE","NFO:NIFTY2641323850PE","OPTION","2026-04-13T09:47:15Z","ONE_MINUTE","12.65","14.4","10.7","10.7","14986335","24049675"
"8906d9f","2026-04-13T10:10:15.671346100Z","NIFTY","PE","NFO:NIFTY2641323850PE","OPTION","2026-04-13T09:48:15Z","ONE_MINUTE","10.7","13","8.95","8.95","12291370","24049675"
"8906d9f","2026-04-13T10:10:15.671346100Z","NIFTY","PE","NFO:NIFTY2641323850PE","OPTION","2026-04-13T09:49:15Z","ONE_MINUTE","8.65","14.55","8.55","14.4","16477825","24049675"
"8906d9f","2026-04-13T10:10:15.671346100Z","NIFTY","PE","NFO:NIFTY2641323850PE","OPTION","2026-04-13T09:50:15Z","ONE_MINUTE","14.35","14.35","10.9","11.1","10197915","20698860"
"8906d9f","2026-04-13T10:10:15.671346100Z","NIFTY","PE","NFO:NIFTY2641323850PE","OPTION","2026-04-13T09:51:15Z","ONE_MINUTE","10.75","11.6","9.4","10.15","9445475","20698860"
"8906d9f","2026-04-13T10:10:15.671346100Z","NIFTY","PE","NFO:NIFTY2641323850PE","OPTION","2026-04-13T09:52:15Z","ONE_MINUTE","10.1","11.65","9.9","10.9","7435415","20698860"
"8906d9f","2026-04-13T10:10:15.671346100Z","NIFTY","PE","NFO:NIFTY2641323850PE","OPTION","2026-04-13T09:53:15Z","ONE_MINUTE","10.9","12.55","10.35","10.35","7554755","18194410"
"8906d9f","2026-04-13T10:10:15.671346100Z","NIFTY","PE","NFO:NIFTY2641323850PE","OPTION","2026-04-13T09:54:15Z","ONE_MINUTE","10.2","10.45","9.4","10.1","9610705","18194410"
"8906d9f","2026-04-13T10:10:15.671346100Z","NIFTY","PE","NFO:NIFTY2641323850PE","OPTION","2026-04-13T09:55:15Z","ONE_MINUTE","10","10.15","8.45","8.65","9452170","18194410"
"8906d9f","2026-04-13T10:10:15.671346100Z","NIFTY","PE","NFO:NIFTY2641323850PE","OPTION","2026-04-13T09:56:15Z","ONE_MINUTE","8.8","9.15","7.45","7.7","8539765","14261715"
"8906d9f","2026-04-13T10:10:15.671346100Z","NIFTY","PE","NFO:NIFTY2641323850PE","OPTION","2026-04-13T09:57:15Z","ONE_MINUTE","7.8","7.85","6.85","6.9","7542080","14261715"
"8906d9f","2026-04-13T10:10:15.671346100Z","NIFTY","PE","NFO:NIFTY2641323850PE","OPTION","2026-04-13T09:58:15Z","ONE_MINUTE","6.95","7.3","6.8","7.05","5545865","14261715"
"8906d9f","2026-04-13T10:10:15.671346100Z","NIFTY","PE","NFO:NIFTY2641323850PE","OPTION","2026-04-13T09:59:15Z","ONE_MINUTE","7","7.4","7","7.35","4443530","11434995"
"2a56edc1","2026-04-13T10:11:16.468025100Z","NIFTY","CE","NFO:NIFTY2641323850CE","UNDERLYING","2026-04-13T09:41:16Z","ONE_MINUTE","23832.65","23850.6","23831","23846.05","0","0"
"2a56edc1","2026-04-13T10:11:16.468025100Z","NIFTY","CE","NFO:NIFTY2641323850CE","UNDERLYING","2026-04-13T09:42:16Z","ONE_MINUTE","23846.85","23857.25","23838.2","23838.2","0","0"
"2a56edc1","2026-04-13T10:11:16.468025100Z","NIFTY","CE","NFO:NIFTY2641323850CE","UNDERLYING","2026-04-13T09:43:16Z","ONE_MINUTE","23838.75","23838.95","23826.4","23830.3","0","0"
"2a56edc1","2026-04-13T10:11:16.468025100Z","NIFTY","CE","NFO:NIFTY2641323850CE","UNDERLYING","2026-04-13T09:44:16Z","ONE_MINUTE","23830.1","23849.65","23830.1","23841.65","0","0"
"2a56edc1","2026-04-13T10:11:16.468025100Z","NIFTY","CE","NFO:NIFTY2641323850CE","UNDERLYING","2026-04-13T09:45:16Z","ONE_MINUTE","23841.85","23842.45","23834.7","23836.55","0","0"
"2a56edc1","2026-04-13T10:11:16.468025100Z","NIFTY","CE","NFO:NIFTY2641323850CE","UNDERLYING","2026-04-13T09:46:16Z","ONE_MINUTE","23835.95","23838.5","23827","23828.85","0","0"
"2a56edc1","2026-04-13T10:11:16.468025100Z","NIFTY","CE","NFO:NIFTY2641323850CE","UNDERLYING","2026-04-13T09:47:16Z","ONE_MINUTE","23827.5","23840.45","23822.45","23837.85","0","0"
"2a56edc1","2026-04-13T10:11:16.468025100Z","NIFTY","CE","NFO:NIFTY2641323850CE","UNDERLYING","2026-04-13T09:48:16Z","ONE_MINUTE","23838.9","23839.95","23834.55","23837.25","0","0"
"2a56edc1","2026-04-13T10:11:16.468025100Z","NIFTY","CE","NFO:NIFTY2641323850CE","UNDERLYING","2026-04-13T09:49:16Z","ONE_MINUTE","23838.4","23838.4","23820.6","23822.35","0","0"
"2a56edc1","2026-04-13T10:11:16.468025100Z","NIFTY","CE","NFO:NIFTY2641323850CE","UNDERLYING","2026-04-13T09:50:16Z","ONE_MINUTE","23822.35","23831.75","23819.35","23830.7","0","0"
"2a56edc1","2026-04-13T10:11:16.468025100Z","NIFTY","CE","NFO:NIFTY2641323850CE","UNDERLYING","2026-04-13T09:51:16Z","ONE_MINUTE","23829.75","23832.15","23828.4","23830.75","0","0"
"2a56edc1","2026-04-13T10:11:16.468025100Z","NIFTY","CE","NFO:NIFTY2641323850CE","UNDERLYING","2026-04-13T09:52:16Z","ONE_MINUTE","23830.75","23831.7","23821.8","23822.6","0","0"
"2a56edc1","2026-04-13T10:11:16.468025100Z","NIFTY","CE","NFO:NIFTY2641323850CE","UNDERLYING","2026-04-13T09:53:16Z","ONE_MINUTE","23822.6","23822.6","23816.8","23821.25","0","0"
"2a56edc1","2026-04-13T10:11:16.468025100Z","NIFTY","CE","NFO:NIFTY2641323850CE","UNDERLYING","2026-04-13T09:54:16Z","ONE_MINUTE","23821.9","23823.35","23819.5","23820.2","0","0"
"2a56edc1","2026-04-13T10:11:16.468025100Z","NIFTY","CE","NFO:NIFTY2641323850CE","UNDERLYING","2026-04-13T09:55:16Z","ONE_MINUTE","23820.1","23826","23816.15","23822.05","0","0"
"2a56edc1","2026-04-13T10:11:16.468025100Z","NIFTY","CE","NFO:NIFTY2641323850CE","UNDERLYING","2026-04-13T09:56:16Z","ONE_MINUTE","23821.65","23822.65","23818.75","23821.65","0","0"
"2a56edc1","2026-04-13T10:11:16.468025100Z","NIFTY","CE","NFO:NIFTY2641323850CE","UNDERLYING","2026-04-13T09:57:16Z","ONE_MINUTE","23822.75","23827.8","23819.85","23826.05","0","0"
"2a56edc1","2026-04-13T10:11:16.468025100Z","NIFTY","CE","NFO:NIFTY2641323850CE","UNDERLYING","2026-04-13T09:58:16Z","ONE_MINUTE","23826.65","23827.6","23818.6","23822.75","0","0"
"2a56edc1","2026-04-13T10:11:16.468025100Z","NIFTY","CE","NFO:NIFTY2641323850CE","UNDERLYING","2026-04-13T09:59:16Z","ONE_MINUTE","23822.3","23826.6","23814.65","23818.9","0","0"
"2a56edc1","2026-04-13T10:11:16.468025100Z","NIFTY","CE","NFO:NIFTY2641323850CE","OPTION","2026-04-13T09:41:16Z","ONE_MINUTE","0.9","1.8","0.65","1.3","37906960","36159760"
"2a56edc1","2026-04-13T10:11:16.468025100Z","NIFTY","CE","NFO:NIFTY2641323850CE","OPTION","2026-04-13T09:42:16Z","ONE_MINUTE","1.3","2.7","0.65","0.75","57836480","36159760"
"2a56edc1","2026-04-13T10:11:16.468025100Z","NIFTY","CE","NFO:NIFTY2641323850CE","OPTION","2026-04-13T09:43:16Z","ONE_MINUTE","0.75","0.8","0.5","0.55","32865300","36159760"
"2a56edc1","2026-04-13T10:11:16.468025100Z","NIFTY","CE","NFO:NIFTY2641323850CE","OPTION","2026-04-13T09:44:16Z","ONE_MINUTE","0.55","0.9","0.3","0.3","31533255","36985910"
"2a56edc1","2026-04-13T10:11:16.468025100Z","NIFTY","CE","NFO:NIFTY2641323850CE","OPTION","2026-04-13T09:45:16Z","ONE_MINUTE","0.25","0.3","0.25","0.3","17570475","36985910"
"2a56edc1","2026-04-13T10:11:16.468025100Z","NIFTY","CE","NFO:NIFTY2641323850CE","OPTION","2026-04-13T09:46:16Z","ONE_MINUTE","0.25","0.3","0.15","0.15","14470235","36985910"
"2a56edc1","2026-04-13T10:11:16.468025100Z","NIFTY","CE","NFO:NIFTY2641323850CE","OPTION","2026-04-13T09:47:16Z","ONE_MINUTE","0.15","0.2","0.1","0.1","17461210","34539245"
"2a56edc1","2026-04-13T10:11:16.468025100Z","NIFTY","CE","NFO:NIFTY2641323850CE","OPTION","2026-04-13T09:48:16Z","ONE_MINUTE","0.15","0.15","0.1","0.1","6296875","34539245"
"2a56edc1","2026-04-13T10:11:16.468025100Z","NIFTY","CE","NFO:NIFTY2641323850CE","OPTION","2026-04-13T09:49:16Z","ONE_MINUTE","0.1","0.15","0.1","0.15","6468995","34539245"
"2a56edc1","2026-04-13T10:11:16.468025100Z","NIFTY","CE","NFO:NIFTY2641323850CE","OPTION","2026-04-13T09:50:16Z","ONE_MINUTE","0.1","0.15","0.05","0.05","9119305","31980455"
"2a56edc1","2026-04-13T10:11:16.468025100Z","NIFTY","CE","NFO:NIFTY2641323850CE","OPTION","2026-04-13T09:51:16Z","ONE_MINUTE","0.05","0.1","0.05","0.1","4805840","31980455"
"2a56edc1","2026-04-13T10:11:16.468025100Z","NIFTY","CE","NFO:NIFTY2641323850CE","OPTION","2026-04-13T09:52:16Z","ONE_MINUTE","0.05","0.1","0.05","0.05","3812900","31980455"
"2a56edc1","2026-04-13T10:11:16.468025100Z","NIFTY","CE","NFO:NIFTY2641323850CE","OPTION","2026-04-13T09:53:16Z","ONE_MINUTE","0.1","0.1","0.05","0.05","9401600","27323660"
"2a56edc1","2026-04-13T10:11:16.468025100Z","NIFTY","CE","NFO:NIFTY2641323850CE","OPTION","2026-04-13T09:54:16Z","ONE_MINUTE","0.05","0.05","0.05","0.05","1163370","27323660"
"2a56edc1","2026-04-13T10:11:16.468025100Z","NIFTY","CE","NFO:NIFTY2641323850CE","OPTION","2026-04-13T09:55:16Z","ONE_MINUTE","0.05","0.05","0.05","0.05","1997125","27323660"
"2a56edc1","2026-04-13T10:11:16.468025100Z","NIFTY","CE","NFO:NIFTY2641323850CE","OPTION","2026-04-13T09:56:16Z","ONE_MINUTE","0.05","0.05","0.05","0.05","1423045","23581545"
"2a56edc1","2026-04-13T10:11:16.468025100Z","NIFTY","CE","NFO:NIFTY2641323850CE","OPTION","2026-04-13T09:57:16Z","ONE_MINUTE","0.05","0.05","0.05","0.05","1385410","23581545"
"2a56edc1","2026-04-13T10:11:16.468025100Z","NIFTY","CE","NFO:NIFTY2641323850CE","OPTION","2026-04-13T09:58:16Z","ONE_MINUTE","0.05","0.05","0.05","0.05","590070","23581545"
"2a56edc1","2026-04-13T10:11:16.468025100Z","NIFTY","CE","NFO:NIFTY2641323850CE","OPTION","2026-04-13T09:59:16Z","ONE_MINUTE","0.05","0.05","0.05","0.05","327795","21555365"
"afa14a8a","2026-04-13T10:11:16.610297200Z","NIFTY","PE","NFO:NIFTY2641323850PE","UNDERLYING","2026-04-13T09:41:16Z","ONE_MINUTE","23832.65","23850.6","23831","23846.05","0","0"
"afa14a8a","2026-04-13T10:11:16.610297200Z","NIFTY","PE","NFO:NIFTY2641323850PE","UNDERLYING","2026-04-13T09:42:16Z","ONE_MINUTE","23846.85","23857.25","23838.2","23838.2","0","0"
"afa14a8a","2026-04-13T10:11:16.610297200Z","NIFTY","PE","NFO:NIFTY2641323850PE","UNDERLYING","2026-04-13T09:43:16Z","ONE_MINUTE","23838.75","23838.95","23826.4","23830.3","0","0"
"afa14a8a","2026-04-13T10:11:16.610297200Z","NIFTY","PE","NFO:NIFTY2641323850PE","UNDERLYING","2026-04-13T09:44:16Z","ONE_MINUTE","23830.1","23849.65","23830.1","23841.65","0","0"
"afa14a8a","2026-04-13T10:11:16.610297200Z","NIFTY","PE","NFO:NIFTY2641323850PE","UNDERLYING","2026-04-13T09:45:16Z","ONE_MINUTE","23841.85","23842.45","23834.7","23836.55","0","0"
"afa14a8a","2026-04-13T10:11:16.610297200Z","NIFTY","PE","NFO:NIFTY2641323850PE","UNDERLYING","2026-04-13T09:46:16Z","ONE_MINUTE","23835.95","23838.5","23827","23828.85","0","0"
"afa14a8a","2026-04-13T10:11:16.610297200Z","NIFTY","PE","NFO:NIFTY2641323850PE","UNDERLYING","2026-04-13T09:47:16Z","ONE_MINUTE","23827.5","23840.45","23822.45","23837.85","0","0"
"afa14a8a","2026-04-13T10:11:16.610297200Z","NIFTY","PE","NFO:NIFTY2641323850PE","UNDERLYING","2026-04-13T09:48:16Z","ONE_MINUTE","23838.9","23839.95","23834.55","23837.25","0","0"
"afa14a8a","2026-04-13T10:11:16.610297200Z","NIFTY","PE","NFO:NIFTY2641323850PE","UNDERLYING","2026-04-13T09:49:16Z","ONE_MINUTE","23838.4","23838.4","23820.6","23822.35","0","0"
"afa14a8a","2026-04-13T10:11:16.610297200Z","NIFTY","PE","NFO:NIFTY2641323850PE","UNDERLYING","2026-04-13T09:50:16Z","ONE_MINUTE","23822.35","23831.75","23819.35","23830.7","0","0"
"afa14a8a","2026-04-13T10:11:16.610297200Z","NIFTY","PE","NFO:NIFTY2641323850PE","UNDERLYING","2026-04-13T09:51:16Z","ONE_MINUTE","23829.75","23832.15","23828.4","23830.75","0","0"
"afa14a8a","2026-04-13T10:11:16.610297200Z","NIFTY","PE","NFO:NIFTY2641323850PE","UNDERLYING","2026-04-13T09:52:16Z","ONE_MINUTE","23830.75","23831.7","23821.8","23822.6","0","0"
"afa14a8a","2026-04-13T10:11:16.610297200Z","NIFTY","PE","NFO:NIFTY2641323850PE","UNDERLYING","2026-04-13T09:53:16Z","ONE_MINUTE","23822.6","23822.6","23816.8","23821.25","0","0"
"afa14a8a","2026-04-13T10:11:16.610297200Z","NIFTY","PE","NFO:NIFTY2641323850PE","UNDERLYING","2026-04-13T09:54:16Z","ONE_MINUTE","23821.9","23823.35","23819.5","23820.2","0","0"
"afa14a8a","2026-04-13T10:11:16.610297200Z","NIFTY","PE","NFO:NIFTY2641323850PE","UNDERLYING","2026-04-13T09:55:16Z","ONE_MINUTE","23820.1","23826","23816.15","23822.05","0","0"
"afa14a8a","2026-04-13T10:11:16.610297200Z","NIFTY","PE","NFO:NIFTY2641323850PE","UNDERLYING","2026-04-13T09:56:16Z","ONE_MINUTE","23821.65","23822.65","23818.75","23821.65","0","0"
"afa14a8a","2026-04-13T10:11:16.610297200Z","NIFTY","PE","NFO:NIFTY2641323850PE","UNDERLYING","2026-04-13T09:57:16Z","ONE_MINUTE","23822.75","23827.8","23819.85","23826.05","0","0"
"afa14a8a","2026-04-13T10:11:16.610297200Z","NIFTY","PE","NFO:NIFTY2641323850PE","UNDERLYING","2026-04-13T09:58:16Z","ONE_MINUTE","23826.65","23827.6","23818.6","23822.75","0","0"
"afa14a8a","2026-04-13T10:11:16.610297200Z","NIFTY","PE","NFO:NIFTY2641323850PE","UNDERLYING","2026-04-13T09:59:16Z","ONE_MINUTE","23822.3","23826.6","23814.65","23818.9","0","0"
"afa14a8a","2026-04-13T10:11:16.610297200Z","NIFTY","PE","NFO:NIFTY2641323850PE","OPTION","2026-04-13T09:41:16Z","ONE_MINUTE","17.1","18.7","10.8","13.7","25030330","23864880"
"afa14a8a","2026-04-13T10:11:16.610297200Z","NIFTY","PE","NFO:NIFTY2641323850PE","OPTION","2026-04-13T09:42:16Z","ONE_MINUTE","13.65","15.8","7.45","15.35","29396250","23864880"
"afa14a8a","2026-04-13T10:11:16.610297200Z","NIFTY","PE","NFO:NIFTY2641323850PE","OPTION","2026-04-13T09:43:16Z","ONE_MINUTE","16.4","18","13.6","13.6","16796130","23864880"
"afa14a8a","2026-04-13T10:11:16.610297200Z","NIFTY","PE","NFO:NIFTY2641323850PE","OPTION","2026-04-13T09:44:16Z","ONE_MINUTE","13.3","15.4","10.4","14","17654845","23603060"
"afa14a8a","2026-04-13T10:11:16.610297200Z","NIFTY","PE","NFO:NIFTY2641323850PE","OPTION","2026-04-13T09:45:16Z","ONE_MINUTE","14.25","15.4","11.8","12.1","11176295","23603060"
"afa14a8a","2026-04-13T10:11:16.610297200Z","NIFTY","PE","NFO:NIFTY2641323850PE","OPTION","2026-04-13T09:46:16Z","ONE_MINUTE","12.5","12.95","10.75","12.65","11623560","23603060"
"afa14a8a","2026-04-13T10:11:16.610297200Z","NIFTY","PE","NFO:NIFTY2641323850PE","OPTION","2026-04-13T09:47:16Z","ONE_MINUTE","12.75","14.4","10.7","10.7","14986335","24049675"
"afa14a8a","2026-04-13T10:11:16.610297200Z","NIFTY","PE","NFO:NIFTY2641323850PE","OPTION","2026-04-13T09:48:16Z","ONE_MINUTE","11.15","13","8.65","8.95","13243490","24049675"
"afa14a8a","2026-04-13T10:11:16.610297200Z","NIFTY","PE","NFO:NIFTY2641323850PE","OPTION","2026-04-13T09:49:16Z","ONE_MINUTE","8.65","14.55","8.55","14.35","15525705","24049675"
"afa14a8a","2026-04-13T10:11:16.610297200Z","NIFTY","PE","NFO:NIFTY2641323850PE","OPTION","2026-04-13T09:50:16Z","ONE_MINUTE","14.25","14.35","10.7","10.7","10397335","20698860"
"afa14a8a","2026-04-13T10:11:16.610297200Z","NIFTY","PE","NFO:NIFTY2641323850PE","OPTION","2026-04-13T09:51:16Z","ONE_MINUTE","10.75","11.6","9.4","10.1","9246055","20698860"
"afa14a8a","2026-04-13T10:11:16.610297200Z","NIFTY","PE","NFO:NIFTY2641323850PE","OPTION","2026-04-13T09:52:16Z","ONE_MINUTE","10.2","11.65","9.9","11","7694310","20698860"
"afa14a8a","2026-04-13T10:11:16.610297200Z","NIFTY","PE","NFO:NIFTY2641323850PE","OPTION","2026-04-13T09:53:16Z","ONE_MINUTE","10.95","12.55","10.2","10.25","7608640","18194410"
"afa14a8a","2026-04-13T10:11:16.610297200Z","NIFTY","PE","NFO:NIFTY2641323850PE","OPTION","2026-04-13T09:54:16Z","ONE_MINUTE","10.15","10.45","9.4","10.05","9464780","18194410"
"afa14a8a","2026-04-13T10:11:16.610297200Z","NIFTY","PE","NFO:NIFTY2641323850PE","OPTION","2026-04-13T09:55:16Z","ONE_MINUTE","10.05","10.15","8.45","8.8","9484865","18194410"
"afa14a8a","2026-04-13T10:11:16.610297200Z","NIFTY","PE","NFO:NIFTY2641323850PE","OPTION","2026-04-13T09:56:16Z","ONE_MINUTE","8.8","9.15","7.45","7.7","8523320","14261715"
"afa14a8a","2026-04-13T10:11:16.610297200Z","NIFTY","PE","NFO:NIFTY2641323850PE","OPTION","2026-04-13T09:57:16Z","ONE_MINUTE","7.65","7.85","6.85","6.95","7358975","14261715"
"afa14a8a","2026-04-13T10:11:16.610297200Z","NIFTY","PE","NFO:NIFTY2641323850PE","OPTION","2026-04-13T09:58:16Z","ONE_MINUTE","6.85","7.3","6.8","7.05","5545865","14261715"
"afa14a8a","2026-04-13T10:11:16.610297200Z","NIFTY","PE","NFO:NIFTY2641323850PE","OPTION","2026-04-13T09:59:16Z","ONE_MINUTE","7","7.4","7","7.35","4443530","11434995"
"bc699f18","2026-04-13T10:12:17.092076100Z","NIFTY","CE","NFO:NIFTY2641323850CE","UNDERLYING","2026-04-13T09:42:16Z","ONE_MINUTE","23846.85","23857.25","23838.2","23838.2","0","0"
"bc699f18","2026-04-13T10:12:17.092076100Z","NIFTY","CE","NFO:NIFTY2641323850CE","UNDERLYING","2026-04-13T09:43:16Z","ONE_MINUTE","23838.75","23838.95","23826.4","23830.3","0","0"
"bc699f18","2026-04-13T10:12:17.092076100Z","NIFTY","CE","NFO:NIFTY2641323850CE","UNDERLYING","2026-04-13T09:44:16Z","ONE_MINUTE","23830.1","23849.65","23830.1","23841.65","0","0"
"bc699f18","2026-04-13T10:12:17.092076100Z","NIFTY","CE","NFO:NIFTY2641323850CE","UNDERLYING","2026-04-13T09:45:16Z","ONE_MINUTE","23841.85","23842.45","23834.7","23836.55","0","0"
"bc699f18","2026-04-13T10:12:17.092076100Z","NIFTY","CE","NFO:NIFTY2641323850CE","UNDERLYING","2026-04-13T09:46:16Z","ONE_MINUTE","23835.95","23838.5","23827","23828.85","0","0"
"bc699f18","2026-04-13T10:12:17.092076100Z","NIFTY","CE","NFO:NIFTY2641323850CE","UNDERLYING","2026-04-13T09:47:16Z","ONE_MINUTE","23827.5","23840.45","23822.45","23837.85","0","0"
"bc699f18","2026-04-13T10:12:17.092076100Z","NIFTY","CE","NFO:NIFTY2641323850CE","UNDERLYING","2026-04-13T09:48:16Z","ONE_MINUTE","23838.9","23839.95","23834.55","23837.25","0","0"
"bc699f18","2026-04-13T10:12:17.092076100Z","NIFTY","CE","NFO:NIFTY2641323850CE","UNDERLYING","2026-04-13T09:49:16Z","ONE_MINUTE","23838.4","23838.4","23820.6","23822.35","0","0"
"bc699f18","2026-04-13T10:12:17.092076100Z","NIFTY","CE","NFO:NIFTY2641323850CE","UNDERLYING","2026-04-13T09:50:16Z","ONE_MINUTE","23822.35","23831.75","23819.35","23830.7","0","0"
"bc699f18","2026-04-13T10:12:17.092076100Z","NIFTY","CE","NFO:NIFTY2641323850CE","UNDERLYING","2026-04-13T09:51:16Z","ONE_MINUTE","23829.75","23832.15","23828.4","23830.75","0","0"
"bc699f18","2026-04-13T10:12:17.092076100Z","NIFTY","CE","NFO:NIFTY2641323850CE","UNDERLYING","2026-04-13T09:52:16Z","ONE_MINUTE","23830.75","23831.7","23821.8","23822.6","0","0"
"bc699f18","2026-04-13T10:12:17.092076100Z","NIFTY","CE","NFO:NIFTY2641323850CE","UNDERLYING","2026-04-13T09:53:16Z","ONE_MINUTE","23822.6","23822.6","23816.8","23821.25","0","0"
"bc699f18","2026-04-13T10:12:17.092076100Z","NIFTY","CE","NFO:NIFTY2641323850CE","UNDERLYING","2026-04-13T09:54:16Z","ONE_MINUTE","23821.9","23823.35","23819.5","23820.2","0","0"
"bc699f18","2026-04-13T10:12:17.092076100Z","NIFTY","CE","NFO:NIFTY2641323850CE","UNDERLYING","2026-04-13T09:55:16Z","ONE_MINUTE","23820.1","23826","23816.15","23822.05","0","0"
"bc699f18","2026-04-13T10:12:17.092076100Z","NIFTY","CE","NFO:NIFTY2641323850CE","UNDERLYING","2026-04-13T09:56:16Z","ONE_MINUTE","23821.65","23822.65","23818.75","23821.65","0","0"
"bc699f18","2026-04-13T10:12:17.092076100Z","NIFTY","CE","NFO:NIFTY2641323850CE","UNDERLYING","2026-04-13T09:57:16Z","ONE_MINUTE","23822.75","23827.8","23819.85","23826.05","0","0"
"bc699f18","2026-04-13T10:12:17.092076100Z","NIFTY","CE","NFO:NIFTY2641323850CE","UNDERLYING","2026-04-13T09:58:16Z","ONE_MINUTE","23826.65","23827.6","23818.6","23822.75","0","0"
"bc699f18","2026-04-13T10:12:17.092076100Z","NIFTY","CE","NFO:NIFTY2641323850CE","UNDERLYING","2026-04-13T09:59:16Z","ONE_MINUTE","23822.3","23826.6","23814.65","23818.9","0","0"
"bc699f18","2026-04-13T10:12:17.092076100Z","NIFTY","CE","NFO:NIFTY2641323850CE","OPTION","2026-04-13T09:42:17Z","ONE_MINUTE","1.25","2.7","0.65","0.7","58978530","36159760"
"bc699f18","2026-04-13T10:12:17.092076100Z","NIFTY","CE","NFO:NIFTY2641323850CE","OPTION","2026-04-13T09:43:17Z","ONE_MINUTE","0.65","0.8","0.5","0.55","32793020","36159760"
"bc699f18","2026-04-13T10:12:17.092076100Z","NIFTY","CE","NFO:NIFTY2641323850CE","OPTION","2026-04-13T09:44:17Z","ONE_MINUTE","0.55","0.9","0.25","0.25","30463485","36985910"
"bc699f18","2026-04-13T10:12:17.092076100Z","NIFTY","CE","NFO:NIFTY2641323850CE","OPTION","2026-04-13T09:45:17Z","ONE_MINUTE","0.3","0.3","0.25","0.25","17747925","36985910"
"bc699f18","2026-04-13T10:12:17.092076100Z","NIFTY","CE","NFO:NIFTY2641323850CE","OPTION","2026-04-13T09:46:17Z","ONE_MINUTE","0.25","0.3","0.15","0.15","14463280","36985910"
"bc699f18","2026-04-13T10:12:17.092076100Z","NIFTY","CE","NFO:NIFTY2641323850CE","OPTION","2026-04-13T09:47:17Z","ONE_MINUTE","0.15","0.2","0.1","0.1","17439305","34539245"
"bc699f18","2026-04-13T10:12:17.092076100Z","NIFTY","CE","NFO:NIFTY2641323850CE","OPTION","2026-04-13T09:48:17Z","ONE_MINUTE","0.1","0.15","0.1","0.15","6478420","34539245"
"bc699f18","2026-04-13T10:12:17.092076100Z","NIFTY","CE","NFO:NIFTY2641323850CE","OPTION","2026-04-13T09:49:17Z","ONE_MINUTE","0.1","0.15","0.1","0.1","6257745","34539245"
"bc699f18","2026-04-13T10:12:17.092076100Z","NIFTY","CE","NFO:NIFTY2641323850CE","OPTION","2026-04-13T09:50:17Z","ONE_MINUTE","0.15","0.15","0.05","0.05","9000420","31980455"
"bc699f18","2026-04-13T10:12:17.092076100Z","NIFTY","CE","NFO:NIFTY2641323850CE","OPTION","2026-04-13T09:51:17Z","ONE_MINUTE","0.1","0.1","0.05","0.05","4907565","31980455"
"bc699f18","2026-04-13T10:12:17.092076100Z","NIFTY","CE","NFO:NIFTY2641323850CE","OPTION","2026-04-13T09:52:17Z","ONE_MINUTE","0.1","0.1","0.05","0.1","3711175","31980455"
"bc699f18","2026-04-13T10:12:17.092076100Z","NIFTY","CE","NFO:NIFTY2641323850CE","OPTION","2026-04-13T09:53:17Z","ONE_MINUTE","0.05","0.1","0.05","0.05","9401600","27323660"
"bc699f18","2026-04-13T10:12:17.092076100Z","NIFTY","CE","NFO:NIFTY2641323850CE","OPTION","2026-04-13T09:54:17Z","ONE_MINUTE","0.05","0.05","0.05","0.05","1173575","27323660"
"bc699f18","2026-04-13T10:12:17.092076100Z","NIFTY","CE","NFO:NIFTY2641323850CE","OPTION","2026-04-13T09:55:17Z","ONE_MINUTE","0.05","0.05","0.05","0.05","1986920","27323660"
"bc699f18","2026-04-13T10:12:17.092076100Z","NIFTY","CE","NFO:NIFTY2641323850CE","OPTION","2026-04-13T09:56:17Z","ONE_MINUTE","0.05","0.05","0.05","0.05","1423045","23581545"
"bc699f18","2026-04-13T10:12:17.092076100Z","NIFTY","CE","NFO:NIFTY2641323850CE","OPTION","2026-04-13T09:57:17Z","ONE_MINUTE","0.05","0.05","0.05","0.05","1395875","23581545"
"bc699f18","2026-04-13T10:12:17.092076100Z","NIFTY","CE","NFO:NIFTY2641323850CE","OPTION","2026-04-13T09:58:17Z","ONE_MINUTE","0.05","0.05","0.05","0.05","585130","23581545"
"bc699f18","2026-04-13T10:12:17.092076100Z","NIFTY","CE","NFO:NIFTY2641323850CE","OPTION","2026-04-13T09:59:17Z","ONE_MINUTE","0.05","0.05","0.05","0.05","322270","21555365"
"e1eabcea","2026-04-13T10:12:17.228559800Z","NIFTY","PE","NFO:NIFTY2641323850PE","UNDERLYING","2026-04-13T09:42:17Z","ONE_MINUTE","23847.3","23857.25","23838.2","23838.95","0","0"
"e1eabcea","2026-04-13T10:12:17.228559800Z","NIFTY","PE","NFO:NIFTY2641323850PE","UNDERLYING","2026-04-13T09:43:17Z","ONE_MINUTE","23838.25","23838.65","23826.4","23832.25","0","0"
"e1eabcea","2026-04-13T10:12:17.228559800Z","NIFTY","PE","NFO:NIFTY2641323850PE","UNDERLYING","2026-04-13T09:44:17Z","ONE_MINUTE","23831.85","23849.65","23831.85","23842.25","0","0"
"e1eabcea","2026-04-13T10:12:17.228559800Z","NIFTY","PE","NFO:NIFTY2641323850PE","UNDERLYING","2026-04-13T09:45:17Z","ONE_MINUTE","23842.4","23842.45","23834.7","23837.1","0","0"
"e1eabcea","2026-04-13T10:12:17.228559800Z","NIFTY","PE","NFO:NIFTY2641323850PE","UNDERLYING","2026-04-13T09:46:17Z","ONE_MINUTE","23836.45","23838.5","23827","23828.55","0","0"
"e1eabcea","2026-04-13T10:12:17.228559800Z","NIFTY","PE","NFO:NIFTY2641323850PE","UNDERLYING","2026-04-13T09:47:17Z","ONE_MINUTE","23826.9","23840.45","23822.45","23838.9","0","0"
"e1eabcea","2026-04-13T10:12:17.228559800Z","NIFTY","PE","NFO:NIFTY2641323850PE","UNDERLYING","2026-04-13T09:48:17Z","ONE_MINUTE","23838.15","23839.95","23834.55","23838.15","0","0"
"e1eabcea","2026-04-13T10:12:17.228559800Z","NIFTY","PE","NFO:NIFTY2641323850PE","UNDERLYING","2026-04-13T09:49:17Z","ONE_MINUTE","23836.9","23838.4","23820.6","23822.45","0","0"
"e1eabcea","2026-04-13T10:12:17.228559800Z","NIFTY","PE","NFO:NIFTY2641323850PE","UNDERLYING","2026-04-13T09:50:17Z","ONE_MINUTE","23822.05","23831.75","23819.35","23830.75","0","0"
"e1eabcea","2026-04-13T10:12:17.228559800Z","NIFTY","PE","NFO:NIFTY2641323850PE","UNDERLYING","2026-04-13T09:51:17Z","ONE_MINUTE","23830.6","23832.15","23828.4","23830.45","0","0"
"e1eabcea","2026-04-13T10:12:17.228559800Z","NIFTY","PE","NFO:NIFTY2641323850PE","UNDERLYING","2026-04-13T09:52:17Z","ONE_MINUTE","23830.45","23831.7","23821.8","23821.9","0","0"
"e1eabcea","2026-04-13T10:12:17.228559800Z","NIFTY","PE","NFO:NIFTY2641323850PE","UNDERLYING","2026-04-13T09:53:17Z","ONE_MINUTE","23822.05","23822.05","23816.8","23819.65","0","0"
"e1eabcea","2026-04-13T10:12:17.228559800Z","NIFTY","PE","NFO:NIFTY2641323850PE","UNDERLYING","2026-04-13T09:54:17Z","ONE_MINUTE","23821","23823.35","23819.5","23820.4","0","0"
"e1eabcea","2026-04-13T10:12:17.228559800Z","NIFTY","PE","NFO:NIFTY2641323850PE","UNDERLYING","2026-04-13T09:55:17Z","ONE_MINUTE","23820.15","23826","23816.15","23821.95","0","0"
"e1eabcea","2026-04-13T10:12:17.228559800Z","NIFTY","PE","NFO:NIFTY2641323850PE","UNDERLYING","2026-04-13T09:56:17Z","ONE_MINUTE","23821.45","23822.75","23818.75","23821.9","0","0"
"e1eabcea","2026-04-13T10:12:17.228559800Z","NIFTY","PE","NFO:NIFTY2641323850PE","UNDERLYING","2026-04-13T09:57:17Z","ONE_MINUTE","23823.1","23827.8","23819.85","23826.95","0","0"
"e1eabcea","2026-04-13T10:12:17.228559800Z","NIFTY","PE","NFO:NIFTY2641323850PE","UNDERLYING","2026-04-13T09:58:17Z","ONE_MINUTE","23827.6","23827.6","23818.6","23821.3","0","0"
"e1eabcea","2026-04-13T10:12:17.228559800Z","NIFTY","PE","NFO:NIFTY2641323850PE","UNDERLYING","2026-04-13T09:59:17Z","ONE_MINUTE","23823.35","23826.6","23814.65","23818.9","0","0"
"e1eabcea","2026-04-13T10:12:17.228559800Z","NIFTY","PE","NFO:NIFTY2641323850PE","OPTION","2026-04-13T09:42:17Z","ONE_MINUTE","13.85","16.45","7.45","16.45","30037995","23864880"
"e1eabcea","2026-04-13T10:12:17.228559800Z","NIFTY","PE","NFO:NIFTY2641323850PE","OPTION","2026-04-13T09:43:17Z","ONE_MINUTE","17.1","18","13.05","13.05","16659110","23864880"
"e1eabcea","2026-04-13T10:12:17.228559800Z","NIFTY","PE","NFO:NIFTY2641323850PE","OPTION","2026-04-13T09:44:17Z","ONE_MINUTE","12.85","15.4","10.4","14.25","17150120","23603060"
"e1eabcea","2026-04-13T10:12:17.228559800Z","NIFTY","PE","NFO:NIFTY2641323850PE","OPTION","2026-04-13T09:45:17Z","ONE_MINUTE","14","15.4","11.8","12.45","11548810","23603060"
"e1eabcea","2026-04-13T10:12:17.228559800Z","NIFTY","PE","NFO:NIFTY2641323850PE","OPTION","2026-04-13T09:46:17Z","ONE_MINUTE","12.5","12.95","10.75","12.7","11453845","23603060"
"e1eabcea","2026-04-13T10:12:17.228559800Z","NIFTY","PE","NFO:NIFTY2641323850PE","OPTION","2026-04-13T09:47:17Z","ONE_MINUTE","12.75","14.4","10.7","11.3","15304315","24049675"
"e1eabcea","2026-04-13T10:12:17.228559800Z","NIFTY","PE","NFO:NIFTY2641323850PE","OPTION","2026-04-13T09:48:17Z","ONE_MINUTE","11.5","13","8.55","8.55","13735735","24049675"
"e1eabcea","2026-04-13T10:12:17.228559800Z","NIFTY","PE","NFO:NIFTY2641323850PE","OPTION","2026-04-13T09:49:17Z","ONE_MINUTE","8.9","14.55","8.9","14.35","14796080","24049675"
"e1eabcea","2026-04-13T10:12:17.228559800Z","NIFTY","PE","NFO:NIFTY2641323850PE","OPTION","2026-04-13T09:50:17Z","ONE_MINUTE","14.35","14.35","10.7","10.75","10113935","20698860"
"e1eabcea","2026-04-13T10:12:17.228559800Z","NIFTY","PE","NFO:NIFTY2641323850PE","OPTION","2026-04-13T09:51:17Z","ONE_MINUTE","10.7","11.6","9.4","10.05","9515090","20698860"
"e1eabcea","2026-04-13T10:12:17.228559800Z","NIFTY","PE","NFO:NIFTY2641323850PE","OPTION","2026-04-13T09:52:17Z","ONE_MINUTE","9.95","11.65","9.9","10.95","7425275","20698860"
"e1eabcea","2026-04-13T10:12:17.228559800Z","NIFTY","PE","NFO:NIFTY2641323850PE","OPTION","2026-04-13T09:53:17Z","ONE_MINUTE","11.1","12.55","10.15","10.15","7608640","18194410"
"e1eabcea","2026-04-13T10:12:17.228559800Z","NIFTY","PE","NFO:NIFTY2641323850PE","OPTION","2026-04-13T09:54:17Z","ONE_MINUTE","9.9","10.45","9.4","10.05","9574045","18194410"
"e1eabcea","2026-04-13T10:12:17.228559800Z","NIFTY","PE","NFO:NIFTY2641323850PE","OPTION","2026-04-13T09:55:17Z","ONE_MINUTE","10.05","10.15","8.45","8.8","9375600","18194410"
"e1eabcea","2026-04-13T10:12:17.228559800Z","NIFTY","PE","NFO:NIFTY2641323850PE","OPTION","2026-04-13T09:56:17Z","ONE_MINUTE","8.8","9.15","7.45","7.65","8523320","14261715"
"e1eabcea","2026-04-13T10:12:17.228559800Z","NIFTY","PE","NFO:NIFTY2641323850PE","OPTION","2026-04-13T09:57:17Z","ONE_MINUTE","7.7","7.85","6.85","6.95","7497815","14261715"
"e1eabcea","2026-04-13T10:12:17.228559800Z","NIFTY","PE","NFO:NIFTY2641323850PE","OPTION","2026-04-13T09:58:17Z","ONE_MINUTE","6.9","7.3","6.8","7","5548010","14261715"
"e1eabcea","2026-04-13T10:12:17.228559800Z","NIFTY","PE","NFO:NIFTY2641323850PE","OPTION","2026-04-13T09:59:17Z","ONE_MINUTE","7.1","7.4","7","7.35","4302545","11434995"
"8b0fc3a8","2026-04-13T10:13:17.748654600Z","NIFTY","CE","NFO:NIFTY2641323850CE","UNDERLYING","2026-04-13T09:43:17Z","ONE_MINUTE","23838.25","23838.65","23826.4","23832.25","0","0"
"8b0fc3a8","2026-04-13T10:13:17.748654600Z","NIFTY","CE","NFO:NIFTY2641323850CE","UNDERLYING","2026-04-13T09:44:17Z","ONE_MINUTE","23831.85","23849.65","23831.85","23842.25","0","0"
"8b0fc3a8","2026-04-13T10:13:17.748654600Z","NIFTY","CE","NFO:NIFTY2641323850CE","UNDERLYING","2026-04-13T09:45:17Z","ONE_MINUTE","23842.4","23842.45","23834.7","23837.1","0","0"
"8b0fc3a8","2026-04-13T10:13:17.748654600Z","NIFTY","CE","NFO:NIFTY2641323850CE","UNDERLYING","2026-04-13T09:46:17Z","ONE_MINUTE","23836.45","23838.5","23827","23828.55","0","0"
"8b0fc3a8","2026-04-13T10:13:17.748654600Z","NIFTY","CE","NFO:NIFTY2641323850CE","UNDERLYING","2026-04-13T09:47:17Z","ONE_MINUTE","23826.9","23840.45","23822.45","23838.9","0","0"
"8b0fc3a8","2026-04-13T10:13:17.748654600Z","NIFTY","CE","NFO:NIFTY2641323850CE","UNDERLYING","2026-04-13T09:48:17Z","ONE_MINUTE","23838.15","23839.95","23834.55","23838.15","0","0"
"8b0fc3a8","2026-04-13T10:13:17.748654600Z","NIFTY","CE","NFO:NIFTY2641323850CE","UNDERLYING","2026-04-13T09:49:17Z","ONE_MINUTE","23836.9","23838.4","23820.6","23822.45","0","0"
"8b0fc3a8","2026-04-13T10:13:17.748654600Z","NIFTY","CE","NFO:NIFTY2641323850CE","UNDERLYING","2026-04-13T09:50:17Z","ONE_MINUTE","23822.05","23831.75","23819.35","23830.75","0","0"
"8b0fc3a8","2026-04-13T10:13:17.748654600Z","NIFTY","CE","NFO:NIFTY2641323850CE","UNDERLYING","2026-04-13T09:51:17Z","ONE_MINUTE","23830.6","23832.15","23828.4","23830.45","0","0"
"8b0fc3a8","2026-04-13T10:13:17.748654600Z","NIFTY","CE","NFO:NIFTY2641323850CE","UNDERLYING","2026-04-13T09:52:17Z","ONE_MINUTE","23830.45","23831.7","23821.8","23821.9","0","0"
"8b0fc3a8","2026-04-13T10:13:17.748654600Z","NIFTY","CE","NFO:NIFTY2641323850CE","UNDERLYING","2026-04-13T09:53:17Z","ONE_MINUTE","23822.05","23822.05","23816.8","23819.65","0","0"
"8b0fc3a8","2026-04-13T10:13:17.748654600Z","NIFTY","CE","NFO:NIFTY2641323850CE","UNDERLYING","2026-04-13T09:54:17Z","ONE_MINUTE","23821","23823.35","23819.5","23820.4","0","0"
"8b0fc3a8","2026-04-13T10:13:17.748654600Z","NIFTY","CE","NFO:NIFTY2641323850CE","UNDERLYING","2026-04-13T09:55:17Z","ONE_MINUTE","23820.15","23826","23816.15","23821.95","0","0"
"8b0fc3a8","2026-04-13T10:13:17.748654600Z","NIFTY","CE","NFO:NIFTY2641323850CE","UNDERLYING","2026-04-13T09:56:17Z","ONE_MINUTE","23821.45","23822.75","23818.75","23821.9","0","0"
"8b0fc3a8","2026-04-13T10:13:17.748654600Z","NIFTY","CE","NFO:NIFTY2641323850CE","UNDERLYING","2026-04-13T09:57:17Z","ONE_MINUTE","23823.1","23827.8","23819.85","23826.95","0","0"
"8b0fc3a8","2026-04-13T10:13:17.748654600Z","NIFTY","CE","NFO:NIFTY2641323850CE","UNDERLYING","2026-04-13T09:58:17Z","ONE_MINUTE","23827.6","23827.6","23818.6","23821.3","0","0"
"8b0fc3a8","2026-04-13T10:13:17.748654600Z","NIFTY","CE","NFO:NIFTY2641323850CE","UNDERLYING","2026-04-13T09:59:17Z","ONE_MINUTE","23823.35","23826.6","23814.65","23818.9","0","0"
"8b0fc3a8","2026-04-13T10:13:17.748654600Z","NIFTY","CE","NFO:NIFTY2641323850CE","OPTION","2026-04-13T09:43:17Z","ONE_MINUTE","0.65","0.8","0.5","0.55","32793020","36159760"
"8b0fc3a8","2026-04-13T10:13:17.748654600Z","NIFTY","CE","NFO:NIFTY2641323850CE","OPTION","2026-04-13T09:44:17Z","ONE_MINUTE","0.55","0.9","0.25","0.25","30463485","36985910"
"8b0fc3a8","2026-04-13T10:13:17.748654600Z","NIFTY","CE","NFO:NIFTY2641323850CE","OPTION","2026-04-13T09:45:17Z","ONE_MINUTE","0.3","0.3","0.25","0.25","17747925","36985910"
"8b0fc3a8","2026-04-13T10:13:17.748654600Z","NIFTY","CE","NFO:NIFTY2641323850CE","OPTION","2026-04-13T09:46:17Z","ONE_MINUTE","0.25","0.3","0.15","0.15","14463280","36985910"
"8b0fc3a8","2026-04-13T10:13:17.748654600Z","NIFTY","CE","NFO:NIFTY2641323850CE","OPTION","2026-04-13T09:47:17Z","ONE_MINUTE","0.15","0.2","0.1","0.1","17439305","34539245"
"8b0fc3a8","2026-04-13T10:13:17.748654600Z","NIFTY","CE","NFO:NIFTY2641323850CE","OPTION","2026-04-13T09:48:17Z","ONE_MINUTE","0.1","0.15","0.1","0.15","6478420","34539245"
"8b0fc3a8","2026-04-13T10:13:17.748654600Z","NIFTY","CE","NFO:NIFTY2641323850CE","OPTION","2026-04-13T09:49:17Z","ONE_MINUTE","0.1","0.15","0.1","0.1","6257745","34539245"
"8b0fc3a8","2026-04-13T10:13:17.748654600Z","NIFTY","CE","NFO:NIFTY2641323850CE","OPTION","2026-04-13T09:50:17Z","ONE_MINUTE","0.15","0.15","0.05","0.05","9000420","31980455"
"8b0fc3a8","2026-04-13T10:13:17.748654600Z","NIFTY","CE","NFO:NIFTY2641323850CE","OPTION","2026-04-13T09:51:17Z","ONE_MINUTE","0.1","0.1","0.05","0.05","4907565","31980455"
"8b0fc3a8","2026-04-13T10:13:17.748654600Z","NIFTY","CE","NFO:NIFTY2641323850CE","OPTION","2026-04-13T09:52:17Z","ONE_MINUTE","0.1","0.1","0.05","0.1","3711175","31980455"
"8b0fc3a8","2026-04-13T10:13:17.748654600Z","NIFTY","CE","NFO:NIFTY2641323850CE","OPTION","2026-04-13T09:53:17Z","ONE_MINUTE","0.05","0.1","0.05","0.05","9401600","27323660"
"8b0fc3a8","2026-04-13T10:13:17.748654600Z","NIFTY","CE","NFO:NIFTY2641323850CE","OPTION","2026-04-13T09:54:17Z","ONE_MINUTE","0.05","0.05","0.05","0.05","1173575","27323660"
"8b0fc3a8","2026-04-13T10:13:17.748654600Z","NIFTY","CE","NFO:NIFTY2641323850CE","OPTION","2026-04-13T09:55:17Z","ONE_MINUTE","0.05","0.05","0.05","0.05","1986920","27323660"
"8b0fc3a8","2026-04-13T10:13:17.748654600Z","NIFTY","CE","NFO:NIFTY2641323850CE","OPTION","2026-04-13T09:56:17Z","ONE_MINUTE","0.05","0.05","0.05","0.05","1423045","23581545"
"8b0fc3a8","2026-04-13T10:13:17.748654600Z","NIFTY","CE","NFO:NIFTY2641323850CE","OPTION","2026-04-13T09:57:17Z","ONE_MINUTE","0.05","0.05","0.05","0.05","1395875","23581545"
"8b0fc3a8","2026-04-13T10:13:17.748654600Z","NIFTY","CE","NFO:NIFTY2641323850CE","OPTION","2026-04-13T09:58:17Z","ONE_MINUTE","0.05","0.05","0.05","0.05","585130","23581545"
"8b0fc3a8","2026-04-13T10:13:17.748654600Z","NIFTY","CE","NFO:NIFTY2641323850CE","OPTION","2026-04-13T09:59:17Z","ONE_MINUTE","0.05","0.05","0.05","0.05","322270","21555365"
"c3eb7a0f","2026-04-13T10:13:17.909765100Z","NIFTY","PE","NFO:NIFTY2641323850PE","UNDERLYING","2026-04-13T09:43:17Z","ONE_MINUTE","23838.25","23838.65","23826.4","23832.25","0","0"
"c3eb7a0f","2026-04-13T10:13:17.909765100Z","NIFTY","PE","NFO:NIFTY2641323850PE","UNDERLYING","2026-04-13T09:44:17Z","ONE_MINUTE","23831.85","23849.65","23831.85","23842.25","0","0"
"c3eb7a0f","2026-04-13T10:13:17.909765100Z","NIFTY","PE","NFO:NIFTY2641323850PE","UNDERLYING","2026-04-13T09:45:17Z","ONE_MINUTE","23842.4","23842.45","23834.7","23837.1","0","0"
"c3eb7a0f","2026-04-13T10:13:17.909765100Z","NIFTY","PE","NFO:NIFTY2641323850PE","UNDERLYING","2026-04-13T09:46:17Z","ONE_MINUTE","23836.45","23838.5","23827","23828.55","0","0"
"c3eb7a0f","2026-04-13T10:13:17.909765100Z","NIFTY","PE","NFO:NIFTY2641323850PE","UNDERLYING","2026-04-13T09:47:17Z","ONE_MINUTE","23826.9","23840.45","23822.45","23838.9","0","0"
"c3eb7a0f","2026-04-13T10:13:17.909765100Z","NIFTY","PE","NFO:NIFTY2641323850PE","UNDERLYING","2026-04-13T09:48:17Z","ONE_MINUTE","23838.15","23839.95","23834.55","23838.15","0","0"
"c3eb7a0f","2026-04-13T10:13:17.909765100Z","NIFTY","PE","NFO:NIFTY2641323850PE","UNDERLYING","2026-04-13T09:49:17Z","ONE_MINUTE","23836.9","23838.4","23820.6","23822.45","0","0"
"c3eb7a0f","2026-04-13T10:13:17.909765100Z","NIFTY","PE","NFO:NIFTY2641323850PE","UNDERLYING","2026-04-13T09:50:17Z","ONE_MINUTE","23822.05","23831.75","23819.35","23830.75","0","0"
"c3eb7a0f","2026-04-13T10:13:17.909765100Z","NIFTY","PE","NFO:NIFTY2641323850PE","UNDERLYING","2026-04-13T09:51:17Z","ONE_MINUTE","23830.6","23832.15","23828.4","23830.45","0","0"
"c3eb7a0f","2026-04-13T10:13:17.909765100Z","NIFTY","PE","NFO:NIFTY2641323850PE","UNDERLYING","2026-04-13T09:52:17Z","ONE_MINUTE","23830.45","23831.7","23821.8","23821.9","0","0"
"c3eb7a0f","2026-04-13T10:13:17.909765100Z","NIFTY","PE","NFO:NIFTY2641323850PE","UNDERLYING","2026-04-13T09:53:17Z","ONE_MINUTE","23822.05","23822.05","23816.8","23819.65","0","0"
"c3eb7a0f","2026-04-13T10:13:17.909765100Z","NIFTY","PE","NFO:NIFTY2641323850PE","UNDERLYING","2026-04-13T09:54:17Z","ONE_MINUTE","23821","23823.35","23819.5","23820.4","0","0"
"c3eb7a0f","2026-04-13T10:13:17.909765100Z","NIFTY","PE","NFO:NIFTY2641323850PE","UNDERLYING","2026-04-13T09:55:17Z","ONE_MINUTE","23820.15","23826","23816.15","23821.95","0","0"
"c3eb7a0f","2026-04-13T10:13:17.909765100Z","NIFTY","PE","NFO:NIFTY2641323850PE","UNDERLYING","2026-04-13T09:56:17Z","ONE_MINUTE","23821.45","23822.75","23818.75","23821.9","0","0"
"c3eb7a0f","2026-04-13T10:13:17.909765100Z","NIFTY","PE","NFO:NIFTY2641323850PE","UNDERLYING","2026-04-13T09:57:17Z","ONE_MINUTE","23823.1","23827.8","23819.85","23826.95","0","0"
"c3eb7a0f","2026-04-13T10:13:17.909765100Z","NIFTY","PE","NFO:NIFTY2641323850PE","UNDERLYING","2026-04-13T09:58:17Z","ONE_MINUTE","23827.6","23827.6","23818.6","23821.3","0","0"
"c3eb7a0f","2026-04-13T10:13:17.909765100Z","NIFTY","PE","NFO:NIFTY2641323850PE","UNDERLYING","2026-04-13T09:59:17Z","ONE_MINUTE","23823.35","23826.6","23814.65","23818.9","0","0"
"c3eb7a0f","2026-04-13T10:13:17.909765100Z","NIFTY","PE","NFO:NIFTY2641323850PE","OPTION","2026-04-13T09:43:17Z","ONE_MINUTE","17.1","18","13.05","13.05","16659110","23864880"
"c3eb7a0f","2026-04-13T10:13:17.909765100Z","NIFTY","PE","NFO:NIFTY2641323850PE","OPTION","2026-04-13T09:44:17Z","ONE_MINUTE","12.85","15.4","10.4","14.25","17150120","23603060"
"c3eb7a0f","2026-04-13T10:13:17.909765100Z","NIFTY","PE","NFO:NIFTY2641323850PE","OPTION","2026-04-13T09:45:17Z","ONE_MINUTE","14","15.4","11.8","12.45","11548810","23603060"
"c3eb7a0f","2026-04-13T10:13:17.909765100Z","NIFTY","PE","NFO:NIFTY2641323850PE","OPTION","2026-04-13T09:46:17Z","ONE_MINUTE","12.5","12.95","10.75","12.7","11453845","23603060"
"c3eb7a0f","2026-04-13T10:13:17.909765100Z","NIFTY","PE","NFO:NIFTY2641323850PE","OPTION","2026-04-13T09:47:17Z","ONE_MINUTE","12.75","14.4","10.7","11.3","15304315","24049675"
"c3eb7a0f","2026-04-13T10:13:17.909765100Z","NIFTY","PE","NFO:NIFTY2641323850PE","OPTION","2026-04-13T09:48:17Z","ONE_MINUTE","11.5","13","8.55","8.55","13735735","24049675"
"c3eb7a0f","2026-04-13T10:13:17.909765100Z","NIFTY","PE","NFO:NIFTY2641323850PE","OPTION","2026-04-13T09:49:17Z","ONE_MINUTE","8.9","14.55","8.9","14.35","14796080","24049675"
"c3eb7a0f","2026-04-13T10:13:17.909765100Z","NIFTY","PE","NFO:NIFTY2641323850PE","OPTION","2026-04-13T09:50:17Z","ONE_MINUTE","14.35","14.35","10.7","10.75","10113935","20698860"
"c3eb7a0f","2026-04-13T10:13:17.909765100Z","NIFTY","PE","NFO:NIFTY2641323850PE","OPTION","2026-04-13T09:51:17Z","ONE_MINUTE","10.7","11.6","9.4","10.05","9515090","20698860"
"c3eb7a0f","2026-04-13T10:13:17.909765100Z","NIFTY","PE","NFO:NIFTY2641323850PE","OPTION","2026-04-13T09:52:17Z","ONE_MINUTE","9.95","11.65","9.9","10.95","7425275","20698860"
"c3eb7a0f","2026-04-13T10:13:17.909765100Z","NIFTY","PE","NFO:NIFTY2641323850PE","OPTION","2026-04-13T09:53:17Z","ONE_MINUTE","11.1","12.55","10.15","10.15","7608640","18194410"
"c3eb7a0f","2026-04-13T10:13:17.909765100Z","NIFTY","PE","NFO:NIFTY2641323850PE","OPTION","2026-04-13T09:54:17Z","ONE_MINUTE","9.9","10.45","9.4","10.05","9574045","18194410"
"c3eb7a0f","2026-04-13T10:13:17.909765100Z","NIFTY","PE","NFO:NIFTY2641323850PE","OPTION","2026-04-13T09:55:17Z","ONE_MINUTE","10.05","10.15","8.45","8.8","9375600","18194410"
"c3eb7a0f","2026-04-13T10:13:17.909765100Z","NIFTY","PE","NFO:NIFTY2641323850PE","OPTION","2026-04-13T09:56:17Z","ONE_MINUTE","8.8","9.15","7.45","7.65","8523320","14261715"
"c3eb7a0f","2026-04-13T10:13:17.909765100Z","NIFTY","PE","NFO:NIFTY2641323850PE","OPTION","2026-04-13T09:57:17Z","ONE_MINUTE","7.7","7.85","6.85","6.95","7497815","14261715"
"c3eb7a0f","2026-04-13T10:13:17.909765100Z","NIFTY","PE","NFO:NIFTY2641323850PE","OPTION","2026-04-13T09:58:17Z","ONE_MINUTE","6.9","7.3","6.8","7","5548010","14261715"
"c3eb7a0f","2026-04-13T10:13:17.909765100Z","NIFTY","PE","NFO:NIFTY2641323850PE","OPTION","2026-04-13T09:59:17Z","ONE_MINUTE","7.1","7.4","7","7.35","4302545","11434995"
"22e6cc62","2026-04-13T10:14:18.365989Z","NIFTY","CE","NFO:NIFTY2641323850CE","UNDERLYING","2026-04-13T09:44:18Z","ONE_MINUTE","23832.25","23849.65","23832.25","23842.45","0","0"
"22e6cc62","2026-04-13T10:14:18.365989Z","NIFTY","CE","NFO:NIFTY2641323850CE","UNDERLYING","2026-04-13T09:45:18Z","ONE_MINUTE","23842.2","23842.3","23834.7","23838.05","0","0"
"22e6cc62","2026-04-13T10:14:18.365989Z","NIFTY","CE","NFO:NIFTY2641323850CE","UNDERLYING","2026-04-13T09:46:18Z","ONE_MINUTE","23836.8","23838.5","23826.9","23827.2","0","0"
"22e6cc62","2026-04-13T10:14:18.365989Z","NIFTY","CE","NFO:NIFTY2641323850CE","UNDERLYING","2026-04-13T09:47:18Z","ONE_MINUTE","23825.3","23840.45","23822.45","23838.35","0","0"
"22e6cc62","2026-04-13T10:14:18.365989Z","NIFTY","CE","NFO:NIFTY2641323850CE","UNDERLYING","2026-04-13T09:48:18Z","ONE_MINUTE","23837.25","23839.95","23834.55","23838.4","0","0"
"22e6cc62","2026-04-13T10:14:18.365989Z","NIFTY","CE","NFO:NIFTY2641323850CE","UNDERLYING","2026-04-13T09:49:18Z","ONE_MINUTE","23835.85","23838.4","23820.6","23822.8","0","0"
"22e6cc62","2026-04-13T10:14:18.365989Z","NIFTY","CE","NFO:NIFTY2641323850CE","UNDERLYING","2026-04-13T09:50:18Z","ONE_MINUTE","23821.45","23831.75","23819.35","23831.5","0","0"
"22e6cc62","2026-04-13T10:14:18.365989Z","NIFTY","CE","NFO:NIFTY2641323850CE","UNDERLYING","2026-04-13T09:51:18Z","ONE_MINUTE","23829.75","23832.15","23828.4","23830.4","0","0"
"22e6cc62","2026-04-13T10:14:18.365989Z","NIFTY","CE","NFO:NIFTY2641323850CE","UNDERLYING","2026-04-13T09:52:18Z","ONE_MINUTE","23830","23831.7","23821.8","23821.95","0","0"
"22e6cc62","2026-04-13T10:14:18.365989Z","NIFTY","CE","NFO:NIFTY2641323850CE","UNDERLYING","2026-04-13T09:53:18Z","ONE_MINUTE","23820.9","23821.9","23816.8","23820.95","0","0"
"22e6cc62","2026-04-13T10:14:18.365989Z","NIFTY","CE","NFO:NIFTY2641323850CE","UNDERLYING","2026-04-13T09:54:18Z","ONE_MINUTE","23820.45","23823.35","23819.5","23819.95","0","0"
"22e6cc62","2026-04-13T10:14:18.365989Z","NIFTY","CE","NFO:NIFTY2641323850CE","UNDERLYING","2026-04-13T09:55:18Z","ONE_MINUTE","23819.3","23826","23816.15","23821.05","0","0"
"22e6cc62","2026-04-13T10:14:18.365989Z","NIFTY","CE","NFO:NIFTY2641323850CE","UNDERLYING","2026-04-13T09:56:18Z","ONE_MINUTE","23820.95","23823.1","23818.75","23821.65","0","0"
"22e6cc62","2026-04-13T10:14:18.365989Z","NIFTY","CE","NFO:NIFTY2641323850CE","UNDERLYING","2026-04-13T09:57:18Z","ONE_MINUTE","23821.35","23827.8","23819.85","23826","0","0"
"22e6cc62","2026-04-13T10:14:18.365989Z","NIFTY","CE","NFO:NIFTY2641323850CE","UNDERLYING","2026-04-13T09:58:18Z","ONE_MINUTE","23825.05","23827","23818.6","23819.05","0","0"
"22e6cc62","2026-04-13T10:14:18.365989Z","NIFTY","CE","NFO:NIFTY2641323850CE","UNDERLYING","2026-04-13T09:59:18Z","ONE_MINUTE","23819.8","23826.6","23814.65","23818.9","0","0"
"22e6cc62","2026-04-13T10:14:18.365989Z","NIFTY","CE","NFO:NIFTY2641323850CE","OPTION","2026-04-13T09:44:18Z","ONE_MINUTE","0.6","0.9","0.25","0.25","31622760","36985910"
"22e6cc62","2026-04-13T10:14:18.365989Z","NIFTY","CE","NFO:NIFTY2641323850CE","OPTION","2026-04-13T09:45:18Z","ONE_MINUTE","0.3","0.3","0.25","0.25","16263975","36985910"
"22e6cc62","2026-04-13T10:14:18.365989Z","NIFTY","CE","NFO:NIFTY2641323850CE","OPTION","2026-04-13T09:46:18Z","ONE_MINUTE","0.3","0.3","0.15","0.15","14661270","36985910"
"22e6cc62","2026-04-13T10:14:18.365989Z","NIFTY","CE","NFO:NIFTY2641323850CE","OPTION","2026-04-13T09:47:18Z","ONE_MINUTE","0.2","0.2","0.1","0.1","17443270","34539245"
"22e6cc62","2026-04-13T10:14:18.365989Z","NIFTY","CE","NFO:NIFTY2641323850CE","OPTION","2026-04-13T09:48:18Z","ONE_MINUTE","0.1","0.15","0.1","0.1","6276465","34539245"
"22e6cc62","2026-04-13T10:14:18.365989Z","NIFTY","CE","NFO:NIFTY2641323850CE","OPTION","2026-04-13T09:49:18Z","ONE_MINUTE","0.1","0.15","0.1","0.1","6455670","34539245"
"22e6cc62","2026-04-13T10:14:18.365989Z","NIFTY","CE","NFO:NIFTY2641323850CE","OPTION","2026-04-13T09:50:18Z","ONE_MINUTE","0.1","0.15","0.05","0.05","8869185","31980455"
"22e6cc62","2026-04-13T10:14:18.365989Z","NIFTY","CE","NFO:NIFTY2641323850CE","OPTION","2026-04-13T09:51:18Z","ONE_MINUTE","0.05","0.1","0.05","0.1","4916275","31980455"
"22e6cc62","2026-04-13T10:14:18.365989Z","NIFTY","CE","NFO:NIFTY2641323850CE","OPTION","2026-04-13T09:52:18Z","ONE_MINUTE","0.05","0.1","0.05","0.05","3697265","31980455"
"22e6cc62","2026-04-13T10:14:18.365989Z","NIFTY","CE","NFO:NIFTY2641323850CE","OPTION","2026-04-13T09:53:18Z","ONE_MINUTE","0.05","0.1","0.05","0.05","9359805","27323660"
"22e6cc62","2026-04-13T10:14:18.365989Z","NIFTY","CE","NFO:NIFTY2641323850CE","OPTION","2026-04-13T09:54:18Z","ONE_MINUTE","0.05","0.05","0.05","0.05","1153880","27323660"
"22e6cc62","2026-04-13T10:14:18.365989Z","NIFTY","CE","NFO:NIFTY2641323850CE","OPTION","2026-04-13T09:55:18Z","ONE_MINUTE","0.05","0.05","0.05","0.05","1994200","27323660"
"22e6cc62","2026-04-13T10:14:18.365989Z","NIFTY","CE","NFO:NIFTY2641323850CE","OPTION","2026-04-13T09:56:18Z","ONE_MINUTE","0.05","0.05","0.05","0.05","1416935","23581545"
"22e6cc62","2026-04-13T10:14:18.365989Z","NIFTY","CE","NFO:NIFTY2641323850CE","OPTION","2026-04-13T09:57:18Z","ONE_MINUTE","0.05","0.05","0.05","0.05","1394705","23581545"
"22e6cc62","2026-04-13T10:14:18.365989Z","NIFTY","CE","NFO:NIFTY2641323850CE","OPTION","2026-04-13T09:58:18Z","ONE_MINUTE","0.05","0.05","0.05","0.05","585130","23581545"
"22e6cc62","2026-04-13T10:14:18.365989Z","NIFTY","CE","NFO:NIFTY2641323850CE","OPTION","2026-04-13T09:59:18Z","ONE_MINUTE","0.05","0.05","0.05","0.05","322270","21555365"
"19ab7cad","2026-04-13T10:14:18.500254700Z","NIFTY","PE","NFO:NIFTY2641323850PE","UNDERLYING","2026-04-13T09:44:18Z","ONE_MINUTE","23832.25","23849.65","23832.25","23842.45","0","0"
"19ab7cad","2026-04-13T10:14:18.500254700Z","NIFTY","PE","NFO:NIFTY2641323850PE","UNDERLYING","2026-04-13T09:45:18Z","ONE_MINUTE","23842.2","23842.3","23834.7","23838.05","0","0"
"19ab7cad","2026-04-13T10:14:18.500254700Z","NIFTY","PE","NFO:NIFTY2641323850PE","UNDERLYING","2026-04-13T09:46:18Z","ONE_MINUTE","23836.8","23838.5","23826.9","23827.2","0","0"
"19ab7cad","2026-04-13T10:14:18.500254700Z","NIFTY","PE","NFO:NIFTY2641323850PE","UNDERLYING","2026-04-13T09:47:18Z","ONE_MINUTE","23825.3","23840.45","23822.45","23838.35","0","0"
"19ab7cad","2026-04-13T10:14:18.500254700Z","NIFTY","PE","NFO:NIFTY2641323850PE","UNDERLYING","2026-04-13T09:48:18Z","ONE_MINUTE","23837.25","23839.95","23834.55","23838.4","0","0"
"19ab7cad","2026-04-13T10:14:18.500254700Z","NIFTY","PE","NFO:NIFTY2641323850PE","UNDERLYING","2026-04-13T09:49:18Z","ONE_MINUTE","23835.85","23838.4","23820.6","23822.8","0","0"
"19ab7cad","2026-04-13T10:14:18.500254700Z","NIFTY","PE","NFO:NIFTY2641323850PE","UNDERLYING","2026-04-13T09:50:18Z","ONE_MINUTE","23821.45","23831.75","23819.35","23831.5","0","0"
"19ab7cad","2026-04-13T10:14:18.500254700Z","NIFTY","PE","NFO:NIFTY2641323850PE","UNDERLYING","2026-04-13T09:51:18Z","ONE_MINUTE","23829.75","23832.15","23828.4","23830.4","0","0"
"19ab7cad","2026-04-13T10:14:18.500254700Z","NIFTY","PE","NFO:NIFTY2641323850PE","UNDERLYING","2026-04-13T09:52:18Z","ONE_MINUTE","23830","23831.7","23821.8","23821.95","0","0"
"19ab7cad","2026-04-13T10:14:18.500254700Z","NIFTY","PE","NFO:NIFTY2641323850PE","UNDERLYING","2026-04-13T09:53:18Z","ONE_MINUTE","23820.9","23821.9","23816.8","23820.95","0","0"
"19ab7cad","2026-04-13T10:14:18.500254700Z","NIFTY","PE","NFO:NIFTY2641323850PE","UNDERLYING","2026-04-13T09:54:18Z","ONE_MINUTE","23820.45","23823.35","23819.5","23819.95","0","0"
"19ab7cad","2026-04-13T10:14:18.500254700Z","NIFTY","PE","NFO:NIFTY2641323850PE","UNDERLYING","2026-04-13T09:55:18Z","ONE_MINUTE","23819.3","23826","23816.15","23821.05","0","0"
"19ab7cad","2026-04-13T10:14:18.500254700Z","NIFTY","PE","NFO:NIFTY2641323850PE","UNDERLYING","2026-04-13T09:56:18Z","ONE_MINUTE","23820.95","23823.1","23818.75","23821.65","0","0"
"19ab7cad","2026-04-13T10:14:18.500254700Z","NIFTY","PE","NFO:NIFTY2641323850PE","UNDERLYING","2026-04-13T09:57:18Z","ONE_MINUTE","23821.35","23827.8","23819.85","23826","0","0"
"19ab7cad","2026-04-13T10:14:18.500254700Z","NIFTY","PE","NFO:NIFTY2641323850PE","UNDERLYING","2026-04-13T09:58:18Z","ONE_MINUTE","23825.05","23827","23818.6","23819.05","0","0"
"19ab7cad","2026-04-13T10:14:18.500254700Z","NIFTY","PE","NFO:NIFTY2641323850PE","UNDERLYING","2026-04-13T09:59:18Z","ONE_MINUTE","23819.8","23826.6","23814.65","23818.9","0","0"
"19ab7cad","2026-04-13T10:14:18.500254700Z","NIFTY","PE","NFO:NIFTY2641323850PE","OPTION","2026-04-13T09:44:18Z","ONE_MINUTE","12.65","15.4","10.4","14.2","16919695","23603060"
"19ab7cad","2026-04-13T10:14:18.500254700Z","NIFTY","PE","NFO:NIFTY2641323850PE","OPTION","2026-04-13T09:45:18Z","ONE_MINUTE","13.9","15.4","11.8","12.5","11225760","23603060"
"19ab7cad","2026-04-13T10:14:18.500254700Z","NIFTY","PE","NFO:NIFTY2641323850PE","OPTION","2026-04-13T09:46:18Z","ONE_MINUTE","12.6","12.95","10.75","12.65","11639290","23603060"
"19ab7cad","2026-04-13T10:14:18.500254700Z","NIFTY","PE","NFO:NIFTY2641323850PE","OPTION","2026-04-13T09:47:18Z","ONE_MINUTE","12.8","14.4","10.7","11.85","15386800","24049675"
"19ab7cad","2026-04-13T10:14:18.500254700Z","NIFTY","PE","NFO:NIFTY2641323850PE","OPTION","2026-04-13T09:48:18Z","ONE_MINUTE","11.9","13","8.55","8.9","13467805","24049675"
"19ab7cad","2026-04-13T10:14:18.500254700Z","NIFTY","PE","NFO:NIFTY2641323850PE","OPTION","2026-04-13T09:49:18Z","ONE_MINUTE","9.45","14.55","9.3","14.25","15208765","24049675"
"19ab7cad","2026-04-13T10:14:18.500254700Z","NIFTY","PE","NFO:NIFTY2641323850PE","OPTION","2026-04-13T09:50:18Z","ONE_MINUTE","14.25","14.3","10.7","10.8","9934015","20698860"
"19ab7cad","2026-04-13T10:14:18.500254700Z","NIFTY","PE","NFO:NIFTY2641323850PE","OPTION","2026-04-13T09:51:18Z","ONE_MINUTE","11","11.6","9.4","10","9535240","20698860"
"19ab7cad","2026-04-13T10:14:18.500254700Z","NIFTY","PE","NFO:NIFTY2641323850PE","OPTION","2026-04-13T09:52:18Z","ONE_MINUTE","10.05","11.65","9.9","11.15","7297225","20698860"
"19ab7cad","2026-04-13T10:14:18.500254700Z","NIFTY","PE","NFO:NIFTY2641323850PE","OPTION","2026-04-13T09:53:18Z","ONE_MINUTE","11.2","12.55","9.9","10","8133645","18194410"
"19ab7cad","2026-04-13T10:14:18.500254700Z","NIFTY","PE","NFO:NIFTY2641323850PE","OPTION","2026-04-13T09:54:18Z","ONE_MINUTE","9.95","10.45","9.4","10.05","8924175","18194410"
"19ab7cad","2026-04-13T10:14:18.500254700Z","NIFTY","PE","NFO:NIFTY2641323850PE","OPTION","2026-04-13T09:55:18Z","ONE_MINUTE","10.1","10.15","8.45","8.7","9652695","18194410"
"19ab7cad","2026-04-13T10:14:18.500254700Z","NIFTY","PE","NFO:NIFTY2641323850PE","OPTION","2026-04-13T09:56:18Z","ONE_MINUTE","8.8","9.15","7.45","7.65","8420425","14261715"
"19ab7cad","2026-04-13T10:14:18.500254700Z","NIFTY","PE","NFO:NIFTY2641323850PE","OPTION","2026-04-13T09:57:18Z","ONE_MINUTE","7.65","7.85","6.85","6.95","7421635","14261715"
"19ab7cad","2026-04-13T10:14:18.500254700Z","NIFTY","PE","NFO:NIFTY2641323850PE","OPTION","2026-04-13T09:58:18Z","ONE_MINUTE","6.95","7.3","6.8","7","5449990","14261715"
"19ab7cad","2026-04-13T10:14:18.500254700Z","NIFTY","PE","NFO:NIFTY2641323850PE","OPTION","2026-04-13T09:59:18Z","ONE_MINUTE","7.1","7.4","7","7.35","4302545","11434995"
"8a5b0c1b","2026-04-13T10:15:19.051586600Z","NIFTY","CE","NFO:NIFTY2641323850CE","UNDERLYING","2026-04-13T09:45:18Z","ONE_MINUTE","23842.2","23842.3","23834.7","23838.05","0","0"
"8a5b0c1b","2026-04-13T10:15:19.051586600Z","NIFTY","CE","NFO:NIFTY2641323850CE","UNDERLYING","2026-04-13T09:46:18Z","ONE_MINUTE","23836.8","23838.5","23826.9","23827.2","0","0"
"8a5b0c1b","2026-04-13T10:15:19.051586600Z","NIFTY","CE","NFO:NIFTY2641323850CE","UNDERLYING","2026-04-13T09:47:18Z","ONE_MINUTE","23825.3","23840.45","23822.45","23838.35","0","0"
"8a5b0c1b","2026-04-13T10:15:19.051586600Z","NIFTY","CE","NFO:NIFTY2641323850CE","UNDERLYING","2026-04-13T09:48:18Z","ONE_MINUTE","23837.25","23839.95","23834.55","23838.4","0","0"
"8a5b0c1b","2026-04-13T10:15:19.051586600Z","NIFTY","CE","NFO:NIFTY2641323850CE","UNDERLYING","2026-04-13T09:49:18Z","ONE_MINUTE","23835.85","23838.4","23820.6","23822.8","0","0"
"8a5b0c1b","2026-04-13T10:15:19.051586600Z","NIFTY","CE","NFO:NIFTY2641323850CE","UNDERLYING","2026-04-13T09:50:18Z","ONE_MINUTE","23821.45","23831.75","23819.35","23831.5","0","0"
"8a5b0c1b","2026-04-13T10:15:19.051586600Z","NIFTY","CE","NFO:NIFTY2641323850CE","UNDERLYING","2026-04-13T09:51:18Z","ONE_MINUTE","23829.75","23832.15","23828.4","23830.4","0","0"
"8a5b0c1b","2026-04-13T10:15:19.051586600Z","NIFTY","CE","NFO:NIFTY2641323850CE","UNDERLYING","2026-04-13T09:52:18Z","ONE_MINUTE","23830","23831.7","23821.8","23821.95","0","0"
"8a5b0c1b","2026-04-13T10:15:19.051586600Z","NIFTY","CE","NFO:NIFTY2641323850CE","UNDERLYING","2026-04-13T09:53:18Z","ONE_MINUTE","23820.9","23821.9","23816.8","23820.95","0","0"
"8a5b0c1b","2026-04-13T10:15:19.051586600Z","NIFTY","CE","NFO:NIFTY2641323850CE","UNDERLYING","2026-04-13T09:54:18Z","ONE_MINUTE","23820.45","23823.35","23819.5","23819.95","0","0"
"8a5b0c1b","2026-04-13T10:15:19.051586600Z","NIFTY","CE","NFO:NIFTY2641323850CE","UNDERLYING","2026-04-13T09:55:18Z","ONE_MINUTE","23819.3","23826","23816.15","23821.05","0","0"
"8a5b0c1b","2026-04-13T10:15:19.051586600Z","NIFTY","CE","NFO:NIFTY2641323850CE","UNDERLYING","2026-04-13T09:56:18Z","ONE_MINUTE","23820.95","23823.1","23818.75","23821.65","0","0"
"8a5b0c1b","2026-04-13T10:15:19.051586600Z","NIFTY","CE","NFO:NIFTY2641323850CE","UNDERLYING","2026-04-13T09:57:18Z","ONE_MINUTE","23821.35","23827.8","23819.85","23826","0","0"
"8a5b0c1b","2026-04-13T10:15:19.051586600Z","NIFTY","CE","NFO:NIFTY2641323850CE","UNDERLYING","2026-04-13T09:58:18Z","ONE_MINUTE","23825.05","23827","23818.6","23819.05","0","0"
"8a5b0c1b","2026-04-13T10:15:19.051586600Z","NIFTY","CE","NFO:NIFTY2641323850CE","UNDERLYING","2026-04-13T09:59:18Z","ONE_MINUTE","23819.8","23826.6","23814.65","23818.9","0","0"
"8a5b0c1b","2026-04-13T10:15:19.051586600Z","NIFTY","CE","NFO:NIFTY2641323850CE","OPTION","2026-04-13T09:45:18Z","ONE_MINUTE","0.3","0.3","0.25","0.25","16263975","36985910"
"8a5b0c1b","2026-04-13T10:15:19.051586600Z","NIFTY","CE","NFO:NIFTY2641323850CE","OPTION","2026-04-13T09:46:18Z","ONE_MINUTE","0.3","0.3","0.15","0.15","14661270","36985910"
"8a5b0c1b","2026-04-13T10:15:19.051586600Z","NIFTY","CE","NFO:NIFTY2641323850CE","OPTION","2026-04-13T09:47:18Z","ONE_MINUTE","0.2","0.2","0.1","0.1","17443270","34539245"
"8a5b0c1b","2026-04-13T10:15:19.051586600Z","NIFTY","CE","NFO:NIFTY2641323850CE","OPTION","2026-04-13T09:48:18Z","ONE_MINUTE","0.1","0.15","0.1","0.1","6276465","34539245"
"8a5b0c1b","2026-04-13T10:15:19.051586600Z","NIFTY","CE","NFO:NIFTY2641323850CE","OPTION","2026-04-13T09:49:18Z","ONE_MINUTE","0.1","0.15","0.1","0.1","6455670","34539245"
"8a5b0c1b","2026-04-13T10:15:19.051586600Z","NIFTY","CE","NFO:NIFTY2641323850CE","OPTION","2026-04-13T09:50:18Z","ONE_MINUTE","0.1","0.15","0.05","0.05","8869185","31980455"
"8a5b0c1b","2026-04-13T10:15:19.051586600Z","NIFTY","CE","NFO:NIFTY2641323850CE","OPTION","2026-04-13T09:51:18Z","ONE_MINUTE","0.05","0.1","0.05","0.1","4916275","31980455"
"8a5b0c1b","2026-04-13T10:15:19.051586600Z","NIFTY","CE","NFO:NIFTY2641323850CE","OPTION","2026-04-13T09:52:18Z","ONE_MINUTE","0.05","0.1","0.05","0.05","3697265","31980455"
"8a5b0c1b","2026-04-13T10:15:19.051586600Z","NIFTY","CE","NFO:NIFTY2641323850CE","OPTION","2026-04-13T09:53:18Z","ONE_MINUTE","0.05","0.1","0.05","0.05","9359805","27323660"
"8a5b0c1b","2026-04-13T10:15:19.051586600Z","NIFTY","CE","NFO:NIFTY2641323850CE","OPTION","2026-04-13T09:54:18Z","ONE_MINUTE","0.05","0.05","0.05","0.05","1153880","27323660"
"8a5b0c1b","2026-04-13T10:15:19.051586600Z","NIFTY","CE","NFO:NIFTY2641323850CE","OPTION","2026-04-13T09:55:18Z","ONE_MINUTE","0.05","0.05","0.05","0.05","1994200","27323660"
"8a5b0c1b","2026-04-13T10:15:19.051586600Z","NIFTY","CE","NFO:NIFTY2641323850CE","OPTION","2026-04-13T09:56:18Z","ONE_MINUTE","0.05","0.05","0.05","0.05","1416935","23581545"
"8a5b0c1b","2026-04-13T10:15:19.051586600Z","NIFTY","CE","NFO:NIFTY2641323850CE","OPTION","2026-04-13T09:57:18Z","ONE_MINUTE","0.05","0.05","0.05","0.05","1394705","23581545"
"8a5b0c1b","2026-04-13T10:15:19.051586600Z","NIFTY","CE","NFO:NIFTY2641323850CE","OPTION","2026-04-13T09:58:18Z","ONE_MINUTE","0.05","0.05","0.05","0.05","585130","23581545"
"8a5b0c1b","2026-04-13T10:15:19.051586600Z","NIFTY","CE","NFO:NIFTY2641323850CE","OPTION","2026-04-13T09:59:18Z","ONE_MINUTE","0.05","0.05","0.05","0.05","322270","21555365"
"992c0e87","2026-04-13T10:15:19.212865900Z","NIFTY","PE","NFO:NIFTY2641323850PE","UNDERLYING","2026-04-13T09:45:19Z","ONE_MINUTE","23842","23842.3","23834.7","23836.25","0","0"
"992c0e87","2026-04-13T10:15:19.212865900Z","NIFTY","PE","NFO:NIFTY2641323850PE","UNDERLYING","2026-04-13T09:46:19Z","ONE_MINUTE","23837.25","23838.5","23825.3","23827.25","0","0"
"992c0e87","2026-04-13T10:15:19.212865900Z","NIFTY","PE","NFO:NIFTY2641323850PE","UNDERLYING","2026-04-13T09:47:19Z","ONE_MINUTE","23827","23840.45","23822.45","23839.05","0","0"
"992c0e87","2026-04-13T10:15:19.212865900Z","NIFTY","PE","NFO:NIFTY2641323850PE","UNDERLYING","2026-04-13T09:48:19Z","ONE_MINUTE","23837.85","23839.95","23834.55","23837.95","0","0"
"992c0e87","2026-04-13T10:15:19.212865900Z","NIFTY","PE","NFO:NIFTY2641323850PE","UNDERLYING","2026-04-13T09:49:19Z","ONE_MINUTE","23837.4","23838.4","23820.6","23821.95","0","0"
"992c0e87","2026-04-13T10:15:19.212865900Z","NIFTY","PE","NFO:NIFTY2641323850PE","UNDERLYING","2026-04-13T09:50:19Z","ONE_MINUTE","23822.3","23831.75","23819.35","23830.85","0","0"
"992c0e87","2026-04-13T10:15:19.212865900Z","NIFTY","PE","NFO:NIFTY2641323850PE","UNDERLYING","2026-04-13T09:51:19Z","ONE_MINUTE","23831.25","23832.15","23828.4","23830.7","0","0"
"992c0e87","2026-04-13T10:15:19.212865900Z","NIFTY","PE","NFO:NIFTY2641323850PE","UNDERLYING","2026-04-13T09:52:19Z","ONE_MINUTE","23830.35","23831.7","23820.9","23821.6","0","0"
"992c0e87","2026-04-13T10:15:19.212865900Z","NIFTY","PE","NFO:NIFTY2641323850PE","UNDERLYING","2026-04-13T09:53:19Z","ONE_MINUTE","23821.6","23821.9","23816.8","23820.05","0","0"
"992c0e87","2026-04-13T10:15:19.212865900Z","NIFTY","PE","NFO:NIFTY2641323850PE","UNDERLYING","2026-04-13T09:54:19Z","ONE_MINUTE","23820.45","23823.35","23819.3","23819.6","0","0"
"992c0e87","2026-04-13T10:15:19.212865900Z","NIFTY","PE","NFO:NIFTY2641323850PE","UNDERLYING","2026-04-13T09:55:19Z","ONE_MINUTE","23819.1","23826","23816.15","23820.6","0","0"
"992c0e87","2026-04-13T10:15:19.212865900Z","NIFTY","PE","NFO:NIFTY2641323850PE","UNDERLYING","2026-04-13T09:56:19Z","ONE_MINUTE","23821.5","23823.1","23818.75","23822.55","0","0"
"992c0e87","2026-04-13T10:15:19.212865900Z","NIFTY","PE","NFO:NIFTY2641323850PE","UNDERLYING","2026-04-13T09:57:19Z","ONE_MINUTE","23823.35","23827.8","23819.85","23826","0","0"
"992c0e87","2026-04-13T10:15:19.212865900Z","NIFTY","PE","NFO:NIFTY2641323850PE","UNDERLYING","2026-04-13T09:58:19Z","ONE_MINUTE","23826.8","23827","23818.6","23822.25","0","0"
"992c0e87","2026-04-13T10:15:19.212865900Z","NIFTY","PE","NFO:NIFTY2641323850PE","UNDERLYING","2026-04-13T09:59:19Z","ONE_MINUTE","23822.35","23826.6","23814.65","23818.9","0","0"
"992c0e87","2026-04-13T10:15:19.212865900Z","NIFTY","PE","NFO:NIFTY2641323850PE","OPTION","2026-04-13T09:45:19Z","ONE_MINUTE","14.1","15.4","11.8","12.7","11488295","23603060"
"992c0e87","2026-04-13T10:15:19.212865900Z","NIFTY","PE","NFO:NIFTY2641323850PE","OPTION","2026-04-13T09:46:19Z","ONE_MINUTE","12.65","12.95","10.75","12.8","11376755","23603060"
"992c0e87","2026-04-13T10:15:19.212865900Z","NIFTY","PE","NFO:NIFTY2641323850PE","OPTION","2026-04-13T09:47:19Z","ONE_MINUTE","12.9","14.4","10.7","11.9","15386800","24049675"
"992c0e87","2026-04-13T10:15:19.212865900Z","NIFTY","PE","NFO:NIFTY2641323850PE","OPTION","2026-04-13T09:48:19Z","ONE_MINUTE","11.8","13","8.55","9.3","14019200","24049675"
"992c0e87","2026-04-13T10:15:19.212865900Z","NIFTY","PE","NFO:NIFTY2641323850PE","OPTION","2026-04-13T09:49:19Z","ONE_MINUTE","9.5","14.55","9.5","14.25","14657370","24049675"
"992c0e87","2026-04-13T10:15:19.212865900Z","NIFTY","PE","NFO:NIFTY2641323850PE","OPTION","2026-04-13T09:50:19Z","ONE_MINUTE","14.2","14.3","10.7","10.95","10170225","20698860"
"992c0e87","2026-04-13T10:15:19.212865900Z","NIFTY","PE","NFO:NIFTY2641323850PE","OPTION","2026-04-13T09:51:19Z","ONE_MINUTE","10.85","11.6","9.4","10.05","9299030","20698860"
"992c0e87","2026-04-13T10:15:19.212865900Z","NIFTY","PE","NFO:NIFTY2641323850PE","OPTION","2026-04-13T09:52:19Z","ONE_MINUTE","10","11.65","9.9","11.2","7297225","20698860"
"992c0e87","2026-04-13T10:15:19.212865900Z","NIFTY","PE","NFO:NIFTY2641323850PE","OPTION","2026-04-13T09:53:19Z","ONE_MINUTE","11.2","12.55","9.9","10.05","8453965","18194410"
"992c0e87","2026-04-13T10:15:19.212865900Z","NIFTY","PE","NFO:NIFTY2641323850PE","OPTION","2026-04-13T09:54:19Z","ONE_MINUTE","10.15","10.45","9.4","10.15","8700055","18194410"
"992c0e87","2026-04-13T10:15:19.212865900Z","NIFTY","PE","NFO:NIFTY2641323850PE","OPTION","2026-04-13T09:55:19Z","ONE_MINUTE","10.1","10.1","8.45","8.8","9556495","18194410"
"992c0e87","2026-04-13T10:15:19.212865900Z","NIFTY","PE","NFO:NIFTY2641323850PE","OPTION","2026-04-13T09:56:19Z","ONE_MINUTE","8.75","9.15","7.45","7.65","8561150","14261715"
"992c0e87","2026-04-13T10:15:19.212865900Z","NIFTY","PE","NFO:NIFTY2641323850PE","OPTION","2026-04-13T09:57:19Z","ONE_MINUTE","7.8","7.85","6.85","6.95","7280910","14261715"
"992c0e87","2026-04-13T10:15:19.212865900Z","NIFTY","PE","NFO:NIFTY2641323850PE","OPTION","2026-04-13T09:58:19Z","ONE_MINUTE","6.95","7.3","6.8","7","5665075","14261715"
"992c0e87","2026-04-13T10:15:19.212865900Z","NIFTY","PE","NFO:NIFTY2641323850PE","OPTION","2026-04-13T09:59:19Z","ONE_MINUTE","7.05","7.4","7","7.35","4087460","11434995"
"d2aaa749","2026-04-13T10:16:50.395721200Z","NIFTY","CE","NFO:NIFTY2641323850CE","UNDERLYING","2026-04-13T09:46:50Z","ONE_MINUTE","23833.75","23834.25","23822.45","23831.25","0","0"
"d2aaa749","2026-04-13T10:16:50.395721200Z","NIFTY","CE","NFO:NIFTY2641323850CE","UNDERLYING","2026-04-13T09:47:50Z","ONE_MINUTE","23831.25","23840.45","23830.85","23835.9","0","0"
"d2aaa749","2026-04-13T10:16:50.395721200Z","NIFTY","CE","NFO:NIFTY2641323850CE","UNDERLYING","2026-04-13T09:48:50Z","ONE_MINUTE","23835.85","23839.95","23829.5","23830.45","0","0"
"d2aaa749","2026-04-13T10:16:50.395721200Z","NIFTY","CE","NFO:NIFTY2641323850CE","UNDERLYING","2026-04-13T09:49:50Z","ONE_MINUTE","23829.15","23829.45","23819.35","23828.05","0","0"
"d2aaa749","2026-04-13T10:16:50.395721200Z","NIFTY","CE","NFO:NIFTY2641323850CE","UNDERLYING","2026-04-13T09:50:50Z","ONE_MINUTE","23827.9","23832.15","23827.05","23829.4","0","0"
"d2aaa749","2026-04-13T10:16:50.395721200Z","NIFTY","CE","NFO:NIFTY2641323850CE","UNDERLYING","2026-04-13T09:51:50Z","ONE_MINUTE","23829","23831.7","23826.25","23827.05","0","0"
"d2aaa749","2026-04-13T10:16:50.395721200Z","NIFTY","CE","NFO:NIFTY2641323850CE","UNDERLYING","2026-04-13T09:52:50Z","ONE_MINUTE","23825","23825.9","23816.8","23819.05","0","0"
"d2aaa749","2026-04-13T10:16:50.395721200Z","NIFTY","CE","NFO:NIFTY2641323850CE","UNDERLYING","2026-04-13T09:53:50Z","ONE_MINUTE","23818.35","23823.35","23818.1","23821.75","0","0"
"d2aaa749","2026-04-13T10:16:50.395721200Z","NIFTY","CE","NFO:NIFTY2641323850CE","UNDERLYING","2026-04-13T09:54:50Z","ONE_MINUTE","23822.9","23826","23816.15","23822.15","0","0"
"d2aaa749","2026-04-13T10:16:50.395721200Z","NIFTY","CE","NFO:NIFTY2641323850CE","UNDERLYING","2026-04-13T09:55:50Z","ONE_MINUTE","23822.75","23825.7","23819.6","23820.85","0","0"
"d2aaa749","2026-04-13T10:16:50.395721200Z","NIFTY","CE","NFO:NIFTY2641323850CE","UNDERLYING","2026-04-13T09:56:50Z","ONE_MINUTE","23819.2","23823.8","23818.75","23820.95","0","0"
"d2aaa749","2026-04-13T10:16:50.395721200Z","NIFTY","CE","NFO:NIFTY2641323850CE","UNDERLYING","2026-04-13T09:57:50Z","ONE_MINUTE","23819.85","23827.8","23819.85","23820.35","0","0"
"d2aaa749","2026-04-13T10:16:50.395721200Z","NIFTY","CE","NFO:NIFTY2641323850CE","UNDERLYING","2026-04-13T09:58:50Z","ONE_MINUTE","23819.15","23826.6","23818.4","23822.45","0","0"
"d2aaa749","2026-04-13T10:16:50.395721200Z","NIFTY","CE","NFO:NIFTY2641323850CE","UNDERLYING","2026-04-13T09:59:50Z","ONE_MINUTE","23823.05","23825.05","23814.65","23818.9","0","0"
"d2aaa749","2026-04-13T10:16:50.395721200Z","NIFTY","CE","NFO:NIFTY2641323850CE","OPTION","2026-04-13T09:46:50Z","ONE_MINUTE","0.25","0.25","0.1","0.1","15420600","36985910"
"d2aaa749","2026-04-13T10:16:50.395721200Z","NIFTY","CE","NFO:NIFTY2641323850CE","OPTION","2026-04-13T09:47:50Z","ONE_MINUTE","0.15","0.2","0.1","0.15","13068705","34539245"
"d2aaa749","2026-04-13T10:16:50.395721200Z","NIFTY","CE","NFO:NIFTY2641323850CE","OPTION","2026-04-13T09:48:50Z","ONE_MINUTE","0.15","0.15","0.1","0.1","6085950","34539245"
"d2aaa749","2026-04-13T10:16:50.395721200Z","NIFTY","CE","NFO:NIFTY2641323850CE","OPTION","2026-04-13T09:49:50Z","ONE_MINUTE","0.1","0.15","0.1","0.1","8348860","34539245"
"d2aaa749","2026-04-13T10:16:50.395721200Z","NIFTY","CE","NFO:NIFTY2641323850CE","OPTION","2026-04-13T09:50:50Z","ONE_MINUTE","0.05","0.1","0.05","0.1","7016425","31980455"
"d2aaa749","2026-04-13T10:16:50.395721200Z","NIFTY","CE","NFO:NIFTY2641323850CE","OPTION","2026-04-13T09:51:50Z","ONE_MINUTE","0.1","0.1","0.05","0.1","3950570","31980455"
"d2aaa749","2026-04-13T10:16:50.395721200Z","NIFTY","CE","NFO:NIFTY2641323850CE","OPTION","2026-04-13T09:52:50Z","ONE_MINUTE","0.05","0.1","0.05","0.05","7179380","31980455"
"d2aaa749","2026-04-13T10:16:50.395721200Z","NIFTY","CE","NFO:NIFTY2641323850CE","OPTION","2026-04-13T09:53:50Z","ONE_MINUTE","0.05","0.05","0.05","0.05","4485260","27323660"
"d2aaa749","2026-04-13T10:16:50.395721200Z","NIFTY","CE","NFO:NIFTY2641323850CE","OPTION","2026-04-13T09:54:50Z","ONE_MINUTE","0.05","0.05","0.05","0.05","2282085","27323660"
"d2aaa749","2026-04-13T10:16:50.395721200Z","NIFTY","CE","NFO:NIFTY2641323850CE","OPTION","2026-04-13T09:55:50Z","ONE_MINUTE","0.05","0.05","0.05","0.05","1233700","27323660"
"d2aaa749","2026-04-13T10:16:50.395721200Z","NIFTY","CE","NFO:NIFTY2641323850CE","OPTION","2026-04-13T09:56:50Z","ONE_MINUTE","0.05","0.05","0.05","0.05","1098955","23581545"
"d2aaa749","2026-04-13T10:16:50.395721200Z","NIFTY","CE","NFO:NIFTY2641323850CE","OPTION","2026-04-13T09:57:50Z","ONE_MINUTE","0.05","0.05","0.05","0.05","1373125","23581545"
"d2aaa749","2026-04-13T10:16:50.395721200Z","NIFTY","CE","NFO:NIFTY2641323850CE","OPTION","2026-04-13T09:58:50Z","ONE_MINUTE","0.05","0.05","0.05","0.05","412815","23581545"
"d2aaa749","2026-04-13T10:16:50.395721200Z","NIFTY","CE","NFO:NIFTY2641323850CE","OPTION","2026-04-13T09:59:50Z","ONE_MINUTE","0.05","0.05","0.05","0.05","51805","21555365"
"9168be54","2026-04-13T10:16:51.475821400Z","NIFTY","PE","NFO:NIFTY2641323850PE","UNDERLYING","2026-04-13T09:46:51Z","ONE_MINUTE","23833.8","23834.25","23822.45","23831.2","0","0"
"9168be54","2026-04-13T10:16:51.475821400Z","NIFTY","PE","NFO:NIFTY2641323850PE","UNDERLYING","2026-04-13T09:47:51Z","ONE_MINUTE","23832.05","23840.45","23830.85","23834.85","0","0"
"9168be54","2026-04-13T10:16:51.475821400Z","NIFTY","PE","NFO:NIFTY2641323850PE","UNDERLYING","2026-04-13T09:48:51Z","ONE_MINUTE","23835.8","23839.95","23829.15","23829.45","0","0"
"9168be54","2026-04-13T10:16:51.475821400Z","NIFTY","PE","NFO:NIFTY2641323850PE","UNDERLYING","2026-04-13T09:49:51Z","ONE_MINUTE","23829.35","23829.35","23819.35","23827.05","0","0"
"9168be54","2026-04-13T10:16:51.475821400Z","NIFTY","PE","NFO:NIFTY2641323850PE","UNDERLYING","2026-04-13T09:50:51Z","ONE_MINUTE","23828.15","23832.15","23827.15","23829.25","0","0"
"9168be54","2026-04-13T10:16:51.475821400Z","NIFTY","PE","NFO:NIFTY2641323850PE","UNDERLYING","2026-04-13T09:51:51Z","ONE_MINUTE","23829.85","23831.7","23825","23825.75","0","0"
"9168be54","2026-04-13T10:16:51.475821400Z","NIFTY","PE","NFO:NIFTY2641323850PE","UNDERLYING","2026-04-13T09:52:51Z","ONE_MINUTE","23825.9","23825.9","23816.8","23818.7","0","0"
"9168be54","2026-04-13T10:16:51.475821400Z","NIFTY","PE","NFO:NIFTY2641323850PE","UNDERLYING","2026-04-13T09:53:51Z","ONE_MINUTE","23818.6","23823.35","23818.1","23822.7","0","0"
"9168be54","2026-04-13T10:16:51.475821400Z","NIFTY","PE","NFO:NIFTY2641323850PE","UNDERLYING","2026-04-13T09:54:51Z","ONE_MINUTE","23822","23826","23816.15","23823.3","0","0"
"9168be54","2026-04-13T10:16:51.475821400Z","NIFTY","PE","NFO:NIFTY2641323850PE","UNDERLYING","2026-04-13T09:55:51Z","ONE_MINUTE","23822.5","23825.7","23819.2","23819.35","0","0"
"9168be54","2026-04-13T10:16:51.475821400Z","NIFTY","PE","NFO:NIFTY2641323850PE","UNDERLYING","2026-04-13T09:56:51Z","ONE_MINUTE","23820.15","23826.05","23818.75","23826.05","0","0"
"9168be54","2026-04-13T10:16:51.475821400Z","NIFTY","PE","NFO:NIFTY2641323850PE","UNDERLYING","2026-04-13T09:57:51Z","ONE_MINUTE","23825.25","23827.8","23819.15","23820","0","0"
"9168be54","2026-04-13T10:16:51.475821400Z","NIFTY","PE","NFO:NIFTY2641323850PE","UNDERLYING","2026-04-13T09:58:51Z","ONE_MINUTE","23820.1","23826.6","23818.4","23821.6","0","0"
"9168be54","2026-04-13T10:16:51.475821400Z","NIFTY","PE","NFO:NIFTY2641323850PE","UNDERLYING","2026-04-13T09:59:51Z","ONE_MINUTE","23822.3","23825.05","23814.65","23818.9","0","0"
"9168be54","2026-04-13T10:16:51.475821400Z","NIFTY","PE","NFO:NIFTY2641323850PE","OPTION","2026-04-13T09:46:51Z","ONE_MINUTE","12.4","14.4","11.3","11.35","14212575","23603060"
"9168be54","2026-04-13T10:16:51.475821400Z","NIFTY","PE","NFO:NIFTY2641323850PE","OPTION","2026-04-13T09:47:51Z","ONE_MINUTE","11.8","13","10.7","12.55","11284715","24049675"
"9168be54","2026-04-13T10:16:51.475821400Z","NIFTY","PE","NFO:NIFTY2641323850PE","OPTION","2026-04-13T09:48:51Z","ONE_MINUTE","12.55","12.55","8.55","12.4","16528785","24049675"
"9168be54","2026-04-13T10:16:51.475821400Z","NIFTY","PE","NFO:NIFTY2641323850PE","OPTION","2026-04-13T09:49:51Z","ONE_MINUTE","12.3","14.55","11.55","11.55","12974390","24049675"
"9168be54","2026-04-13T10:16:51.475821400Z","NIFTY","PE","NFO:NIFTY2641323850PE","OPTION","2026-04-13T09:50:51Z","ONE_MINUTE","11.65","11.85","10.7","11","7754955","20698860"
"9168be54","2026-04-13T10:16:51.475821400Z","NIFTY","PE","NFO:NIFTY2641323850PE","OPTION","2026-04-13T09:51:51Z","ONE_MINUTE","11","11.45","9.4","11.4","10014810","20698860"
"9168be54","2026-04-13T10:16:51.475821400Z","NIFTY","PE","NFO:NIFTY2641323850PE","OPTION","2026-04-13T09:52:51Z","ONE_MINUTE","11.5","12.55","10.9","11.5","7820410","20698860"
"9168be54","2026-04-13T10:16:51.475821400Z","NIFTY","PE","NFO:NIFTY2641323850PE","OPTION","2026-04-13T09:53:51Z","ONE_MINUTE","11.55","11.7","9.4","9.7","9067305","18194410"
"9168be54","2026-04-13T10:16:51.475821400Z","NIFTY","PE","NFO:NIFTY2641323850PE","OPTION","2026-04-13T09:54:51Z","ONE_MINUTE","9.7","10.45","8.75","8.95","8936395","18194410"
"9168be54","2026-04-13T10:16:51.475821400Z","NIFTY","PE","NFO:NIFTY2641323850PE","OPTION","2026-04-13T09:55:51Z","ONE_MINUTE","9","9.15","7.45","7.5","9488375","18194410"
"9168be54","2026-04-13T10:16:51.475821400Z","NIFTY","PE","NFO:NIFTY2641323850PE","OPTION","2026-04-13T09:56:51Z","ONE_MINUTE","7.5","8.45","7.2","7.4","6738420","14261715"
"9168be54","2026-04-13T10:16:51.475821400Z","NIFTY","PE","NFO:NIFTY2641323850PE","OPTION","2026-04-13T09:57:51Z","ONE_MINUTE","7.35","7.35","6.8","7.1","6517810","14261715"
"9168be54","2026-04-13T10:16:51.475821400Z","NIFTY","PE","NFO:NIFTY2641323850PE","OPTION","2026-04-13T09:58:51Z","ONE_MINUTE","7.1","7.35","7","7.35","6215885","14261715"
"9168be54","2026-04-13T10:16:51.475821400Z","NIFTY","PE","NFO:NIFTY2641323850PE","OPTION","2026-04-13T09:59:51Z","ONE_MINUTE","7.4","7.4","7.3","7.35","828165","11434995"
"a9e5fbf5","2026-04-13T10:17:52.306114100Z","NIFTY","CE","NFO:NIFTY2641323850CE","UNDERLYING","2026-04-13T09:47:52Z","ONE_MINUTE","23830.85","23840.45","23830.85","23835.7","0","0"
"a9e5fbf5","2026-04-13T10:17:52.306114100Z","NIFTY","CE","NFO:NIFTY2641323850CE","UNDERLYING","2026-04-13T09:48:52Z","ONE_MINUTE","23836.8","23839.95","23828.95","23828.95","0","0"
"a9e5fbf5","2026-04-13T10:17:52.306114100Z","NIFTY","CE","NFO:NIFTY2641323850CE","UNDERLYING","2026-04-13T09:49:52Z","ONE_MINUTE","23829","23829","23819.35","23828.25","0","0"
"a9e5fbf5","2026-04-13T10:17:52.306114100Z","NIFTY","CE","NFO:NIFTY2641323850CE","UNDERLYING","2026-04-13T09:50:52Z","ONE_MINUTE","23827.7","23832.15","23827.15","23829.6","0","0"
"a9e5fbf5","2026-04-13T10:17:52.306114100Z","NIFTY","CE","NFO:NIFTY2641323850CE","UNDERLYING","2026-04-13T09:51:52Z","ONE_MINUTE","23828.9","23831.7","23825","23825.6","0","0"
"a9e5fbf5","2026-04-13T10:17:52.306114100Z","NIFTY","CE","NFO:NIFTY2641323850CE","UNDERLYING","2026-04-13T09:52:52Z","ONE_MINUTE","23825","23825.5","23816.8","23818.6","0","0"
"a9e5fbf5","2026-04-13T10:17:52.306114100Z","NIFTY","CE","NFO:NIFTY2641323850CE","UNDERLYING","2026-04-13T09:53:52Z","ONE_MINUTE","23818.55","23823.35","23818.1","23822","0","0"
"a9e5fbf5","2026-04-13T10:17:52.306114100Z","NIFTY","CE","NFO:NIFTY2641323850CE","UNDERLYING","2026-04-13T09:54:52Z","ONE_MINUTE","23821.6","23826","23816.15","23824","0","0"
"a9e5fbf5","2026-04-13T10:17:52.306114100Z","NIFTY","CE","NFO:NIFTY2641323850CE","UNDERLYING","2026-04-13T09:55:52Z","ONE_MINUTE","23823.3","23825.7","23819.2","23819.3","0","0"
"a9e5fbf5","2026-04-13T10:17:52.306114100Z","NIFTY","CE","NFO:NIFTY2641323850CE","UNDERLYING","2026-04-13T09:56:52Z","ONE_MINUTE","23820","23826.05","23818.75","23824.05","0","0"
"a9e5fbf5","2026-04-13T10:17:52.306114100Z","NIFTY","CE","NFO:NIFTY2641323850CE","UNDERLYING","2026-04-13T09:57:52Z","ONE_MINUTE","23824.85","23827.8","23819.15","23820.2","0","0"
"a9e5fbf5","2026-04-13T10:17:52.306114100Z","NIFTY","CE","NFO:NIFTY2641323850CE","UNDERLYING","2026-04-13T09:58:52Z","ONE_MINUTE","23820.55","23826.6","23818.4","23823.65","0","0"
"a9e5fbf5","2026-04-13T10:17:52.306114100Z","NIFTY","CE","NFO:NIFTY2641323850CE","UNDERLYING","2026-04-13T09:59:52Z","ONE_MINUTE","23817.4","23825.05","23814.65","23818.9","0","0"
"a9e5fbf5","2026-04-13T10:17:52.306114100Z","NIFTY","CE","NFO:NIFTY2641323850CE","OPTION","2026-04-13T09:47:52Z","ONE_MINUTE","0.15","0.2","0.1","0.15","12126335","34539245"
"a9e5fbf5","2026-04-13T10:17:52.306114100Z","NIFTY","CE","NFO:NIFTY2641323850CE","OPTION","2026-04-13T09:48:52Z","ONE_MINUTE","0.1","0.15","0.1","0.1","6062355","34539245"
"a9e5fbf5","2026-04-13T10:17:52.306114100Z","NIFTY","CE","NFO:NIFTY2641323850CE","OPTION","2026-04-13T09:49:52Z","ONE_MINUTE","0.15","0.15","0.05","0.1","10661235","34539245"
"a9e5fbf5","2026-04-13T10:17:52.306114100Z","NIFTY","CE","NFO:NIFTY2641323850CE","OPTION","2026-04-13T09:50:52Z","ONE_MINUTE","0.05","0.1","0.05","0.1","4662450","31980455"
"a9e5fbf5","2026-04-13T10:17:52.306114100Z","NIFTY","CE","NFO:NIFTY2641323850CE","OPTION","2026-04-13T09:51:52Z","ONE_MINUTE","0.1","0.1","0.05","0.05","3920020","31980455"
"a9e5fbf5","2026-04-13T10:17:52.306114100Z","NIFTY","CE","NFO:NIFTY2641323850CE","OPTION","2026-04-13T09:52:52Z","ONE_MINUTE","0.1","0.1","0.05","0.05","9041240","31980455"
"a9e5fbf5","2026-04-13T10:17:52.306114100Z","NIFTY","CE","NFO:NIFTY2641323850CE","OPTION","2026-04-13T09:53:52Z","ONE_MINUTE","0.05","0.05","0.05","0.05","2586025","27323660"
"a9e5fbf5","2026-04-13T10:17:52.306114100Z","NIFTY","CE","NFO:NIFTY2641323850CE","OPTION","2026-04-13T09:54:52Z","ONE_MINUTE","0.05","0.05","0.05","0.05","2251275","27323660"
"a9e5fbf5","2026-04-13T10:17:52.306114100Z","NIFTY","CE","NFO:NIFTY2641323850CE","OPTION","2026-04-13T09:55:52Z","ONE_MINUTE","0.05","0.05","0.05","0.05","1268930","27323660"
"a9e5fbf5","2026-04-13T10:17:52.306114100Z","NIFTY","CE","NFO:NIFTY2641323850CE","OPTION","2026-04-13T09:56:52Z","ONE_MINUTE","0.05","0.05","0.05","0.05","1071655","23581545"
"a9e5fbf5","2026-04-13T10:17:52.306114100Z","NIFTY","CE","NFO:NIFTY2641323850CE","OPTION","2026-04-13T09:57:52Z","ONE_MINUTE","0.05","0.05","0.05","0.05","1374880","23581545"
"a9e5fbf5","2026-04-13T10:17:52.306114100Z","NIFTY","CE","NFO:NIFTY2641323850CE","OPTION","2026-04-13T09:58:52Z","ONE_MINUTE","0.05","0.05","0.05","0.05","407225","23581545"
"a9e5fbf5","2026-04-13T10:17:52.306114100Z","NIFTY","CE","NFO:NIFTY2641323850CE","OPTION","2026-04-13T09:59:52Z","ONE_MINUTE","0.05","0.05","0.05","0.05","43615","21555365"
"6e8f2654","2026-04-13T10:17:52.493121100Z","NIFTY","PE","NFO:NIFTY2641323850PE","UNDERLYING","2026-04-13T09:47:52Z","ONE_MINUTE","23830.85","23840.45","23830.85","23835.7","0","0"
"6e8f2654","2026-04-13T10:17:52.493121100Z","NIFTY","PE","NFO:NIFTY2641323850PE","UNDERLYING","2026-04-13T09:48:52Z","ONE_MINUTE","23836.8","23839.95","23828.95","23828.95","0","0"
"6e8f2654","2026-04-13T10:17:52.493121100Z","NIFTY","PE","NFO:NIFTY2641323850PE","UNDERLYING","2026-04-13T09:49:52Z","ONE_MINUTE","23829","23829","23819.35","23828.25","0","0"
"6e8f2654","2026-04-13T10:17:52.493121100Z","NIFTY","PE","NFO:NIFTY2641323850PE","UNDERLYING","2026-04-13T09:50:52Z","ONE_MINUTE","23827.7","23832.15","23827.15","23829.6","0","0"
"6e8f2654","2026-04-13T10:17:52.493121100Z","NIFTY","PE","NFO:NIFTY2641323850PE","UNDERLYING","2026-04-13T09:51:52Z","ONE_MINUTE","23828.9","23831.7","23825","23825.6","0","0"
"6e8f2654","2026-04-13T10:17:52.493121100Z","NIFTY","PE","NFO:NIFTY2641323850PE","UNDERLYING","2026-04-13T09:52:52Z","ONE_MINUTE","23825","23825.5","23816.8","23818.6","0","0"
"6e8f2654","2026-04-13T10:17:52.493121100Z","NIFTY","PE","NFO:NIFTY2641323850PE","UNDERLYING","2026-04-13T09:53:52Z","ONE_MINUTE","23818.55","23823.35","23818.1","23822","0","0"
"6e8f2654","2026-04-13T10:17:52.493121100Z","NIFTY","PE","NFO:NIFTY2641323850PE","UNDERLYING","2026-04-13T09:54:52Z","ONE_MINUTE","23821.6","23826","23816.15","23824","0","0"
"6e8f2654","2026-04-13T10:17:52.493121100Z","NIFTY","PE","NFO:NIFTY2641323850PE","UNDERLYING","2026-04-13T09:55:52Z","ONE_MINUTE","23823.3","23825.7","23819.2","23819.3","0","0"
"6e8f2654","2026-04-13T10:17:52.493121100Z","NIFTY","PE","NFO:NIFTY2641323850PE","UNDERLYING","2026-04-13T09:56:52Z","ONE_MINUTE","23820","23826.05","23818.75","23824.05","0","0"
"6e8f2654","2026-04-13T10:17:52.493121100Z","NIFTY","PE","NFO:NIFTY2641323850PE","UNDERLYING","2026-04-13T09:57:52Z","ONE_MINUTE","23824.85","23827.8","23819.15","23820.2","0","0"
"6e8f2654","2026-04-13T10:17:52.493121100Z","NIFTY","PE","NFO:NIFTY2641323850PE","UNDERLYING","2026-04-13T09:58:52Z","ONE_MINUTE","23820.55","23826.6","23818.4","23823.65","0","0"
"6e8f2654","2026-04-13T10:17:52.493121100Z","NIFTY","PE","NFO:NIFTY2641323850PE","UNDERLYING","2026-04-13T09:59:52Z","ONE_MINUTE","23817.4","23825.05","23814.65","23818.9","0","0"
"6e8f2654","2026-04-13T10:17:52.493121100Z","NIFTY","PE","NFO:NIFTY2641323850PE","OPTION","2026-04-13T09:47:52Z","ONE_MINUTE","11.95","13","10.7","12.55","11284715","24049675"
"6e8f2654","2026-04-13T10:17:52.493121100Z","NIFTY","PE","NFO:NIFTY2641323850PE","OPTION","2026-04-13T09:48:52Z","ONE_MINUTE","12.3","12.55","8.55","12.35","16828760","24049675"
"6e8f2654","2026-04-13T10:17:52.493121100Z","NIFTY","PE","NFO:NIFTY2641323850PE","OPTION","2026-04-13T09:49:52Z","ONE_MINUTE","12.6","14.55","11.55","11.65","12674415","24049675"
"6e8f2654","2026-04-13T10:17:52.493121100Z","NIFTY","PE","NFO:NIFTY2641323850PE","OPTION","2026-04-13T09:50:52Z","ONE_MINUTE","11.6","11.85","10.7","10.8","8021325","20698860"
"6e8f2654","2026-04-13T10:17:52.493121100Z","NIFTY","PE","NFO:NIFTY2641323850PE","OPTION","2026-04-13T09:51:52Z","ONE_MINUTE","10.85","11.5","9.4","11.5","9748440","20698860"
"6e8f2654","2026-04-13T10:17:52.493121100Z","NIFTY","PE","NFO:NIFTY2641323850PE","OPTION","2026-04-13T09:52:52Z","ONE_MINUTE","11.55","12.55","10.9","11.55","7820410","20698860"
"6e8f2654","2026-04-13T10:17:52.493121100Z","NIFTY","PE","NFO:NIFTY2641323850PE","OPTION","2026-04-13T09:53:52Z","ONE_MINUTE","11.5","11.7","9.4","9.75","9238450","18194410"
"6e8f2654","2026-04-13T10:17:52.493121100Z","NIFTY","PE","NFO:NIFTY2641323850PE","OPTION","2026-04-13T09:54:52Z","ONE_MINUTE","9.8","10.45","8.75","8.8","8994050","18194410"
"6e8f2654","2026-04-13T10:17:52.493121100Z","NIFTY","PE","NFO:NIFTY2641323850PE","OPTION","2026-04-13T09:55:52Z","ONE_MINUTE","8.85","9.15","7.45","7.5","9259575","18194410"
"6e8f2654","2026-04-13T10:17:52.493121100Z","NIFTY","PE","NFO:NIFTY2641323850PE","OPTION","2026-04-13T09:56:52Z","ONE_MINUTE","7.8","8.45","7.2","7.35","6851845","14261715"
"6e8f2654","2026-04-13T10:17:52.493121100Z","NIFTY","PE","NFO:NIFTY2641323850PE","OPTION","2026-04-13T09:57:52Z","ONE_MINUTE","7.3","7.3","6.8","7.1","6404385","14261715"
"6e8f2654","2026-04-13T10:17:52.493121100Z","NIFTY","PE","NFO:NIFTY2641323850PE","OPTION","2026-04-13T09:58:52Z","ONE_MINUTE","7.1","7.4","7","7.4","6328985","14261715"
"6e8f2654","2026-04-13T10:17:52.493121100Z","NIFTY","PE","NFO:NIFTY2641323850PE","OPTION","2026-04-13T09:59:52Z","ONE_MINUTE","7.4","7.4","7.3","7.35","715065","11434995"
"4f1a9074","2026-04-13T10:18:52.925999300Z","NIFTY","CE","NFO:NIFTY2641323850CE","UNDERLYING","2026-04-13T09:48:52Z","ONE_MINUTE","23836.8","23839.95","23828.95","23828.95","0","0"
"4f1a9074","2026-04-13T10:18:52.925999300Z","NIFTY","CE","NFO:NIFTY2641323850CE","UNDERLYING","2026-04-13T09:49:52Z","ONE_MINUTE","23829","23829","23819.35","23828.25","0","0"
"4f1a9074","2026-04-13T10:18:52.925999300Z","NIFTY","CE","NFO:NIFTY2641323850CE","UNDERLYING","2026-04-13T09:50:52Z","ONE_MINUTE","23827.7","23832.15","23827.15","23829.6","0","0"
"4f1a9074","2026-04-13T10:18:52.925999300Z","NIFTY","CE","NFO:NIFTY2641323850CE","UNDERLYING","2026-04-13T09:51:52Z","ONE_MINUTE","23828.9","23831.7","23825","23825.6","0","0"
"4f1a9074","2026-04-13T10:18:52.925999300Z","NIFTY","CE","NFO:NIFTY2641323850CE","UNDERLYING","2026-04-13T09:52:52Z","ONE_MINUTE","23825","23825.5","23816.8","23818.6","0","0"
"4f1a9074","2026-04-13T10:18:52.925999300Z","NIFTY","CE","NFO:NIFTY2641323850CE","UNDERLYING","2026-04-13T09:53:52Z","ONE_MINUTE","23818.55","23823.35","23818.1","23822","0","0"
"4f1a9074","2026-04-13T10:18:52.925999300Z","NIFTY","CE","NFO:NIFTY2641323850CE","UNDERLYING","2026-04-13T09:54:52Z","ONE_MINUTE","23821.6","23826","23816.15","23824","0","0"
"4f1a9074","2026-04-13T10:18:52.925999300Z","NIFTY","CE","NFO:NIFTY2641323850CE","UNDERLYING","2026-04-13T09:55:52Z","ONE_MINUTE","23823.3","23825.7","23819.2","23819.3","0","0"
"4f1a9074","2026-04-13T10:18:52.925999300Z","NIFTY","CE","NFO:NIFTY2641323850CE","UNDERLYING","2026-04-13T09:56:52Z","ONE_MINUTE","23820","23826.05","23818.75","23824.05","0","0"
"4f1a9074","2026-04-13T10:18:52.925999300Z","NIFTY","CE","NFO:NIFTY2641323850CE","UNDERLYING","2026-04-13T09:57:52Z","ONE_MINUTE","23824.85","23827.8","23819.15","23820.2","0","0"
"4f1a9074","2026-04-13T10:18:52.925999300Z","NIFTY","CE","NFO:NIFTY2641323850CE","UNDERLYING","2026-04-13T09:58:52Z","ONE_MINUTE","23820.55","23826.6","23818.4","23823.65","0","0"
"4f1a9074","2026-04-13T10:18:52.925999300Z","NIFTY","CE","NFO:NIFTY2641323850CE","UNDERLYING","2026-04-13T09:59:52Z","ONE_MINUTE","23817.4","23825.05","23814.65","23818.9","0","0"
"4f1a9074","2026-04-13T10:18:52.925999300Z","NIFTY","CE","NFO:NIFTY2641323850CE","OPTION","2026-04-13T09:48:52Z","ONE_MINUTE","0.1","0.15","0.1","0.1","6062355","34539245"
"4f1a9074","2026-04-13T10:18:52.925999300Z","NIFTY","CE","NFO:NIFTY2641323850CE","OPTION","2026-04-13T09:49:52Z","ONE_MINUTE","0.15","0.15","0.05","0.1","10661235","34539245"
"4f1a9074","2026-04-13T10:18:52.925999300Z","NIFTY","CE","NFO:NIFTY2641323850CE","OPTION","2026-04-13T09:50:52Z","ONE_MINUTE","0.05","0.1","0.05","0.1","4662450","31980455"
"4f1a9074","2026-04-13T10:18:52.925999300Z","NIFTY","CE","NFO:NIFTY2641323850CE","OPTION","2026-04-13T09:51:52Z","ONE_MINUTE","0.1","0.1","0.05","0.05","3920020","31980455"
"4f1a9074","2026-04-13T10:18:52.925999300Z","NIFTY","CE","NFO:NIFTY2641323850CE","OPTION","2026-04-13T09:52:52Z","ONE_MINUTE","0.1","0.1","0.05","0.05","9041240","31980455"
"4f1a9074","2026-04-13T10:18:52.925999300Z","NIFTY","CE","NFO:NIFTY2641323850CE","OPTION","2026-04-13T09:53:52Z","ONE_MINUTE","0.05","0.05","0.05","0.05","2586025","27323660"
"4f1a9074","2026-04-13T10:18:52.925999300Z","NIFTY","CE","NFO:NIFTY2641323850CE","OPTION","2026-04-13T09:54:52Z","ONE_MINUTE","0.05","0.05","0.05","0.05","2251275","27323660"
"4f1a9074","2026-04-13T10:18:52.925999300Z","NIFTY","CE","NFO:NIFTY2641323850CE","OPTION","2026-04-13T09:55:52Z","ONE_MINUTE","0.05","0.05","0.05","0.05","1268930","27323660"
"4f1a9074","2026-04-13T10:18:52.925999300Z","NIFTY","CE","NFO:NIFTY2641323850CE","OPTION","2026-04-13T09:56:52Z","ONE_MINUTE","0.05","0.05","0.05","0.05","1071655","23581545"
"4f1a9074","2026-04-13T10:18:52.925999300Z","NIFTY","CE","NFO:NIFTY2641323850CE","OPTION","2026-04-13T09:57:52Z","ONE_MINUTE","0.05","0.05","0.05","0.05","1374880","23581545"
"4f1a9074","2026-04-13T10:18:52.925999300Z","NIFTY","CE","NFO:NIFTY2641323850CE","OPTION","2026-04-13T09:58:52Z","ONE_MINUTE","0.05","0.05","0.05","0.05","407225","23581545"
"4f1a9074","2026-04-13T10:18:52.925999300Z","NIFTY","CE","NFO:NIFTY2641323850CE","OPTION","2026-04-13T09:59:52Z","ONE_MINUTE","0.05","0.05","0.05","0.05","43615","21555365"
"a3fb7497","2026-04-13T10:18:53.060496900Z","NIFTY","PE","NFO:NIFTY2641323850PE","UNDERLYING","2026-04-13T09:48:52Z","ONE_MINUTE","23836.8","23839.95","23828.95","23828.95","0","0"
"a3fb7497","2026-04-13T10:18:53.060496900Z","NIFTY","PE","NFO:NIFTY2641323850PE","UNDERLYING","2026-04-13T09:49:52Z","ONE_MINUTE","23829","23829","23819.35","23828.25","0","0"
"a3fb7497","2026-04-13T10:18:53.060496900Z","NIFTY","PE","NFO:NIFTY2641323850PE","UNDERLYING","2026-04-13T09:50:52Z","ONE_MINUTE","23827.7","23832.15","23827.15","23829.6","0","0"
"a3fb7497","2026-04-13T10:18:53.060496900Z","NIFTY","PE","NFO:NIFTY2641323850PE","UNDERLYING","2026-04-13T09:51:52Z","ONE_MINUTE","23828.9","23831.7","23825","23825.6","0","0"
"a3fb7497","2026-04-13T10:18:53.060496900Z","NIFTY","PE","NFO:NIFTY2641323850PE","UNDERLYING","2026-04-13T09:52:52Z","ONE_MINUTE","23825","23825.5","23816.8","23818.6","0","0"
"a3fb7497","2026-04-13T10:18:53.060496900Z","NIFTY","PE","NFO:NIFTY2641323850PE","UNDERLYING","2026-04-13T09:53:52Z","ONE_MINUTE","23818.55","23823.35","23818.1","23822","0","0"
"a3fb7497","2026-04-13T10:18:53.060496900Z","NIFTY","PE","NFO:NIFTY2641323850PE","UNDERLYING","2026-04-13T09:54:52Z","ONE_MINUTE","23821.6","23826","23816.15","23824","0","0"
"a3fb7497","2026-04-13T10:18:53.060496900Z","NIFTY","PE","NFO:NIFTY2641323850PE","UNDERLYING","2026-04-13T09:55:52Z","ONE_MINUTE","23823.3","23825.7","23819.2","23819.3","0","0"
"a3fb7497","2026-04-13T10:18:53.060496900Z","NIFTY","PE","NFO:NIFTY2641323850PE","UNDERLYING","2026-04-13T09:56:52Z","ONE_MINUTE","23820","23826.05","23818.75","23824.05","0","0"
"a3fb7497","2026-04-13T10:18:53.060496900Z","NIFTY","PE","NFO:NIFTY2641323850PE","UNDERLYING","2026-04-13T09:57:52Z","ONE_MINUTE","23824.85","23827.8","23819.15","23820.2","0","0"
"a3fb7497","2026-04-13T10:18:53.060496900Z","NIFTY","PE","NFO:NIFTY2641323850PE","UNDERLYING","2026-04-13T09:58:52Z","ONE_MINUTE","23820.55","23826.6","23818.4","23823.65","0","0"
"a3fb7497","2026-04-13T10:18:53.060496900Z","NIFTY","PE","NFO:NIFTY2641323850PE","UNDERLYING","2026-04-13T09:59:52Z","ONE_MINUTE","23817.4","23825.05","23814.65","23818.9","0","0"
"a3fb7497","2026-04-13T10:18:53.060496900Z","NIFTY","PE","NFO:NIFTY2641323850PE","OPTION","2026-04-13T09:48:52Z","ONE_MINUTE","12.3","12.55","8.55","12.35","16828760","24049675"
"a3fb7497","2026-04-13T10:18:53.060496900Z","NIFTY","PE","NFO:NIFTY2641323850PE","OPTION","2026-04-13T09:49:52Z","ONE_MINUTE","12.6","14.55","11.55","11.65","12674415","24049675"
"a3fb7497","2026-04-13T10:18:53.060496900Z","NIFTY","PE","NFO:NIFTY2641323850PE","OPTION","2026-04-13T09:50:52Z","ONE_MINUTE","11.6","11.85","10.7","10.8","8021325","20698860"
"a3fb7497","2026-04-13T10:18:53.060496900Z","NIFTY","PE","NFO:NIFTY2641323850PE","OPTION","2026-04-13T09:51:52Z","ONE_MINUTE","10.85","11.5","9.4","11.5","9748440","20698860"
"a3fb7497","2026-04-13T10:18:53.060496900Z","NIFTY","PE","NFO:NIFTY2641323850PE","OPTION","2026-04-13T09:52:52Z","ONE_MINUTE","11.55","12.55","10.9","11.55","7820410","20698860"
"a3fb7497","2026-04-13T10:18:53.060496900Z","NIFTY","PE","NFO:NIFTY2641323850PE","OPTION","2026-04-13T09:53:52Z","ONE_MINUTE","11.5","11.7","9.4","9.75","9238450","18194410"
"a3fb7497","2026-04-13T10:18:53.060496900Z","NIFTY","PE","NFO:NIFTY2641323850PE","OPTION","2026-04-13T09:54:52Z","ONE_MINUTE","9.8","10.45","8.75","8.8","8994050","18194410"
"a3fb7497","2026-04-13T10:18:53.060496900Z","NIFTY","PE","NFO:NIFTY2641323850PE","OPTION","2026-04-13T09:55:52Z","ONE_MINUTE","8.85","9.15","7.45","7.5","9259575","18194410"
"a3fb7497","2026-04-13T10:18:53.060496900Z","NIFTY","PE","NFO:NIFTY2641323850PE","OPTION","2026-04-13T09:56:52Z","ONE_MINUTE","7.8","8.45","7.2","7.35","6851845","14261715"
"a3fb7497","2026-04-13T10:18:53.060496900Z","NIFTY","PE","NFO:NIFTY2641323850PE","OPTION","2026-04-13T09:57:52Z","ONE_MINUTE","7.3","7.3","6.8","7.1","6404385","14261715"
"a3fb7497","2026-04-13T10:18:53.060496900Z","NIFTY","PE","NFO:NIFTY2641323850PE","OPTION","2026-04-13T09:58:52Z","ONE_MINUTE","7.1","7.4","7","7.4","6328985","14261715"
"a3fb7497","2026-04-13T10:18:53.060496900Z","NIFTY","PE","NFO:NIFTY2641323850PE","OPTION","2026-04-13T09:59:52Z","ONE_MINUTE","7.4","7.4","7.3","7.35","715065","11434995"
"174fd288","2026-04-13T10:19:53.590801700Z","NIFTY","CE","NFO:NIFTY2641323850CE","UNDERLYING","2026-04-13T09:49:53Z","ONE_MINUTE","23828.4","23828.45","23819.35","23827.15","0","0"
"174fd288","2026-04-13T10:19:53.590801700Z","NIFTY","CE","NFO:NIFTY2641323850CE","UNDERLYING","2026-04-13T09:50:53Z","ONE_MINUTE","23827.15","23832.15","23827.15","23829.3","0","0"
"174fd288","2026-04-13T10:19:53.590801700Z","NIFTY","CE","NFO:NIFTY2641323850CE","UNDERLYING","2026-04-13T09:51:53Z","ONE_MINUTE","23829.75","23831.7","23825","23825.5","0","0"
"174fd288","2026-04-13T10:19:53.590801700Z","NIFTY","CE","NFO:NIFTY2641323850CE","UNDERLYING","2026-04-13T09:52:53Z","ONE_MINUTE","23824.8","23825.2","23816.8","23818.1","0","0"
"174fd288","2026-04-13T10:19:53.590801700Z","NIFTY","CE","NFO:NIFTY2641323850CE","UNDERLYING","2026-04-13T09:53:53Z","ONE_MINUTE","23818.1","23823.35","23818.1","23822.05","0","0"
"174fd288","2026-04-13T10:19:53.590801700Z","NIFTY","CE","NFO:NIFTY2641323850CE","UNDERLYING","2026-04-13T09:54:53Z","ONE_MINUTE","23821.65","23826","23816.15","23822.4","0","0"
"174fd288","2026-04-13T10:19:53.590801700Z","NIFTY","CE","NFO:NIFTY2641323850CE","UNDERLYING","2026-04-13T09:55:53Z","ONE_MINUTE","23822.7","23825.7","23819.2","23819.9","0","0"
"174fd288","2026-04-13T10:19:53.590801700Z","NIFTY","CE","NFO:NIFTY2641323850CE","UNDERLYING","2026-04-13T09:56:53Z","ONE_MINUTE","23819.8","23826.05","23818.75","23823.95","0","0"
"174fd288","2026-04-13T10:19:53.590801700Z","NIFTY","CE","NFO:NIFTY2641323850CE","UNDERLYING","2026-04-13T09:57:53Z","ONE_MINUTE","23824","23827.8","23818.6","23818.6","0","0"
"174fd288","2026-04-13T10:19:53.590801700Z","NIFTY","CE","NFO:NIFTY2641323850CE","UNDERLYING","2026-04-13T09:58:53Z","ONE_MINUTE","23820.1","23826.6","23817.25","23817.25","0","0"
"174fd288","2026-04-13T10:19:53.590801700Z","NIFTY","CE","NFO:NIFTY2641323850CE","UNDERLYING","2026-04-13T09:59:53Z","ONE_MINUTE","23817.95","23825.05","23814.65","23818.9","0","0"
"174fd288","2026-04-13T10:19:53.590801700Z","NIFTY","CE","NFO:NIFTY2641323850CE","OPTION","2026-04-13T09:49:53Z","ONE_MINUTE","0.1","0.15","0.05","0.05","10651615","34539245"
"174fd288","2026-04-13T10:19:53.590801700Z","NIFTY","CE","NFO:NIFTY2641323850CE","OPTION","2026-04-13T09:50:53Z","ONE_MINUTE","0.05","0.1","0.05","0.05","4649515","31980455"
"174fd288","2026-04-13T10:19:53.590801700Z","NIFTY","CE","NFO:NIFTY2641323850CE","OPTION","2026-04-13T09:51:53Z","ONE_MINUTE","0.05","0.1","0.05","0.1","3870360","31980455"
"174fd288","2026-04-13T10:19:53.590801700Z","NIFTY","CE","NFO:NIFTY2641323850CE","OPTION","2026-04-13T09:52:53Z","ONE_MINUTE","0.1","0.1","0.05","0.05","9047285","31980455"
"174fd288","2026-04-13T10:19:53.590801700Z","NIFTY","CE","NFO:NIFTY2641323850CE","OPTION","2026-04-13T09:53:53Z","ONE_MINUTE","0.05","0.05","0.05","0.05","2502435","27323660"
"174fd288","2026-04-13T10:19:53.590801700Z","NIFTY","CE","NFO:NIFTY2641323850CE","OPTION","2026-04-13T09:54:53Z","ONE_MINUTE","0.05","0.05","0.05","0.05","2291120","27323660"
"174fd288","2026-04-13T10:19:53.590801700Z","NIFTY","CE","NFO:NIFTY2641323850CE","OPTION","2026-04-13T09:55:53Z","ONE_MINUTE","0.05","0.05","0.05","0.05","1290250","27323660"
"174fd288","2026-04-13T10:19:53.590801700Z","NIFTY","CE","NFO:NIFTY2641323850CE","OPTION","2026-04-13T09:56:53Z","ONE_MINUTE","0.05","0.05","0.05","0.05","1010490","23581545"
"174fd288","2026-04-13T10:19:53.590801700Z","NIFTY","CE","NFO:NIFTY2641323850CE","OPTION","2026-04-13T09:57:53Z","ONE_MINUTE","0.05","0.05","0.05","0.05","1382095","23581545"
"174fd288","2026-04-13T10:19:53.590801700Z","NIFTY","CE","NFO:NIFTY2641323850CE","OPTION","2026-04-13T09:58:53Z","ONE_MINUTE","0.05","0.05","0.05","0.05","400010","23581545"
"174fd288","2026-04-13T10:19:53.590801700Z","NIFTY","CE","NFO:NIFTY2641323850CE","OPTION","2026-04-13T09:59:53Z","ONE_MINUTE","0.05","0.05","0.05","0.05","43615","21555365"
"29507592","2026-04-13T10:19:53.731404100Z","NIFTY","PE","NFO:NIFTY2641323850PE","UNDERLYING","2026-04-13T09:49:53Z","ONE_MINUTE","23828.4","23828.45","23819.35","23827.15","0","0"
"29507592","2026-04-13T10:19:53.731404100Z","NIFTY","PE","NFO:NIFTY2641323850PE","UNDERLYING","2026-04-13T09:50:53Z","ONE_MINUTE","23827.15","23832.15","23827.15","23829.3","0","0"
"29507592","2026-04-13T10:19:53.731404100Z","NIFTY","PE","NFO:NIFTY2641323850PE","UNDERLYING","2026-04-13T09:51:53Z","ONE_MINUTE","23829.75","23831.7","23825","23825.5","0","0"
"29507592","2026-04-13T10:19:53.731404100Z","NIFTY","PE","NFO:NIFTY2641323850PE","UNDERLYING","2026-04-13T09:52:53Z","ONE_MINUTE","23824.8","23825.2","23816.8","23818.1","0","0"
"29507592","2026-04-13T10:19:53.731404100Z","NIFTY","PE","NFO:NIFTY2641323850PE","UNDERLYING","2026-04-13T09:53:53Z","ONE_MINUTE","23818.1","23823.35","23818.1","23822.05","0","0"
"29507592","2026-04-13T10:19:53.731404100Z","NIFTY","PE","NFO:NIFTY2641323850PE","UNDERLYING","2026-04-13T09:54:53Z","ONE_MINUTE","23821.65","23826","23816.15","23822.4","0","0"
"29507592","2026-04-13T10:19:53.731404100Z","NIFTY","PE","NFO:NIFTY2641323850PE","UNDERLYING","2026-04-13T09:55:53Z","ONE_MINUTE","23822.7","23825.7","23819.2","23819.9","0","0"
"29507592","2026-04-13T10:19:53.731404100Z","NIFTY","PE","NFO:NIFTY2641323850PE","UNDERLYING","2026-04-13T09:56:53Z","ONE_MINUTE","23819.8","23826.05","23818.75","23823.95","0","0"
"29507592","2026-04-13T10:19:53.731404100Z","NIFTY","PE","NFO:NIFTY2641323850PE","UNDERLYING","2026-04-13T09:57:53Z","ONE_MINUTE","23824","23827.8","23818.6","23818.6","0","0"
"29507592","2026-04-13T10:19:53.731404100Z","NIFTY","PE","NFO:NIFTY2641323850PE","UNDERLYING","2026-04-13T09:58:53Z","ONE_MINUTE","23820.1","23826.6","23817.25","23817.25","0","0"
"29507592","2026-04-13T10:19:53.731404100Z","NIFTY","PE","NFO:NIFTY2641323850PE","UNDERLYING","2026-04-13T09:59:53Z","ONE_MINUTE","23817.95","23825.05","23814.65","23818.9","0","0"
"29507592","2026-04-13T10:19:53.731404100Z","NIFTY","PE","NFO:NIFTY2641323850PE","OPTION","2026-04-13T09:49:53Z","ONE_MINUTE","12.55","14.55","11.55","11.55","12611820","24049675"
"29507592","2026-04-13T10:19:53.731404100Z","NIFTY","PE","NFO:NIFTY2641323850PE","OPTION","2026-04-13T09:50:53Z","ONE_MINUTE","11.65","11.85","10.7","10.75","8035365","20698860"
"29507592","2026-04-13T10:19:53.731404100Z","NIFTY","PE","NFO:NIFTY2641323850PE","OPTION","2026-04-13T09:51:53Z","ONE_MINUTE","10.8","11.6","9.4","11.6","9926085","20698860"
"29507592","2026-04-13T10:19:53.731404100Z","NIFTY","PE","NFO:NIFTY2641323850PE","OPTION","2026-04-13T09:52:53Z","ONE_MINUTE","11.45","12.55","10.9","11.6","7529145","20698860"
"29507592","2026-04-13T10:19:53.731404100Z","NIFTY","PE","NFO:NIFTY2641323850PE","OPTION","2026-04-13T09:53:53Z","ONE_MINUTE","11.5","11.7","9.4","9.8","9146150","18194410"
"29507592","2026-04-13T10:19:53.731404100Z","NIFTY","PE","NFO:NIFTY2641323850PE","OPTION","2026-04-13T09:54:53Z","ONE_MINUTE","9.9","10.45","8.75","8.8","9304555","18194410"
"29507592","2026-04-13T10:19:53.731404100Z","NIFTY","PE","NFO:NIFTY2641323850PE","OPTION","2026-04-13T09:55:53Z","ONE_MINUTE","8.85","9.15","7.45","7.75","9331010","18194410"
"29507592","2026-04-13T10:19:53.731404100Z","NIFTY","PE","NFO:NIFTY2641323850PE","OPTION","2026-04-13T09:56:53Z","ONE_MINUTE","7.75","8.45","7.2","7.3","6469905","14261715"
"29507592","2026-04-13T10:19:53.731404100Z","NIFTY","PE","NFO:NIFTY2641323850PE","OPTION","2026-04-13T09:57:53Z","ONE_MINUTE","7.15","7.3","6.8","7.1","6490445","14261715"
"29507592","2026-04-13T10:19:53.731404100Z","NIFTY","PE","NFO:NIFTY2641323850PE","OPTION","2026-04-13T09:58:53Z","ONE_MINUTE","7.1","7.4","7","7.35","6242925","14261715"
"29507592","2026-04-13T10:19:53.731404100Z","NIFTY","PE","NFO:NIFTY2641323850PE","OPTION","2026-04-13T09:59:53Z","ONE_MINUTE","7.35","7.4","7.3","7.35","715065","11434995"
"94fee71e","2026-04-13T10:20:54.179510Z","NIFTY","CE","NFO:NIFTY2641323850CE","UNDERLYING","2026-04-13T09:50:54Z","ONE_MINUTE","23827.5","23832.15","23827.5","23829.7","0","0"
"94fee71e","2026-04-13T10:20:54.179510Z","NIFTY","CE","NFO:NIFTY2641323850CE","UNDERLYING","2026-04-13T09:51:54Z","ONE_MINUTE","23829","23831.7","23824.65","23824.65","0","0"
"94fee71e","2026-04-13T10:20:54.179510Z","NIFTY","CE","NFO:NIFTY2641323850CE","UNDERLYING","2026-04-13T09:52:54Z","ONE_MINUTE","23824.55","23825.2","23816.8","23818.45","0","0"
"94fee71e","2026-04-13T10:20:54.179510Z","NIFTY","CE","NFO:NIFTY2641323850CE","UNDERLYING","2026-04-13T09:53:54Z","ONE_MINUTE","23818.8","23823.35","23818.2","23821.85","0","0"
"94fee71e","2026-04-13T10:20:54.179510Z","NIFTY","CE","NFO:NIFTY2641323850CE","UNDERLYING","2026-04-13T09:54:54Z","ONE_MINUTE","23821.05","23826","23816.15","23822.95","0","0"
"94fee71e","2026-04-13T10:20:54.179510Z","NIFTY","CE","NFO:NIFTY2641323850CE","UNDERLYING","2026-04-13T09:55:54Z","ONE_MINUTE","23824.35","23825.7","23819.2","23820.45","0","0"
"94fee71e","2026-04-13T10:20:54.179510Z","NIFTY","CE","NFO:NIFTY2641323850CE","UNDERLYING","2026-04-13T09:56:54Z","ONE_MINUTE","23820.45","23826.05","23818.75","23823.9","0","0"
"94fee71e","2026-04-13T10:20:54.179510Z","NIFTY","CE","NFO:NIFTY2641323850CE","UNDERLYING","2026-04-13T09:57:54Z","ONE_MINUTE","23824.65","23827.8","23818.6","23819.7","0","0"
"94fee71e","2026-04-13T10:20:54.179510Z","NIFTY","CE","NFO:NIFTY2641323850CE","UNDERLYING","2026-04-13T09:58:54Z","ONE_MINUTE","23819.35","23826.6","23817.25","23821.9","0","0"
"94fee71e","2026-04-13T10:20:54.179510Z","NIFTY","CE","NFO:NIFTY2641323850CE","UNDERLYING","2026-04-13T09:59:54Z","ONE_MINUTE","23821.2","23825.05","23814.65","23818.9","0","0"
"94fee71e","2026-04-13T10:20:54.179510Z","NIFTY","CE","NFO:NIFTY2641323850CE","OPTION","2026-04-13T09:50:54Z","ONE_MINUTE","0.05","0.1","0.05","0.05","4649515","31980455"
"94fee71e","2026-04-13T10:20:54.179510Z","NIFTY","CE","NFO:NIFTY2641323850CE","OPTION","2026-04-13T09:51:54Z","ONE_MINUTE","0.1","0.1","0.05","0.1","3997240","31980455"
"94fee71e","2026-04-13T10:20:54.179510Z","NIFTY","CE","NFO:NIFTY2641323850CE","OPTION","2026-04-13T09:52:54Z","ONE_MINUTE","0.1","0.1","0.05","0.05","8920405","31980455"
"94fee71e","2026-04-13T10:20:54.179510Z","NIFTY","CE","NFO:NIFTY2641323850CE","OPTION","2026-04-13T09:53:54Z","ONE_MINUTE","0.05","0.05","0.05","0.05","2536040","27323660"
"94fee71e","2026-04-13T10:20:54.179510Z","NIFTY","CE","NFO:NIFTY2641323850CE","OPTION","2026-04-13T09:54:54Z","ONE_MINUTE","0.05","0.05","0.05","0.05","2257515","27323660"
"94fee71e","2026-04-13T10:20:54.179510Z","NIFTY","CE","NFO:NIFTY2641323850CE","OPTION","2026-04-13T09:55:54Z","ONE_MINUTE","0.05","0.05","0.05","0.05","1361945","27323660"
"94fee71e","2026-04-13T10:20:54.179510Z","NIFTY","CE","NFO:NIFTY2641323850CE","OPTION","2026-04-13T09:56:54Z","ONE_MINUTE","0.05","0.05","0.05","0.05","1039090","23581545"
"94fee71e","2026-04-13T10:20:54.179510Z","NIFTY","CE","NFO:NIFTY2641323850CE","OPTION","2026-04-13T09:57:54Z","ONE_MINUTE","0.05","0.05","0.05","0.05","1291875","23581545"
"94fee71e","2026-04-13T10:20:54.179510Z","NIFTY","CE","NFO:NIFTY2641323850CE","OPTION","2026-04-13T09:58:54Z","ONE_MINUTE","0.05","0.05","0.05","0.05","408525","23581545"
"94fee71e","2026-04-13T10:20:54.179510Z","NIFTY","CE","NFO:NIFTY2641323850CE","OPTION","2026-04-13T09:59:54Z","ONE_MINUTE","0.05","0.05","0.05","0.05","25025","21555365"
"98731ba3","2026-04-13T10:20:54.465359800Z","NIFTY","PE","NFO:NIFTY2641323850PE","UNDERLYING","2026-04-13T09:50:54Z","ONE_MINUTE","23827.5","23832.15","23827.5","23829.7","0","0"
"98731ba3","2026-04-13T10:20:54.465359800Z","NIFTY","PE","NFO:NIFTY2641323850PE","UNDERLYING","2026-04-13T09:51:54Z","ONE_MINUTE","23829","23831.7","23824.65","23824.65","0","0"
"98731ba3","2026-04-13T10:20:54.465359800Z","NIFTY","PE","NFO:NIFTY2641323850PE","UNDERLYING","2026-04-13T09:52:54Z","ONE_MINUTE","23824.55","23825.2","23816.8","23818.45","0","0"
"98731ba3","2026-04-13T10:20:54.465359800Z","NIFTY","PE","NFO:NIFTY2641323850PE","UNDERLYING","2026-04-13T09:53:54Z","ONE_MINUTE","23818.8","23823.35","23818.2","23821.85","0","0"
"98731ba3","2026-04-13T10:20:54.465359800Z","NIFTY","PE","NFO:NIFTY2641323850PE","UNDERLYING","2026-04-13T09:54:54Z","ONE_MINUTE","23821.05","23826","23816.15","23822.95","0","0"
"98731ba3","2026-04-13T10:20:54.465359800Z","NIFTY","PE","NFO:NIFTY2641323850PE","UNDERLYING","2026-04-13T09:55:54Z","ONE_MINUTE","23824.35","23825.7","23819.2","23820.45","0","0"
"98731ba3","2026-04-13T10:20:54.465359800Z","NIFTY","PE","NFO:NIFTY2641323850PE","UNDERLYING","2026-04-13T09:56:54Z","ONE_MINUTE","23820.45","23826.05","23818.75","23823.9","0","0"
"98731ba3","2026-04-13T10:20:54.465359800Z","NIFTY","PE","NFO:NIFTY2641323850PE","UNDERLYING","2026-04-13T09:57:54Z","ONE_MINUTE","23824.65","23827.8","23818.6","23819.7","0","0"
"98731ba3","2026-04-13T10:20:54.465359800Z","NIFTY","PE","NFO:NIFTY2641323850PE","UNDERLYING","2026-04-13T09:58:54Z","ONE_MINUTE","23819.35","23826.6","23817.25","23821.9","0","0"
"98731ba3","2026-04-13T10:20:54.465359800Z","NIFTY","PE","NFO:NIFTY2641323850PE","UNDERLYING","2026-04-13T09:59:54Z","ONE_MINUTE","23821.2","23825.05","23814.65","23818.9","0","0"
"98731ba3","2026-04-13T10:20:54.465359800Z","NIFTY","PE","NFO:NIFTY2641323850PE","OPTION","2026-04-13T09:50:54Z","ONE_MINUTE","11.55","11.85","10.7","10.8","7852520","20698860"
"98731ba3","2026-04-13T10:20:54.465359800Z","NIFTY","PE","NFO:NIFTY2641323850PE","OPTION","2026-04-13T09:51:54Z","ONE_MINUTE","10.9","11.6","9.4","11.45","10266490","20698860"
"98731ba3","2026-04-13T10:20:54.465359800Z","NIFTY","PE","NFO:NIFTY2641323850PE","OPTION","2026-04-13T09:52:54Z","ONE_MINUTE","11.35","12.55","10.9","11.5","7188740","20698860"
"98731ba3","2026-04-13T10:20:54.465359800Z","NIFTY","PE","NFO:NIFTY2641323850PE","OPTION","2026-04-13T09:53:54Z","ONE_MINUTE","11.7","11.7","9.4","9.85","9317295","18194410"
"98731ba3","2026-04-13T10:20:54.465359800Z","NIFTY","PE","NFO:NIFTY2641323850PE","OPTION","2026-04-13T09:54:54Z","ONE_MINUTE","9.95","10.45","8.75","8.85","9133410","18194410"
"98731ba3","2026-04-13T10:20:54.465359800Z","NIFTY","PE","NFO:NIFTY2641323850PE","OPTION","2026-04-13T09:55:54Z","ONE_MINUTE","8.8","9.15","7.45","7.8","9530170","18194410"
"98731ba3","2026-04-13T10:20:54.465359800Z","NIFTY","PE","NFO:NIFTY2641323850PE","OPTION","2026-04-13T09:56:54Z","ONE_MINUTE","7.8","8.45","7.1","7.1","6435520","14261715"
"98731ba3","2026-04-13T10:20:54.465359800Z","NIFTY","PE","NFO:NIFTY2641323850PE","OPTION","2026-04-13T09:57:54Z","ONE_MINUTE","7.05","7.3","6.8","7.1","6398860","14261715"
"98731ba3","2026-04-13T10:20:54.465359800Z","NIFTY","PE","NFO:NIFTY2641323850PE","OPTION","2026-04-13T09:58:54Z","ONE_MINUTE","7.05","7.4","7","7.35","6330025","14261715"
"98731ba3","2026-04-13T10:20:54.465359800Z","NIFTY","PE","NFO:NIFTY2641323850PE","OPTION","2026-04-13T09:59:54Z","ONE_MINUTE","7.4","7.4","7.3","7.35","554775","11434995"
"e61e6a53","2026-04-13T10:21:55.177439300Z","NIFTY","CE","NFO:NIFTY2641323850CE","UNDERLYING","2026-04-13T09:51:55Z","ONE_MINUTE","23829.35","23831.7","23824.55","23824.8","0","0"
"e61e6a53","2026-04-13T10:21:55.177439300Z","NIFTY","CE","NFO:NIFTY2641323850CE","UNDERLYING","2026-04-13T09:52:55Z","ONE_MINUTE","23824.6","23825.2","23816.8","23819.05","0","0"
"e61e6a53","2026-04-13T10:21:55.177439300Z","NIFTY","CE","NFO:NIFTY2641323850CE","UNDERLYING","2026-04-13T09:53:55Z","ONE_MINUTE","23818.2","23823.35","23818.2","23821.3","0","0"
"e61e6a53","2026-04-13T10:21:55.177439300Z","NIFTY","CE","NFO:NIFTY2641323850CE","UNDERLYING","2026-04-13T09:54:55Z","ONE_MINUTE","23823.25","23826","23816.15","23824.5","0","0"
"e61e6a53","2026-04-13T10:21:55.177439300Z","NIFTY","CE","NFO:NIFTY2641323850CE","UNDERLYING","2026-04-13T09:55:55Z","ONE_MINUTE","23825.25","23825.7","23819.2","23819.75","0","0"
"e61e6a53","2026-04-13T10:21:55.177439300Z","NIFTY","CE","NFO:NIFTY2641323850CE","UNDERLYING","2026-04-13T09:56:55Z","ONE_MINUTE","23818.75","23826.05","23818.75","23823.85","0","0"
"e61e6a53","2026-04-13T10:21:55.177439300Z","NIFTY","CE","NFO:NIFTY2641323850CE","UNDERLYING","2026-04-13T09:57:55Z","ONE_MINUTE","23824.6","23827.8","23818.6","23820.35","0","0"
"e61e6a53","2026-04-13T10:21:55.177439300Z","NIFTY","CE","NFO:NIFTY2641323850CE","UNDERLYING","2026-04-13T09:58:55Z","ONE_MINUTE","23818.7","23826.6","23817.25","23824.7","0","0"
"e61e6a53","2026-04-13T10:21:55.177439300Z","NIFTY","CE","NFO:NIFTY2641323850CE","UNDERLYING","2026-04-13T09:59:55Z","ONE_MINUTE","23816.25","23825.05","23814.65","23818.9","0","0"
"e61e6a53","2026-04-13T10:21:55.177439300Z","NIFTY","CE","NFO:NIFTY2641323850CE","OPTION","2026-04-13T09:51:55Z","ONE_MINUTE","0.1","0.1","0.05","0.1","3872830","31980455"
"e61e6a53","2026-04-13T10:21:55.177439300Z","NIFTY","CE","NFO:NIFTY2641323850CE","OPTION","2026-04-13T09:52:55Z","ONE_MINUTE","0.1","0.1","0.05","0.05","8997950","27323660"
"e61e6a53","2026-04-13T10:21:55.177439300Z","NIFTY","CE","NFO:NIFTY2641323850CE","OPTION","2026-04-13T09:53:55Z","ONE_MINUTE","0.05","0.05","0.05","0.05","2458495","27323660"
"e61e6a53","2026-04-13T10:21:55.177439300Z","NIFTY","CE","NFO:NIFTY2641323850CE","OPTION","2026-04-13T09:54:55Z","ONE_MINUTE","0.05","0.05","0.05","0.05","2272530","27323660"
"e61e6a53","2026-04-13T10:21:55.177439300Z","NIFTY","CE","NFO:NIFTY2641323850CE","OPTION","2026-04-13T09:55:55Z","ONE_MINUTE","0.05","0.05","0.05","0.05","1346930","27323660"
"e61e6a53","2026-04-13T10:21:55.177439300Z","NIFTY","CE","NFO:NIFTY2641323850CE","OPTION","2026-04-13T09:56:55Z","ONE_MINUTE","0.05","0.05","0.05","0.05","1039090","23581545"
"e61e6a53","2026-04-13T10:21:55.177439300Z","NIFTY","CE","NFO:NIFTY2641323850CE","OPTION","2026-04-13T09:57:55Z","ONE_MINUTE","0.05","0.05","0.05","0.05","1291875","23581545"
"e61e6a53","2026-04-13T10:21:55.177439300Z","NIFTY","CE","NFO:NIFTY2641323850CE","OPTION","2026-04-13T09:58:55Z","ONE_MINUTE","0.05","0.05","0.05","0.05","411515","23581545"
"e61e6a53","2026-04-13T10:21:55.177439300Z","NIFTY","CE","NFO:NIFTY2641323850CE","OPTION","2026-04-13T09:59:55Z","ONE_MINUTE","0.05","0.05","0.05","0.05","22035","21555365"
"4ab055a3","2026-04-13T10:21:55.330531700Z","NIFTY","PE","NFO:NIFTY2641323850PE","UNDERLYING","2026-04-13T09:51:55Z","ONE_MINUTE","23829.35","23831.7","23824.55","23824.8","0","0"
"4ab055a3","2026-04-13T10:21:55.330531700Z","NIFTY","PE","NFO:NIFTY2641323850PE","UNDERLYING","2026-04-13T09:52:55Z","ONE_MINUTE","23824.6","23825.2","23816.8","23819.05","0","0"
"4ab055a3","2026-04-13T10:21:55.330531700Z","NIFTY","PE","NFO:NIFTY2641323850PE","UNDERLYING","2026-04-13T09:53:55Z","ONE_MINUTE","23818.2","23823.35","23818.2","23821.3","0","0"
"4ab055a3","2026-04-13T10:21:55.330531700Z","NIFTY","PE","NFO:NIFTY2641323850PE","UNDERLYING","2026-04-13T09:54:55Z","ONE_MINUTE","23823.25","23826","23816.15","23824.5","0","0"
"4ab055a3","2026-04-13T10:21:55.330531700Z","NIFTY","PE","NFO:NIFTY2641323850PE","UNDERLYING","2026-04-13T09:55:55Z","ONE_MINUTE","23825.25","23825.7","23819.2","23819.75","0","0"
"4ab055a3","2026-04-13T10:21:55.330531700Z","NIFTY","PE","NFO:NIFTY2641323850PE","UNDERLYING","2026-04-13T09:56:55Z","ONE_MINUTE","23818.75","23826.05","23818.75","23823.85","0","0"
"4ab055a3","2026-04-13T10:21:55.330531700Z","NIFTY","PE","NFO:NIFTY2641323850PE","UNDERLYING","2026-04-13T09:57:55Z","ONE_MINUTE","23824.6","23827.8","23818.6","23820.35","0","0"
"4ab055a3","2026-04-13T10:21:55.330531700Z","NIFTY","PE","NFO:NIFTY2641323850PE","UNDERLYING","2026-04-13T09:58:55Z","ONE_MINUTE","23818.7","23826.6","23817.25","23824.7","0","0"
"4ab055a3","2026-04-13T10:21:55.330531700Z","NIFTY","PE","NFO:NIFTY2641323850PE","UNDERLYING","2026-04-13T09:59:55Z","ONE_MINUTE","23816.25","23825.05","23814.65","23818.9","0","0"
"4ab055a3","2026-04-13T10:21:55.330531700Z","NIFTY","PE","NFO:NIFTY2641323850PE","OPTION","2026-04-13T09:51:55Z","ONE_MINUTE","10.8","11.6","9.4","11.35","10056150","20698860"
"4ab055a3","2026-04-13T10:21:55.330531700Z","NIFTY","PE","NFO:NIFTY2641323850PE","OPTION","2026-04-13T09:52:55Z","ONE_MINUTE","11.35","12.55","10.9","11.7","7188740","18194410"
"4ab055a3","2026-04-13T10:21:55.330531700Z","NIFTY","PE","NFO:NIFTY2641323850PE","OPTION","2026-04-13T09:53:55Z","ONE_MINUTE","11.55","11.55","9.4","9.95","9317295","18194410"
"4ab055a3","2026-04-13T10:21:55.330531700Z","NIFTY","PE","NFO:NIFTY2641323850PE","OPTION","2026-04-13T09:54:55Z","ONE_MINUTE","9.8","10.45","8.7","8.7","9467250","18194410"
"4ab055a3","2026-04-13T10:21:55.330531700Z","NIFTY","PE","NFO:NIFTY2641323850PE","OPTION","2026-04-13T09:55:55Z","ONE_MINUTE","8.7","9.15","7.45","7.8","9196330","18194410"
"4ab055a3","2026-04-13T10:21:55.330531700Z","NIFTY","PE","NFO:NIFTY2641323850PE","OPTION","2026-04-13T09:56:55Z","ONE_MINUTE","7.85","8.45","7.05","7.05","6435520","14261715"
"4ab055a3","2026-04-13T10:21:55.330531700Z","NIFTY","PE","NFO:NIFTY2641323850PE","OPTION","2026-04-13T09:57:55Z","ONE_MINUTE","7","7.3","6.8","7.05","6398860","14261715"
"4ab055a3","2026-04-13T10:21:55.330531700Z","NIFTY","PE","NFO:NIFTY2641323850PE","OPTION","2026-04-13T09:58:55Z","ONE_MINUTE","7.05","7.4","7","7.35","6436365","14261715"
"4ab055a3","2026-04-13T10:21:55.330531700Z","NIFTY","PE","NFO:NIFTY2641323850PE","OPTION","2026-04-13T09:59:55Z","ONE_MINUTE","7.4","7.4","7.3","7.35","448435","11434995"
"ccd758d","2026-04-13T10:22:56.149080600Z","NIFTY","CE","NFO:NIFTY2641323850CE","UNDERLYING","2026-04-13T09:52:56Z","ONE_MINUTE","23825.15","23825.15","23816.8","23818.2","0","0"
"ccd758d","2026-04-13T10:22:56.149080600Z","NIFTY","CE","NFO:NIFTY2641323850CE","UNDERLYING","2026-04-13T09:53:56Z","ONE_MINUTE","23819.15","23823.35","23818.45","23823.05","0","0"
"ccd758d","2026-04-13T10:22:56.149080600Z","NIFTY","CE","NFO:NIFTY2641323850CE","UNDERLYING","2026-04-13T09:54:56Z","ONE_MINUTE","23822.45","23826","23816.15","23825","0","0"
"ccd758d","2026-04-13T10:22:56.149080600Z","NIFTY","CE","NFO:NIFTY2641323850CE","UNDERLYING","2026-04-13T09:55:56Z","ONE_MINUTE","23825.2","23825.7","23818.75","23819.35","0","0"
"ccd758d","2026-04-13T10:22:56.149080600Z","NIFTY","CE","NFO:NIFTY2641323850CE","UNDERLYING","2026-04-13T09:56:56Z","ONE_MINUTE","23820.3","23826.05","23819.45","23824.25","0","0"
"ccd758d","2026-04-13T10:22:56.149080600Z","NIFTY","CE","NFO:NIFTY2641323850CE","UNDERLYING","2026-04-13T09:57:56Z","ONE_MINUTE","23824.6","23827.8","23818.6","23820.25","0","0"
"ccd758d","2026-04-13T10:22:56.149080600Z","NIFTY","CE","NFO:NIFTY2641323850CE","UNDERLYING","2026-04-13T09:58:56Z","ONE_MINUTE","23820.5","23826.6","23816.25","23817.9","0","0"
"ccd758d","2026-04-13T10:22:56.149080600Z","NIFTY","CE","NFO:NIFTY2641323850CE","UNDERLYING","2026-04-13T09:59:56Z","ONE_MINUTE","23817.9","23825.05","23814.65","23818.9","0","0"
"ccd758d","2026-04-13T10:22:56.149080600Z","NIFTY","CE","NFO:NIFTY2641323850CE","OPTION","2026-04-13T09:52:56Z","ONE_MINUTE","0.1","0.1","0.05","0.05","8947315","27323660"
"ccd758d","2026-04-13T10:22:56.149080600Z","NIFTY","CE","NFO:NIFTY2641323850CE","OPTION","2026-04-13T09:53:56Z","ONE_MINUTE","0.05","0.05","0.05","0.05","2470195","27323660"
"ccd758d","2026-04-13T10:22:56.149080600Z","NIFTY","CE","NFO:NIFTY2641323850CE","OPTION","2026-04-13T09:54:56Z","ONE_MINUTE","0.05","0.05","0.05","0.05","2219165","27323660"
"ccd758d","2026-04-13T10:22:56.149080600Z","NIFTY","CE","NFO:NIFTY2641323850CE","OPTION","2026-04-13T09:55:56Z","ONE_MINUTE","0.05","0.05","0.05","0.05","1357655","23581545"
"ccd758d","2026-04-13T10:22:56.149080600Z","NIFTY","CE","NFO:NIFTY2641323850CE","OPTION","2026-04-13T09:56:56Z","ONE_MINUTE","0.05","0.05","0.05","0.05","1031225","23581545"
"ccd758d","2026-04-13T10:22:56.149080600Z","NIFTY","CE","NFO:NIFTY2641323850CE","OPTION","2026-04-13T09:57:56Z","ONE_MINUTE","0.05","0.05","0.05","0.05","1290380","23581545"
"ccd758d","2026-04-13T10:22:56.149080600Z","NIFTY","CE","NFO:NIFTY2641323850CE","OPTION","2026-04-13T09:58:56Z","ONE_MINUTE","0.05","0.05","0.05","0.05","410150","23581545"
"ccd758d","2026-04-13T10:22:56.149080600Z","NIFTY","CE","NFO:NIFTY2641323850CE","OPTION","2026-04-13T09:59:56Z","ONE_MINUTE","0.05","0.05","0.05","0.05","22035","21555365"
"95d39787","2026-04-13T10:22:56.337187100Z","NIFTY","PE","NFO:NIFTY2641323850PE","UNDERLYING","2026-04-13T09:52:56Z","ONE_MINUTE","23825.15","23825.15","23816.8","23818.2","0","0"
"95d39787","2026-04-13T10:22:56.337187100Z","NIFTY","PE","NFO:NIFTY2641323850PE","UNDERLYING","2026-04-13T09:53:56Z","ONE_MINUTE","23819.15","23823.35","23818.45","23823.05","0","0"
"95d39787","2026-04-13T10:22:56.337187100Z","NIFTY","PE","NFO:NIFTY2641323850PE","UNDERLYING","2026-04-13T09:54:56Z","ONE_MINUTE","23822.45","23826","23816.15","23825","0","0"
"95d39787","2026-04-13T10:22:56.337187100Z","NIFTY","PE","NFO:NIFTY2641323850PE","UNDERLYING","2026-04-13T09:55:56Z","ONE_MINUTE","23825.2","23825.7","23818.75","23819.35","0","0"
"95d39787","2026-04-13T10:22:56.337187100Z","NIFTY","PE","NFO:NIFTY2641323850PE","UNDERLYING","2026-04-13T09:56:56Z","ONE_MINUTE","23820.3","23826.05","23819.45","23824.25","0","0"
"95d39787","2026-04-13T10:22:56.337187100Z","NIFTY","PE","NFO:NIFTY2641323850PE","UNDERLYING","2026-04-13T09:57:56Z","ONE_MINUTE","23824.6","23827.8","23818.6","23820.25","0","0"
"95d39787","2026-04-13T10:22:56.337187100Z","NIFTY","PE","NFO:NIFTY2641323850PE","UNDERLYING","2026-04-13T09:58:56Z","ONE_MINUTE","23820.5","23826.6","23816.25","23817.9","0","0"
"95d39787","2026-04-13T10:22:56.337187100Z","NIFTY","PE","NFO:NIFTY2641323850PE","UNDERLYING","2026-04-13T09:59:56Z","ONE_MINUTE","23817.9","23825.05","23814.65","23818.9","0","0"
"95d39787","2026-04-13T10:22:56.337187100Z","NIFTY","PE","NFO:NIFTY2641323850PE","OPTION","2026-04-13T09:52:56Z","ONE_MINUTE","11.35","12.55","10.9","11.55","7119060","18194410"
"95d39787","2026-04-13T10:22:56.337187100Z","NIFTY","PE","NFO:NIFTY2641323850PE","OPTION","2026-04-13T09:53:56Z","ONE_MINUTE","11.5","11.5","9.4","9.85","9300655","18194410"
"95d39787","2026-04-13T10:22:56.337187100Z","NIFTY","PE","NFO:NIFTY2641323850PE","OPTION","2026-04-13T09:54:56Z","ONE_MINUTE","9.9","10.45","8.7","8.7","9288175","18194410"
"95d39787","2026-04-13T10:22:56.337187100Z","NIFTY","PE","NFO:NIFTY2641323850PE","OPTION","2026-04-13T09:55:56Z","ONE_MINUTE","8.65","9.15","7.45","8","9371700","14261715"
"95d39787","2026-04-13T10:22:56.337187100Z","NIFTY","PE","NFO:NIFTY2641323850PE","OPTION","2026-04-13T09:56:56Z","ONE_MINUTE","7.95","8.45","6.95","6.95","6781320","14261715"
"95d39787","2026-04-13T10:22:56.337187100Z","NIFTY","PE","NFO:NIFTY2641323850PE","OPTION","2026-04-13T09:57:56Z","ONE_MINUTE","6.9","7.3","6.8","7.05","6005350","14261715"
"95d39787","2026-04-13T10:22:56.337187100Z","NIFTY","PE","NFO:NIFTY2641323850PE","OPTION","2026-04-13T09:58:56Z","ONE_MINUTE","7","7.4","7","7.4","6308705","14261715"
"95d39787","2026-04-13T10:22:56.337187100Z","NIFTY","PE","NFO:NIFTY2641323850PE","OPTION","2026-04-13T09:59:56Z","ONE_MINUTE","7.3","7.4","7.3","7.35","448435","11434995"
"5039f73c","2026-04-13T10:23:56.976248200Z","NIFTY","CE","NFO:NIFTY2641323850CE","UNDERLYING","2026-04-13T09:53:56Z","ONE_MINUTE","23819.15","23823.35","23818.45","23823.05","0","0"
"5039f73c","2026-04-13T10:23:56.976248200Z","NIFTY","CE","NFO:NIFTY2641323850CE","UNDERLYING","2026-04-13T09:54:56Z","ONE_MINUTE","23822.45","23826","23816.15","23825","0","0"
"5039f73c","2026-04-13T10:23:56.976248200Z","NIFTY","CE","NFO:NIFTY2641323850CE","UNDERLYING","2026-04-13T09:55:56Z","ONE_MINUTE","23825.2","23825.7","23818.75","23819.35","0","0"
"5039f73c","2026-04-13T10:23:56.976248200Z","NIFTY","CE","NFO:NIFTY2641323850CE","UNDERLYING","2026-04-13T09:56:56Z","ONE_MINUTE","23820.3","23826.05","23819.45","23824.25","0","0"
"5039f73c","2026-04-13T10:23:56.976248200Z","NIFTY","CE","NFO:NIFTY2641323850CE","UNDERLYING","2026-04-13T09:57:56Z","ONE_MINUTE","23824.6","23827.8","23818.6","23820.25","0","0"
"5039f73c","2026-04-13T10:23:56.976248200Z","NIFTY","CE","NFO:NIFTY2641323850CE","UNDERLYING","2026-04-13T09:58:56Z","ONE_MINUTE","23820.5","23826.6","23816.25","23817.9","0","0"
"5039f73c","2026-04-13T10:23:56.976248200Z","NIFTY","CE","NFO:NIFTY2641323850CE","UNDERLYING","2026-04-13T09:59:56Z","ONE_MINUTE","23817.9","23825.05","23814.65","23818.9","0","0"
"5039f73c","2026-04-13T10:23:56.976248200Z","NIFTY","CE","NFO:NIFTY2641323850CE","OPTION","2026-04-13T09:53:56Z","ONE_MINUTE","0.05","0.05","0.05","0.05","2470195","27323660"
"5039f73c","2026-04-13T10:23:56.976248200Z","NIFTY","CE","NFO:NIFTY2641323850CE","OPTION","2026-04-13T09:54:56Z","ONE_MINUTE","0.05","0.05","0.05","0.05","2219165","27323660"
"5039f73c","2026-04-13T10:23:56.976248200Z","NIFTY","CE","NFO:NIFTY2641323850CE","OPTION","2026-04-13T09:55:56Z","ONE_MINUTE","0.05","0.05","0.05","0.05","1357655","23581545"
"5039f73c","2026-04-13T10:23:56.976248200Z","NIFTY","CE","NFO:NIFTY2641323850CE","OPTION","2026-04-13T09:56:56Z","ONE_MINUTE","0.05","0.05","0.05","0.05","1031225","23581545"
"5039f73c","2026-04-13T10:23:56.976248200Z","NIFTY","CE","NFO:NIFTY2641323850CE","OPTION","2026-04-13T09:57:56Z","ONE_MINUTE","0.05","0.05","0.05","0.05","1290380","23581545"
"5039f73c","2026-04-13T10:23:56.976248200Z","NIFTY","CE","NFO:NIFTY2641323850CE","OPTION","2026-04-13T09:58:56Z","ONE_MINUTE","0.05","0.05","0.05","0.05","410150","23581545"
"5039f73c","2026-04-13T10:23:56.976248200Z","NIFTY","CE","NFO:NIFTY2641323850CE","OPTION","2026-04-13T09:59:56Z","ONE_MINUTE","0.05","0.05","0.05","0.05","22035","21555365"
"eb16fae5","2026-04-13T10:23:57.116553300Z","NIFTY","PE","NFO:NIFTY2641323850PE","UNDERLYING","2026-04-13T09:53:56Z","ONE_MINUTE","23819.15","23823.35","23818.45","23823.05","0","0"
"eb16fae5","2026-04-13T10:23:57.116553300Z","NIFTY","PE","NFO:NIFTY2641323850PE","UNDERLYING","2026-04-13T09:54:56Z","ONE_MINUTE","23822.45","23826","23816.15","23825","0","0"
"eb16fae5","2026-04-13T10:23:57.116553300Z","NIFTY","PE","NFO:NIFTY2641323850PE","UNDERLYING","2026-04-13T09:55:56Z","ONE_MINUTE","23825.2","23825.7","23818.75","23819.35","0","0"
"eb16fae5","2026-04-13T10:23:57.116553300Z","NIFTY","PE","NFO:NIFTY2641323850PE","UNDERLYING","2026-04-13T09:56:56Z","ONE_MINUTE","23820.3","23826.05","23819.45","23824.25","0","0"
"eb16fae5","2026-04-13T10:23:57.116553300Z","NIFTY","PE","NFO:NIFTY2641323850PE","UNDERLYING","2026-04-13T09:57:56Z","ONE_MINUTE","23824.6","23827.8","23818.6","23820.25","0","0"
"eb16fae5","2026-04-13T10:23:57.116553300Z","NIFTY","PE","NFO:NIFTY2641323850PE","UNDERLYING","2026-04-13T09:58:56Z","ONE_MINUTE","23820.5","23826.6","23816.25","23817.9","0","0"
"eb16fae5","2026-04-13T10:23:57.116553300Z","NIFTY","PE","NFO:NIFTY2641323850PE","UNDERLYING","2026-04-13T09:59:56Z","ONE_MINUTE","23817.9","23825.05","23814.65","23818.9","0","0"
"eb16fae5","2026-04-13T10:23:57.116553300Z","NIFTY","PE","NFO:NIFTY2641323850PE","OPTION","2026-04-13T09:53:57Z","ONE_MINUTE","11.45","11.45","9.4","9.75","9420060","18194410"
"eb16fae5","2026-04-13T10:23:57.116553300Z","NIFTY","PE","NFO:NIFTY2641323850PE","OPTION","2026-04-13T09:54:57Z","ONE_MINUTE","9.8","10.45","8.65","8.7","9415315","18194410"
"eb16fae5","2026-04-13T10:23:57.116553300Z","NIFTY","PE","NFO:NIFTY2641323850PE","OPTION","2026-04-13T09:55:57Z","ONE_MINUTE","8.85","9.15","7.45","7.95","9125155","14261715"
"eb16fae5","2026-04-13T10:23:57.116553300Z","NIFTY","PE","NFO:NIFTY2641323850PE","OPTION","2026-04-13T09:56:57Z","ONE_MINUTE","8","8.45","6.85","6.85","7321730","14261715"
"eb16fae5","2026-04-13T10:23:57.116553300Z","NIFTY","PE","NFO:NIFTY2641323850PE","OPTION","2026-04-13T09:57:57Z","ONE_MINUTE","6.85","7.3","6.8","7","5464940","14261715"
"eb16fae5","2026-04-13T10:23:57.116553300Z","NIFTY","PE","NFO:NIFTY2641323850PE","OPTION","2026-04-13T09:58:57Z","ONE_MINUTE","7","7.4","7","7.3","6495060","14261715"
"eb16fae5","2026-04-13T10:23:57.116553300Z","NIFTY","PE","NFO:NIFTY2641323850PE","OPTION","2026-04-13T09:59:57Z","ONE_MINUTE","7.35","7.4","7.35","7.35","262080","11434995"
"7c2c60ba","2026-04-13T10:24:57.824846200Z","NIFTY","CE","NFO:NIFTY2641323850CE","UNDERLYING","2026-04-13T09:54:57Z","ONE_MINUTE","23821.95","23826","23816.15","23825.15","0","0"
"7c2c60ba","2026-04-13T10:24:57.824846200Z","NIFTY","CE","NFO:NIFTY2641323850CE","UNDERLYING","2026-04-13T09:55:57Z","ONE_MINUTE","23824.85","23825.7","23818.75","23820.15","0","0"
"7c2c60ba","2026-04-13T10:24:57.824846200Z","NIFTY","CE","NFO:NIFTY2641323850CE","UNDERLYING","2026-04-13T09:56:57Z","ONE_MINUTE","23819.9","23826.05","23819.45","23824.8","0","0"
"7c2c60ba","2026-04-13T10:24:57.824846200Z","NIFTY","CE","NFO:NIFTY2641323850CE","UNDERLYING","2026-04-13T09:57:57Z","ONE_MINUTE","23823.9","23827.8","23818.6","23820.95","0","0"
"7c2c60ba","2026-04-13T10:24:57.824846200Z","NIFTY","CE","NFO:NIFTY2641323850CE","UNDERLYING","2026-04-13T09:58:57Z","ONE_MINUTE","23820.2","23826.6","23815.4","23815.4","0","0"
"7c2c60ba","2026-04-13T10:24:57.824846200Z","NIFTY","CE","NFO:NIFTY2641323850CE","UNDERLYING","2026-04-13T09:59:57Z","ONE_MINUTE","23816.2","23825.05","23814.65","23818.9","0","0"
"7c2c60ba","2026-04-13T10:24:57.824846200Z","NIFTY","CE","NFO:NIFTY2641323850CE","OPTION","2026-04-13T09:54:57Z","ONE_MINUTE","0.05","0.05","0.05","0.05","2217865","27323660"
"7c2c60ba","2026-04-13T10:24:57.824846200Z","NIFTY","CE","NFO:NIFTY2641323850CE","OPTION","2026-04-13T09:55:57Z","ONE_MINUTE","0.05","0.05","0.05","0.05","1332500","23581545"
"7c2c60ba","2026-04-13T10:24:57.824846200Z","NIFTY","CE","NFO:NIFTY2641323850CE","OPTION","2026-04-13T09:56:57Z","ONE_MINUTE","0.05","0.05","0.05","0.05","1040325","23581545"
"7c2c60ba","2026-04-13T10:24:57.824846200Z","NIFTY","CE","NFO:NIFTY2641323850CE","OPTION","2026-04-13T09:57:57Z","ONE_MINUTE","0.05","0.05","0.05","0.05","1281280","23581545"
"7c2c60ba","2026-04-13T10:24:57.824846200Z","NIFTY","CE","NFO:NIFTY2641323850CE","OPTION","2026-04-13T09:58:57Z","ONE_MINUTE","0.05","0.05","0.05","0.05","414375","23581545"
"7c2c60ba","2026-04-13T10:24:57.824846200Z","NIFTY","CE","NFO:NIFTY2641323850CE","OPTION","2026-04-13T09:59:57Z","ONE_MINUTE","0.05","0.05","0.05","0.05","17810","21555365"
"d3d216bd","2026-04-13T10:24:57.995876100Z","NIFTY","PE","NFO:NIFTY2641323850PE","UNDERLYING","2026-04-13T09:54:57Z","ONE_MINUTE","23821.95","23826","23816.15","23825.15","0","0"
"d3d216bd","2026-04-13T10:24:57.995876100Z","NIFTY","PE","NFO:NIFTY2641323850PE","UNDERLYING","2026-04-13T09:55:57Z","ONE_MINUTE","23824.85","23825.7","23818.75","23820.15","0","0"
"d3d216bd","2026-04-13T10:24:57.995876100Z","NIFTY","PE","NFO:NIFTY2641323850PE","UNDERLYING","2026-04-13T09:56:57Z","ONE_MINUTE","23819.9","23826.05","23819.45","23824.8","0","0"
"d3d216bd","2026-04-13T10:24:57.995876100Z","NIFTY","PE","NFO:NIFTY2641323850PE","UNDERLYING","2026-04-13T09:57:57Z","ONE_MINUTE","23823.9","23827.8","23818.6","23820.95","0","0"
"d3d216bd","2026-04-13T10:24:57.995876100Z","NIFTY","PE","NFO:NIFTY2641323850PE","UNDERLYING","2026-04-13T09:58:57Z","ONE_MINUTE","23820.2","23826.6","23815.4","23815.4","0","0"
"d3d216bd","2026-04-13T10:24:57.995876100Z","NIFTY","PE","NFO:NIFTY2641323850PE","UNDERLYING","2026-04-13T09:59:57Z","ONE_MINUTE","23816.2","23825.05","23814.65","23818.9","0","0"
"d3d216bd","2026-04-13T10:24:57.995876100Z","NIFTY","PE","NFO:NIFTY2641323850PE","OPTION","2026-04-13T09:54:57Z","ONE_MINUTE","9.8","10.45","8.65","8.7","9415315","18194410"
"d3d216bd","2026-04-13T10:24:57.995876100Z","NIFTY","PE","NFO:NIFTY2641323850PE","OPTION","2026-04-13T09:55:57Z","ONE_MINUTE","8.85","9.15","7.45","7.95","9125155","14261715"
"d3d216bd","2026-04-13T10:24:57.995876100Z","NIFTY","PE","NFO:NIFTY2641323850PE","OPTION","2026-04-13T09:56:57Z","ONE_MINUTE","8","8.45","6.85","6.85","7321730","14261715"
"d3d216bd","2026-04-13T10:24:57.995876100Z","NIFTY","PE","NFO:NIFTY2641323850PE","OPTION","2026-04-13T09:57:57Z","ONE_MINUTE","6.85","7.3","6.8","7","5464940","14261715"
"d3d216bd","2026-04-13T10:24:57.995876100Z","NIFTY","PE","NFO:NIFTY2641323850PE","OPTION","2026-04-13T09:58:57Z","ONE_MINUTE","7","7.4","7","7.3","6495060","14261715"
"d3d216bd","2026-04-13T10:24:57.995876100Z","NIFTY","PE","NFO:NIFTY2641323850PE","OPTION","2026-04-13T09:59:57Z","ONE_MINUTE","7.35","7.4","7.35","7.35","262080","11434995"
"5e3a5ab2","2026-04-13T10:26:02.297228400Z","NIFTY","CE","NFO:NIFTY2641323850CE","UNDERLYING","2026-04-13T09:56:02Z","ONE_MINUTE","23825.1","23825.1","23818.75","23820.35","0","0"
"5e3a5ab2","2026-04-13T10:26:02.297228400Z","NIFTY","CE","NFO:NIFTY2641323850CE","UNDERLYING","2026-04-13T09:57:02Z","ONE_MINUTE","23820.35","23826.45","23819.45","23826.2","0","0"
"5e3a5ab2","2026-04-13T10:26:02.297228400Z","NIFTY","CE","NFO:NIFTY2641323850CE","UNDERLYING","2026-04-13T09:58:02Z","ONE_MINUTE","23825.9","23827.8","23818.6","23821.75","0","0"
"5e3a5ab2","2026-04-13T10:26:02.297228400Z","NIFTY","CE","NFO:NIFTY2641323850CE","UNDERLYING","2026-04-13T09:59:02Z","ONE_MINUTE","23821.75","23826.6","23814.65","23818.9","0","0"
"5e3a5ab2","2026-04-13T10:26:02.297228400Z","NIFTY","CE","NFO:NIFTY2641323850CE","OPTION","2026-04-13T09:56:02Z","ONE_MINUTE","0.05","0.05","0.05","0.05","1463605","23581545"
"5e3a5ab2","2026-04-13T10:26:02.297228400Z","NIFTY","CE","NFO:NIFTY2641323850CE","OPTION","2026-04-13T09:57:02Z","ONE_MINUTE","0.05","0.05","0.05","0.05","957190","23581545"
"5e3a5ab2","2026-04-13T10:26:02.297228400Z","NIFTY","CE","NFO:NIFTY2641323850CE","OPTION","2026-04-13T09:58:02Z","ONE_MINUTE","0.05","0.05","0.05","0.05","1166425","23581545"
"5e3a5ab2","2026-04-13T10:26:02.297228400Z","NIFTY","CE","NFO:NIFTY2641323850CE","OPTION","2026-04-13T09:59:02Z","ONE_MINUTE","0.05","0.05","0.05","0.05","386945","21555365"
"8346d8a8","2026-04-13T10:26:02.504097100Z","NIFTY","PE","NFO:NIFTY2641323850PE","UNDERLYING","2026-04-13T09:56:02Z","ONE_MINUTE","23825.1","23825.1","23818.75","23820.35","0","0"
"8346d8a8","2026-04-13T10:26:02.504097100Z","NIFTY","PE","NFO:NIFTY2641323850PE","UNDERLYING","2026-04-13T09:57:02Z","ONE_MINUTE","23820.35","23826.45","23819.45","23826.2","0","0"
"8346d8a8","2026-04-13T10:26:02.504097100Z","NIFTY","PE","NFO:NIFTY2641323850PE","UNDERLYING","2026-04-13T09:58:02Z","ONE_MINUTE","23825.9","23827.8","23818.6","23821.75","0","0"
"8346d8a8","2026-04-13T10:26:02.504097100Z","NIFTY","PE","NFO:NIFTY2641323850PE","UNDERLYING","2026-04-13T09:59:02Z","ONE_MINUTE","23821.75","23826.6","23814.65","23818.9","0","0"
"8346d8a8","2026-04-13T10:26:02.504097100Z","NIFTY","PE","NFO:NIFTY2641323850PE","OPTION","2026-04-13T09:56:02Z","ONE_MINUTE","8.5","9.15","7.45","8.2","9192690","14261715"
"8346d8a8","2026-04-13T10:26:02.504097100Z","NIFTY","PE","NFO:NIFTY2641323850PE","OPTION","2026-04-13T09:57:02Z","ONE_MINUTE","8.25","8.35","6.85","6.85","7567820","14261715"
"8346d8a8","2026-04-13T10:26:02.504097100Z","NIFTY","PE","NFO:NIFTY2641323850PE","OPTION","2026-04-13T09:58:02Z","ONE_MINUTE","6.85","7.3","6.8","7.15","4987515","14261715"
"8346d8a8","2026-04-13T10:26:02.504097100Z","NIFTY","PE","NFO:NIFTY2641323850PE","OPTION","2026-04-13T09:59:02Z","ONE_MINUTE","7.1","7.4","7","7.35","6199375","11434995"
"ad817c94","2026-04-13T10:27:03.369726300Z","NIFTY","CE","NFO:NIFTY2641323850CE","UNDERLYING","2026-04-13T09:57:03Z","ONE_MINUTE","23819.5","23826.45","23819.45","23826","0","0"
"ad817c94","2026-04-13T10:27:03.369726300Z","NIFTY","CE","NFO:NIFTY2641323850CE","UNDERLYING","2026-04-13T09:58:03Z","ONE_MINUTE","23825.8","23827.8","23818.6","23822.25","0","0"
"ad817c94","2026-04-13T10:27:03.369726300Z","NIFTY","CE","NFO:NIFTY2641323850CE","UNDERLYING","2026-04-13T09:59:03Z","ONE_MINUTE","23820.5","23826.6","23814.65","23818.9","0","0"
"ad817c94","2026-04-13T10:27:03.369726300Z","NIFTY","CE","NFO:NIFTY2641323850CE","OPTION","2026-04-13T09:57:03Z","ONE_MINUTE","0.05","0.05","0.05","0.05","923715","23581545"
"ad817c94","2026-04-13T10:27:03.369726300Z","NIFTY","CE","NFO:NIFTY2641323850CE","OPTION","2026-04-13T09:58:03Z","ONE_MINUTE","0.05","0.05","0.05","0.05","1186705","23581545"
"ad817c94","2026-04-13T10:27:03.369726300Z","NIFTY","CE","NFO:NIFTY2641323850CE","OPTION","2026-04-13T09:59:03Z","ONE_MINUTE","0.05","0.05","0.05","0.05","366665","21555365"
"d7c1824a","2026-04-13T10:27:03.513260300Z","NIFTY","PE","NFO:NIFTY2641323850PE","UNDERLYING","2026-04-13T09:57:03Z","ONE_MINUTE","23819.5","23826.45","23819.45","23826","0","0"
"d7c1824a","2026-04-13T10:27:03.513260300Z","NIFTY","PE","NFO:NIFTY2641323850PE","UNDERLYING","2026-04-13T09:58:03Z","ONE_MINUTE","23825.8","23827.8","23818.6","23822.25","0","0"
"d7c1824a","2026-04-13T10:27:03.513260300Z","NIFTY","PE","NFO:NIFTY2641323850PE","UNDERLYING","2026-04-13T09:59:03Z","ONE_MINUTE","23820.5","23826.6","23814.65","23818.9","0","0"
"d7c1824a","2026-04-13T10:27:03.513260300Z","NIFTY","PE","NFO:NIFTY2641323850PE","OPTION","2026-04-13T09:57:03Z","ONE_MINUTE","8.2","8.35","6.85","6.85","7410715","14261715"
"d7c1824a","2026-04-13T10:27:03.513260300Z","NIFTY","PE","NFO:NIFTY2641323850PE","OPTION","2026-04-13T09:58:03Z","ONE_MINUTE","6.85","7.3","6.8","7.05","5103800","14261715"
"d7c1824a","2026-04-13T10:27:03.513260300Z","NIFTY","PE","NFO:NIFTY2641323850PE","OPTION","2026-04-13T09:59:03Z","ONE_MINUTE","7.1","7.4","7","7.35","6083090","11434995"
"380b14c6","2026-04-13T10:28:03.927279700Z","NIFTY","CE","NFO:NIFTY2641323850CE","UNDERLYING","2026-04-13T09:58:03Z","ONE_MINUTE","23825.8","23827.8","23818.6","23822.25","0","0"
"380b14c6","2026-04-13T10:28:03.927279700Z","NIFTY","CE","NFO:NIFTY2641323850CE","UNDERLYING","2026-04-13T09:59:03Z","ONE_MINUTE","23820.5","23826.6","23814.65","23818.9","0","0"
"380b14c6","2026-04-13T10:28:03.927279700Z","NIFTY","CE","NFO:NIFTY2641323850CE","OPTION","2026-04-13T09:58:03Z","ONE_MINUTE","0.05","0.05","0.05","0.05","1186705","23581545"
"380b14c6","2026-04-13T10:28:03.927279700Z","NIFTY","CE","NFO:NIFTY2641323850CE","OPTION","2026-04-13T09:59:03Z","ONE_MINUTE","0.05","0.05","0.05","0.05","366665","21555365"
"aa48611a","2026-04-13T10:28:04.047611100Z","NIFTY","PE","NFO:NIFTY2641323850PE","UNDERLYING","2026-04-13T09:58:03Z","ONE_MINUTE","23825.8","23827.8","23818.6","23822.25","0","0"
"aa48611a","2026-04-13T10:28:04.047611100Z","NIFTY","PE","NFO:NIFTY2641323850PE","UNDERLYING","2026-04-13T09:59:03Z","ONE_MINUTE","23820.5","23826.6","23814.65","23818.9","0","0"
"aa48611a","2026-04-13T10:28:04.047611100Z","NIFTY","PE","NFO:NIFTY2641323850PE","OPTION","2026-04-13T09:58:03Z","ONE_MINUTE","6.85","7.3","6.8","7.05","5103800","14261715"
"aa48611a","2026-04-13T10:28:04.047611100Z","NIFTY","PE","NFO:NIFTY2641323850PE","OPTION","2026-04-13T09:59:03Z","ONE_MINUTE","7.1","7.4","7","7.35","6083090","11434995"
"30857bdc","2026-04-13T10:29:05.027353Z","NIFTY","CE","NFO:NIFTY2641323850CE","UNDERLYING","2026-04-13T09:59:04Z","ONE_MINUTE","23819.45","23826.6","23814.65","23818.9","0","0"
"30857bdc","2026-04-13T10:29:05.027353Z","NIFTY","CE","NFO:NIFTY2641323850CE","OPTION","2026-04-13T09:59:04Z","ONE_MINUTE","0.05","0.05","0.05","0.05","364715","21555365"
"40d567c9","2026-04-13T10:29:05.449485500Z","NIFTY","PE","NFO:NIFTY2641323850PE","UNDERLYING","2026-04-13T09:59:05Z","ONE_MINUTE","23819.95","23826.6","23814.65","23818.9","0","0"
"40d567c9","2026-04-13T10:29:05.449485500Z","NIFTY","PE","NFO:NIFTY2641323850PE","OPTION","2026-04-13T09:59:05Z","ONE_MINUTE","7.05","7.4","7","7.35","5897580","11434995"
