timestamp,marketTime,underlying,signalType,optionType,selectedInstrumentKey,selectedStrike,underlyingPrice,underlyingVwap,optionLastPrice,optionVolume,optionOpenInterest,optionImpliedVolatility,previousOptionLastPrice,previousOptionOpenInterest,underlyingCandleCount,optionCandleCount,latestUnderlyingOpen,latestUnderlyingHigh,latestUnderlyingLow,latestUnderlyingClose,latestUnderlyingVolume,latestOptionOpen,latestOptionHigh,latestOptionLow,latestOptionClose,latestOptionVolume,resistanceStrike,supportStrike,nearbyPutCallOiImbalance,nearbyCallOpenInterest,nearbyPutOpenInterest,resistanceCallOiChange,supportPutOiChange,vwapPassed,breakoutPassed,volumeSpike,oiPassed,ivPassed,liquidityPassed,timePassed,confidenceScore,reasons
"2026-04-13T06:52:45.214958200Z","12:22:42.008363100","NIFTY","NO_TRADE","CE","NFO:NIFTY2641323800CE","23800","23801.05","23801.05","57.4","519269335","17724135",,,,"30","30","23812.05","23813.2","23801.05","23801.05","0","61.95","62.85","58.1","58.2","3369080","24000","23600","1.353389463196205","111425535","150802145","0","0","false","false","false","true","true","true","true","40","VWAP condition failed; Breakout condition failed; Volume spike missing; OI behavior supports entry; IV filter passed; Liquidity filter passed; Entry time window passed; Signal score failed: 40%"
"2026-04-13T06:52:45.439766300Z","12:22:42.008363100","NIFTY","NO_TRADE","PE","NFO:NIFTY2641323800PE","23800","23801.05","23801.05","57.6","200000385","20059130",,,,"30","30","23812.05","23813.2","23801.05","23801.05","0","53.6","57.5","53.15","57.15","3927625","24000","23600","1.353389463196205","111425535","150802145","0","0","false","false","true","false","true","true","true","35","VWAP condition failed; Breakout condition failed; Volume spike confirmed; OI behavior does not support entry; IV filter passed; Liquidity filter passed; Entry time window passed; Signal score failed: 35%"
"2026-04-13T06:53:45.937914Z","12:23:45.457131200","NIFTY","NO_TRADE","CE","NFO:NIFTY2641323800CE","23800","23798.35","23798.35","58.8","522864290","17935385",,"57.4","17724135","30","30","23801.1","23801.35","23797.05","23798.35","0","58.05","58.35","55","58.2","3448185","24000","23600","1.358863539582446","111427550","151414835","60905","147940","false","false","false","true","true","true","true","40","VWAP condition failed; Breakout condition failed; Volume spike missing; OI behavior supports entry; IV filter passed; Liquidity filter passed; Entry time window passed; Signal score failed: 40%"
"2026-04-13T06:53:46.069384300Z","12:23:45.457131200","NIFTY","NO_TRADE","PE","NFO:NIFTY2641323800PE","23800","23798.35","23798.35","58.45","203299005","20344155",,"57.6","20059130","30","30","23801.1","23801.35","23797.05","23798.35","0","57.15","60","57.15","58.8","3196960","24000","23600","1.358863539582446","111427550","151414835","60905","147940","false","false","false","true","true","true","true","40","VWAP condition failed; Breakout condition failed; Volume spike missing; OI behavior supports entry; IV filter passed; Liquidity filter passed; Entry time window passed; Signal score failed: 40%"
"2026-04-13T06:54:46.577024800Z","12:24:46.077965800","NIFTY","NO_TRADE","CE","NFO:NIFTY2641323800CE","23800","23798.9","23798.9","62","525393635","17935385",,"58.8","17935385","30","30","23799.5","23801.6","23796","23798.9","0","58.9","60.25","58.05","59.4","2231710","24000","23600","1.358863539582446","111427550","151414835","0","0","false","false","false","true","true","true","true","40","VWAP condition failed; Breakout condition failed; Volume spike missing; OI behavior supports entry; IV filter passed; Liquidity filter passed; Entry time window passed; Signal score failed: 40%"
"2026-04-13T06:54:46.737647900Z","12:24:46.077965800","NIFTY","NO_TRADE","PE","NFO:NIFTY2641323800PE","23800","23798.9","23798.9","56.6","205872615","20344155",,"58.45","20344155","30","30","23799.5","23801.6","23796","23798.9","0","58.55","60.45","57.5","58.85","2287935","24000","23600","1.358863539582446","111427550","151414835","0","0","false","false","false","false","true","true","true","15","VWAP condition failed; Breakout condition failed; Volume spike missing; OI behavior does not support entry; IV filter passed; Liquidity filter passed; Entry time window passed; Signal score failed: 15%"
"2026-04-13T06:55:47.167739300Z","12:25:46.748701200","NIFTY","NO_TRADE","CE","NFO:NIFTY2641323800CE","23800","23810.95","23810.95","63.65","528918910","17935385",,"62","17935385","30","30","23802.4","23811.6","23802.2","23810.95","0","61.5","64.9","61.25","63.9","3346785","24000","23600","1.358863539582446","111427550","151414835","0","0","false","false","false","true","true","true","true","40","VWAP condition failed; Breakout condition failed; Volume spike missing; OI behavior supports entry; IV filter passed; Liquidity filter passed; Entry time window passed; Signal score failed: 40%"
"2026-04-13T06:55:47.297937800Z","12:25:46.748701200","NIFTY","NO_TRADE","PE","NFO:NIFTY2641323800PE","23800","23810.95","23810.95","54.45","208196040","20344155",,"56.6","20344155","30","30","23802.4","23811.6","23802.2","23810.95","0","57.05","57.3","54.3","54.65","2190240","24000","23600","1.358863539582446","111427550","151414835","0","0","false","false","false","false","true","true","true","15","VWAP condition failed; Breakout condition failed; Volume spike missing; OI behavior does not support entry; IV filter passed; Liquidity filter passed; Entry time window passed; Signal score failed: 15%"
"2026-04-13T06:56:47.970738800Z","12:26:47.314655","NIFTY","NO_TRADE","CE","NFO:NIFTY2641323800CE","23800","23814.85","23814.85","66.45","531609390","18413200",,"63.65","17935385","30","30","23810.9","23815.7","23810.8","23814.85","0","63.65","66.45","63.05","66.05","2503475","24000","23600","1.331982782192674","113390745","151034520","262080","288210","false","false","false","true","true","true","true","40","VWAP condition failed; Breakout condition failed; Volume spike missing; OI behavior supports entry; IV filter passed; Liquidity filter passed; Entry time window passed; Signal score failed: 40%"
"2026-04-13T06:56:48.134699400Z","12:26:47.314655","NIFTY","NO_TRADE","PE","NFO:NIFTY2641323800PE","23800","23814.85","23814.85","51.45","210337985","20205445",,"54.45","20344155","30","30","23810.9","23815.7","23810.8","23814.85","0","54.75","54.75","51.6","51.8","2016495","24000","23600","1.331982782192674","113390745","151034520","262080","288210","false","false","false","true","true","true","true","40","VWAP condition failed; Breakout condition failed; Volume spike missing; OI behavior supports entry; IV filter passed; Liquidity filter passed; Entry time window passed; Signal score failed: 40%"
"2026-04-13T06:57:48.665187400Z","12:27:48.160341300","NIFTY","NO_TRADE","CE","NFO:NIFTY2641323850CE","23850","23825.8","23825.8","47.5","369444075","13110630",,"42.9","13110630","30","30","23816.3","23828.5","23816.05","23825.8","0","42.9","50","42.7","47.8","7230665","24000","23600","1.126423311173918","122464875","137947290","0","0","false","false","true","true","true","true","true","60","VWAP condition failed; Breakout condition failed; Volume spike confirmed; OI behavior supports entry; IV filter passed; Liquidity filter passed; Entry time window passed; Signal score failed: 60%"
"2026-04-13T06:57:48.818350800Z","12:27:48.160341300","NIFTY","NO_TRADE","PE","NFO:NIFTY2641323850PE","23850","23825.8","23825.8","70.85","60379930","5398965",,"78.2","5398965","30","30","23816.3","23828.5","23816.05","23825.8","0","78.2","78.25","69.55","70.9","2560350","24000","23600","1.126423311173918","122464875","137947290","0","0","false","false","true","false","true","true","true","35","VWAP condition failed; Breakout condition failed; Volume spike confirmed; OI behavior does not support entry; IV filter passed; Liquidity filter passed; Entry time window passed; Signal score failed: 35%"
"2026-04-13T06:58:49.334209100Z","12:28:48.835700","NIFTY","NO_TRADE","CE","NFO:NIFTY2641323850CE","23850","23830.7","23830.7","50.05","374651810","13110630",,"47.5","13110630","30","30","23826.9","23834.05","23826","23830.7","0","47.15","52.25","47.15","49.8","4951635","24000","23600","1.126423311173918","122464875","137947290","0","0","false","false","true","true","true","true","true","60","VWAP condition failed; Breakout condition failed; Volume spike confirmed; OI behavior supports entry; IV filter passed; Liquidity filter passed; Entry time window passed; Signal score failed: 60%"
"2026-04-13T06:58:49.485786800Z","12:28:48.835700","NIFTY","NO_TRADE","PE","NFO:NIFTY2641323850PE","23850","23830.7","23830.7","67.25","62246535","5398965",,"70.85","5398965","30","30","23826.9","23834.05","23826","23830.7","0","71.35","71.35","66.85","67.75","1761630","24000","23600","1.126423311173918","122464875","137947290","0","0","false","false","true","false","true","true","true","35","VWAP condition failed; Breakout condition failed; Volume spike confirmed; OI behavior does not support entry; IV filter passed; Liquidity filter passed; Entry time window passed; Signal score failed: 35%"
"2026-04-13T06:59:49.982848900Z","12:29:49.514683400","NIFTY","NO_TRADE","CE","NFO:NIFTY2641323850CE","23850","23834.2","23834.2","50.25","378501500","11757460",,"50.05","13110630","30","30","23832.45","23836.3","23832.45","23834.2","0","51.5","52.6","48.45","49.95","3726580","24000","23600","1.237013026394144","112536515","139209135","-1082315","-682435","false","false","false","true","true","true","true","40","VWAP condition failed; Breakout condition failed; Volume spike missing; OI behavior supports entry; IV filter passed; Liquidity filter passed; Entry time window passed; Signal score failed: 40%"
"2026-04-13T06:59:50.125576800Z","12:29:49.514683400","NIFTY","NO_TRADE","PE","NFO:NIFTY2641323850PE","23850","23834.2","23834.2","65.3","63971960","6306430",,"67.25","5398965","30","30","23832.45","23836.3","23832.45","23834.2","0","65.6","66.85","64.1","65.3","1637090","24000","23600","1.237013026394144","112536515","139209135","-1082315","-682435","false","false","false","true","true","true","true","40","VWAP condition failed; Breakout condition failed; Volume spike missing; OI behavior supports entry; IV filter passed; Liquidity filter passed; Entry time window passed; Signal score failed: 40%"
"2026-04-13T07:00:50.666153300Z","12:30:50.144408100","NIFTY","NO_TRADE","CE","NFO:NIFTY2641323850CE","23850","23835.85","23835.85","50.6","383838650","11757460",,"50.25","11757460","30","30","23835.4","23841.75","23832","23835.85","0","50.15","54.2","47.6","50.75","5337150","24000","23600","1.237013026394144","112536515","139209135","0","0","false","false","true","true","true","true","true","60","VWAP condition failed; Breakout condition failed; Volume spike confirmed; OI behavior supports entry; IV filter passed; Liquidity filter passed; Entry time window passed; Signal score failed: 60%"
"2026-04-13T07:00:50.799173100Z","12:30:50.144408100","NIFTY","NO_TRADE","PE","NFO:NIFTY2641323850PE","23850","23835.85","23835.85","64.15","66342705","6306430",,"65.3","6306430","30","30","23835.4","23841.75","23832","23835.85","0","65.35","66.95","61","63.85","2370745","24000","23600","1.237013026394144","112536515","139209135","0","0","false","false","true","false","true","true","true","35","VWAP condition failed; Breakout condition failed; Volume spike confirmed; OI behavior does not support entry; IV filter passed; Liquidity filter passed; Entry time window passed; Signal score failed: 35%"
"2026-04-13T07:01:51.510979Z","12:31:50.813507400","NIFTY","NO_TRADE","CE","NFO:NIFTY2641323850CE","23850","23839.05","23839.05","51.6","386880390","11757460",,"50.6","11757460","30","30","23835.6","23839.65","23833.65","23839.05","0","50.65","52.6","48.7","51.35","2920775","24000","23600","1.237013026394144","112536515","139209135","0","0","false","false","false","true","true","true","true","40","VWAP condition failed; Breakout condition failed; Volume spike missing; OI behavior supports entry; IV filter passed; Liquidity filter passed; Entry time window passed; Signal score failed: 40%"
"2026-04-13T07:01:51.650800400Z","12:31:50.813507400","NIFTY","NO_TRADE","PE","NFO:NIFTY2641323850PE","23850","23839.05","23839.05","63.25","67813070","6306430",,"64.15","6306430","30","30","23835.6","23839.65","23833.65","23839.05","0","63.9","64.95","62.05","63.55","1431495","24000","23600","1.237013026394144","112536515","139209135","0","0","false","false","false","false","true","true","true","15","VWAP condition failed; Breakout condition failed; Volume spike missing; OI behavior does not support entry; IV filter passed; Liquidity filter passed; Entry time window passed; Signal score failed: 15%"
"2026-04-13T07:02:52.203621500Z","12:32:51.664939300","NIFTY","NO_TRADE","CE","NFO:NIFTY2641323850CE","23850","23835.2","23835.2","49.1","389539865","12446200",,"51.6","11757460","30","30","23838.6","23838.75","23833.3","23835.2","0","50.8","51.1","48.35","49.05","2606435","24000","23600","1.242250849013929","115528140","143514930","873600","-999505","false","false","false","true","true","true","true","40","VWAP condition failed; Breakout condition failed; Volume spike missing; OI behavior supports entry; IV filter passed; Liquidity filter passed; Entry time window passed; Signal score failed: 40%"
"2026-04-13T07:02:52.350957Z","12:32:51.664939300","NIFTY","NO_TRADE","PE","NFO:NIFTY2641323850PE","23850","23835.2","23835.2","64.85","68857230","7942610",,"63.25","6306430","30","30","23838.6","23838.75","23833.3","23835.2","0","63.9","65.55","63.45","64.95","1022450","24000","23600","1.242250849013929","115528140","143514930","873600","-999505","false","false","false","true","true","true","true","40","VWAP condition failed; Breakout condition failed; Volume spike missing; OI behavior supports entry; IV filter passed; Liquidity filter passed; Entry time window passed; Signal score failed: 40%"
"2026-04-13T07:03:52.924978600Z","12:33:52.396638900","NIFTY","NO_TRADE","CE","NFO:NIFTY2641323800CE","23800","23823.75","23823.75","69.45","562216785","15304835",,"75.65","15304835","30","30","23834","23835.9","23823.75","23823.75","0","75.65","77.4","70.1","70.1","2943265","24000","23600","1.477312987928609","105931865","156494520","0","0","false","false","false","true","true","true","true","40","VWAP condition failed; Breakout condition failed; Volume spike missing; OI behavior supports entry; IV filter passed; Liquidity filter passed; Entry time window passed; Signal score failed: 40%"
"2026-04-13T07:03:53.077890400Z","12:33:52.396638900","NIFTY","NO_TRADE","PE","NFO:NIFTY2641323800PE","23800","23823.75","23823.75","44.05","235803815","22598485",,"41","22598485","30","30","23834","23835.9","23823.75","23823.75","0","41.1","43.55","39.8","43.55","2381210","24000","23600","1.477312987928609","105931865","156494520","0","0","false","false","false","false","true","true","true","15","VWAP condition failed; Breakout condition failed; Volume spike missing; OI behavior does not support entry; IV filter passed; Liquidity filter passed; Entry time window passed; Signal score failed: 15%"
"2026-04-13T07:04:53.784636200Z","12:34:53.093509100","NIFTY","NO_TRADE","CE","NFO:NIFTY2641323850CE","23850","23828.15","23828.15","46.65","396432075","12446200",,"44.3","12446200","30","30","23824.05","23831.65","23824.05","23828.15","0","45.7","47.95","44.5","46.95","2802865","24000","23600","1.242250849013929","115528140","143514930","0","0","false","false","false","true","true","true","true","40","VWAP condition failed; Breakout condition failed; Volume spike missing; OI behavior supports entry; IV filter passed; Liquidity filter passed; Entry time window passed; Signal score failed: 40%"
"2026-04-13T07:04:53.915168900Z","12:34:53.093509100","NIFTY","NO_TRADE","PE","NFO:NIFTY2641323850PE","23850","23828.15","23828.15","67.45","71732570","7942610",,"68.75","7942610","30","30","23824.05","23831.65","23824.05","23828.15","0","67.95","68.5","65","66.85","1353300","24000","23600","1.242250849013929","115528140","143514930","0","0","false","false","false","false","true","true","true","15","VWAP condition failed; Breakout condition failed; Volume spike missing; OI behavior does not support entry; IV filter passed; Liquidity filter passed; Entry time window passed; Signal score failed: 15%"
"2026-04-13T07:05:54.710596400Z","12:35:53.924986300","NIFTY","NO_TRADE","CE","NFO:NIFTY2641323850CE","23850","23829.95","23829.95","48.05","399098505","13196495",,"46.65","12446200","30","30","23828.35","23832.6","23825.6","23829.95","0","46.75","49.1","45.75","47.8","2666430","24000","23600","1.231644017078462","117863070","145165345","136435","244400","false","false","false","true","true","true","true","40","VWAP condition failed; Breakout condition failed; Volume spike missing; OI behavior supports entry; IV filter passed; Liquidity filter passed; Entry time window passed; Signal score failed: 40%"
"2026-04-13T07:05:54.833329800Z","12:35:53.924986300","NIFTY","NO_TRADE","PE","NFO:NIFTY2641323850PE","23850","23829.95","23829.95","66.35","72877415","7943975",,"67.45","7942610","30","30","23828.35","23832.6","23825.6","23829.95","0","67.3","68.1","64.05","66.45","1144845","24000","23600","1.231644017078462","117863070","145165345","136435","244400","false","false","false","true","true","true","true","40","VWAP condition failed; Breakout condition failed; Volume spike missing; OI behavior supports entry; IV filter passed; Liquidity filter passed; Entry time window passed; Signal score failed: 40%"
"2026-04-13T07:06:55.417734800Z","12:36:54.842853600","NIFTY","NO_TRADE","CE","NFO:NIFTY2641323850CE","23850","23826.75","23826.75","45.3","401771760","13196495",,"48.05","13196495","30","30","23830.3","23830.55","23821.5","23826.75","0","47.4","48.25","43.15","45.1","2620995","24000","23600","1.231644017078462","117863070","145165345","0","0","false","false","false","true","true","true","true","40","VWAP condition failed; Breakout condition failed; Volume spike missing; OI behavior supports entry; IV filter passed; Liquidity filter passed; Entry time window passed; Signal score failed: 40%"
"2026-04-13T07:06:55.550241300Z","12:36:54.842853600","NIFTY","NO_TRADE","PE","NFO:NIFTY2641323850PE","23850","23826.75","23826.75","68.65","74301435","7943975",,"66.35","7943975","30","30","23830.3","23830.55","23821.5","23826.75","0","67.35","71.8","65.8","69.05","1375920","24000","23600","1.231644017078462","117863070","145165345","0","0","false","false","false","false","true","true","true","15","VWAP condition failed; Breakout condition failed; Volume spike missing; OI behavior does not support entry; IV filter passed; Liquidity filter passed; Entry time window passed; Signal score failed: 15%"
"2026-04-13T07:07:56.115966800Z","12:37:55.558236700","NIFTY","NO_TRADE","CE","NFO:NIFTY2641323850CE","23850","23832.7","23832.7","47.5","404130025","13196495",,"45.3","13196495","30","30","23827","23833.3","23825.25","23832.7","0","45.6","48.1","45","47.6","2255760","24000","23600","1.231644017078462","117863070","145165345","0","0","false","false","false","true","true","true","true","40","VWAP condition failed; Breakout condition failed; Volume spike missing; OI behavior supports entry; IV filter passed; Liquidity filter passed; Entry time window passed; Signal score failed: 40%"
"2026-04-13T07:07:56.243831700Z","12:37:55.558236700","NIFTY","NO_TRADE","PE","NFO:NIFTY2641323850PE","23850","23832.7","23832.7","64.7","75221315","7943975",,"68.65","7943975","30","30","23825.65","23833.3","23825.25","23832.7","0","68.1","68.8","64.35","64.65","874770","24000","23600","1.231644017078462","117863070","145165345","0","0","false","false","false","false","true","true","true","15","VWAP condition failed; Breakout condition failed; Volume spike missing; OI behavior does not support entry; IV filter passed; Liquidity filter passed; Entry time window passed; Signal score failed: 15%"
"2026-04-13T07:08:56.864394700Z","12:38:56.250705900","NIFTY","NO_TRADE","CE","NFO:NIFTY2641323850CE","23850","23841.35","23841.35","49.65","408010655","14009775",,"47.5","13196495","30","30","23833.3","23844.35","23832.55","23841.35","0","47.45","50.3","47.4","49.35","3735940","24000","23600","1.198733119456461","121423445","145554305","497510","183625","false","false","true","true","true","true","true","60","VWAP condition failed; Breakout condition failed; Volume spike confirmed; OI behavior supports entry; IV filter passed; Liquidity filter passed; Entry time window passed; Signal score failed: 60%"
"2026-04-13T07:08:57.016556100Z","12:38:56.250705900","NIFTY","NO_TRADE","PE","NFO:NIFTY2641323850PE","23850","23841.35","23841.35","60.75","77399140","7864155",,"64.7","7943975","30","30","23833.3","23844.35","23832.55","23841.35","0","64.6","64.6","59.25","61.05","2083835","24000","23600","1.198733119456461","121423445","145554305","497510","183625","false","false","true","true","true","true","true","60","VWAP condition failed; Breakout condition failed; Volume spike confirmed; OI behavior supports entry; IV filter passed; Liquidity filter passed; Entry time window passed; Signal score failed: 60%"
"2026-04-13T07:09:57.542165400Z","12:39:57.025252800","NIFTY","NO_TRADE","CE","NFO:NIFTY2641323850CE","23850","23838.65","23838.65","45.8","411760830","14009775",,"49.65","14009775","30","30","23841.15","23847.75","23835.05","23838.65","0","49.65","51.7","45.85","47.25","3661710","24000","23600","1.198733119456461","121423445","145554305","0","0","false","false","true","true","true","true","true","60","VWAP condition failed; Breakout condition failed; Volume spike confirmed; OI behavior supports entry; IV filter passed; Liquidity filter passed; Entry time window passed; Signal score failed: 60%"
"2026-04-13T07:09:57.688864200Z","12:39:57.025252800","NIFTY","NO_TRADE","PE","NFO:NIFTY2641323850PE","23850","23838.65","23838.65","63.9","79593215","7864155",,"60.75","7864155","30","30","23841.15","23847.75","23835.05","23838.65","0","60.65","64","57.4","62.55","2061280","24000","23600","1.198733119456461","121423445","145554305","0","0","false","false","true","false","true","true","true","35","VWAP condition failed; Breakout condition failed; Volume spike confirmed; OI behavior does not support entry; IV filter passed; Liquidity filter passed; Entry time window passed; Signal score failed: 35%"
"2026-04-13T07:10:58.110313400Z","12:40:57.695603600","NIFTY","NO_TRADE","CE","NFO:NIFTY2641323850CE","23850","23828.1","23828.1","45.3","415746175","14009775",,"45.8","14009775","30","30","23836.6","23836.6","23825","23828.1","0","45.75","46.5","41.85","44.45","3714425","24000","23600","1.198733119456461","121423445","145554305","0","0","false","false","true","true","true","true","true","60","VWAP condition failed; Breakout condition failed; Volume spike confirmed; OI behavior supports entry; IV filter passed; Liquidity filter passed; Entry time window passed; Signal score failed: 60%"
"2026-04-13T07:10:58.312512400Z","12:40:57.695603600","NIFTY","NO_TRADE","PE","NFO:NIFTY2641323850PE","23850","23828.1","23828.1","65.85","81591965","7864155",,"63.9","7864155","30","30","23836.2","23836.2","23825","23828.1","0","64.1","69.8","63.45","67","1830270","24000","23600","1.198733119456461","121423445","145554305","0","0","false","false","false","false","true","true","true","15","VWAP condition failed; Breakout condition failed; Volume spike missing; OI behavior does not support entry; IV filter passed; Liquidity filter passed; Entry time window passed; Signal score failed: 15%"
"2026-04-13T07:11:58.871571800Z","12:41:58.322990500","NIFTY","NO_TRADE","CE","NFO:NIFTY2641323850CE","23850","23834.1","23834.1","46.15","418166450","14541800",,"45.3","14009775","30","30","23830.95","23835.15","23828.45","23834.1","0","45.8","47.3","44.75","46.2","2280395","24000","23600","1.171765240010246","124843420","146287180","582400","-426985","false","false","false","true","true","true","true","40","VWAP condition failed; Breakout condition failed; Volume spike missing; OI behavior supports entry; IV filter passed; Liquidity filter passed; Entry time window passed; Signal score failed: 40%"
"2026-04-13T07:11:59.021191100Z","12:41:58.322990500","NIFTY","NO_TRADE","PE","NFO:NIFTY2641323850PE","23850","23834.1","23834.1","65.6","82464330","8478665",,"65.85","7864155","30","30","23830.95","23835.15","23828.45","23834.1","0","65.35","66.7","64.2","65.4","842270","24000","23600","1.171765240010246","124843420","146287180","582400","-426985","false","false","false","true","true","true","true","40","VWAP condition failed; Breakout condition failed; Volume spike missing; OI behavior supports entry; IV filter passed; Liquidity filter passed; Entry time window passed; Signal score failed: 40%"
"2026-04-13T07:12:59.444156400Z","12:42:59.027996600","NIFTY","NO_TRADE","CE","NFO:NIFTY2641323850CE","23850","23842.05","23842.05","49.6","421349760","14541800",,"46.15","14541800","30","30","23832.3","23842.05","23831.75","23842.05","0","46.3","50.2","46.05","48.9","2977455","24000","23600","1.171765240010246","124843420","146287180","0","0","false","false","false","true","true","true","true","40","VWAP condition failed; Breakout condition failed; Volume spike missing; OI behavior supports entry; IV filter passed; Liquidity filter passed; Entry time window passed; Signal score failed: 40%"
"2026-04-13T07:12:59.584182300Z","12:42:59.027996600","NIFTY","NO_TRADE","PE","NFO:NIFTY2641323850PE","23850","23842.05","23842.05","59.5","83730790","8478665",,"65.6","8478665","30","30","23832.3","23842.05","23831.75","23842.05","0","65.4","65.7","59.1","60.6","1159795","24000","23600","1.171765240010246","124843420","146287180","0","0","false","false","false","false","true","true","true","15","VWAP condition failed; Breakout condition failed; Volume spike missing; OI behavior does not support entry; IV filter passed; Liquidity filter passed; Entry time window passed; Signal score failed: 15%"
"2026-04-13T07:13:59.985788400Z","12:43:59.592031700","NIFTY","NO_TRADE","CE","NFO:NIFTY2641323850CE","23850","23838.95","23838.95","47.5","423168070","14541800",,"49.6","14541800","30","30","23841.4","23842.9","23837.1","23838.95","0","49.55","49.6","46.75","47.25","1700790","24000","23600","1.171765240010246","124843420","146287180","0","0","false","false","false","true","true","true","true","40","VWAP condition failed; Breakout condition failed; Volume spike missing; OI behavior supports entry; IV filter passed; Liquidity filter passed; Entry time window passed; Signal score failed: 40%"
"2026-04-13T07:14:00.122658900Z","12:43:59.592031700","NIFTY","NO_TRADE","PE","NFO:NIFTY2641323850PE","23850","23838.95","23838.95","61.9","84633835","8478665",,"59.5","8478665","30","30","23841.4","23842.9","23837.1","23838.95","0","59.65","62.45","59.25","62.15","778960","24000","23600","1.171765240010246","124843420","146287180","0","0","false","false","false","false","true","true","true","15","VWAP condition failed; Breakout condition failed; Volume spike missing; OI behavior does not support entry; IV filter passed; Liquidity filter passed; Entry time window passed; Signal score failed: 15%"
"2026-04-13T07:15:00.527824900Z","12:45:00.130051200","NIFTY","NO_TRADE","CE","NFO:NIFTY2641323850CE","23850","23842","23842","49.2","424731970","14904045",,"47.5","14541800","30","30","23838.4","23842.3","23837.9","23842","0","47.65","49.5","47.05","49.35","1389570","24000","23600","1.171783144902045","126091940","147752410","331760","-17355","false","false","false","true","true","true","true","40","VWAP condition failed; Breakout condition failed; Volume spike missing; OI behavior supports entry; IV filter passed; Liquidity filter passed; Entry time window passed; Signal score failed: 40%"
"2026-04-13T07:15:00.688356600Z","12:45:00.130051200","NIFTY","NO_TRADE","PE","NFO:NIFTY2641323850PE","23850","23842","23842","59.95","85487155","8997885",,"61.9","8478665","30","30","23838.4","23842.3","23837.9","23842","0","61.5","62.5","59.55","59.95","853320","24000","23600","1.171783144902045","126091940","147752410","331760","-17355","false","false","false","true","true","true","true","40","VWAP condition failed; Breakout condition failed; Volume spike missing; OI behavior supports entry; IV filter passed; Liquidity filter passed; Entry time window passed; Signal score failed: 40%"
"2026-04-13T07:16:01.078590200Z","12:46:00.695067","NIFTY","NO_TRADE","CE","NFO:NIFTY2641323850CE","23850","23834.7","23834.7","43.2","427624925","14904045",,"49.2","14904045","30","30","23842.15","23842.85","23832.5","23834.7","0","49.15","49.5","43.6","44.55","2752230","24000","23600","1.171783144902045","126091940","147752410","0","0","false","false","false","true","true","true","true","40","VWAP condition failed; Breakout condition failed; Volume spike missing; OI behavior supports entry; IV filter passed; Liquidity filter passed; Entry time window passed; Signal score failed: 40%"
"2026-04-13T07:16:01.217647800Z","12:46:00.695067","NIFTY","NO_TRADE","PE","NFO:NIFTY2641323850PE","23850","23834.7","23834.7","67.85","86785660","8997885",,"59.95","8997885","30","30","23842.05","23842.85","23832.5","23834.7","0","59.7","66.65","59.6","65.8","1221220","24000","23600","1.171783144902045","126091940","147752410","0","0","false","false","false","false","true","true","true","15","VWAP condition failed; Breakout condition failed; Volume spike missing; OI behavior does not support entry; IV filter passed; Liquidity filter passed; Entry time window passed; Signal score failed: 15%"
"2026-04-13T07:17:01.807044200Z","12:47:01.224280600","NIFTY","NO_TRADE","CE","NFO:NIFTY2641323850CE","23850","23825.55","23825.55","45.65","430969435","14904045",,"43.2","14904045","30","30","23831.15","23831.55","23824.3","23825.55","0","42.9","45.7","42.25","44.25","3278210","24000","23600","1.171783144902045","126091940","147752410","0","0","false","false","true","true","true","true","true","60","VWAP condition failed; Breakout condition failed; Volume spike confirmed; OI behavior supports entry; IV filter passed; Liquidity filter passed; Entry time window passed; Signal score failed: 60%"
"2026-04-13T07:17:01.934931800Z","12:47:01.224280600","NIFTY","NO_TRADE","PE","NFO:NIFTY2641323850PE","23850","23825.55","23825.55","64","88603840","8997885",,"67.85","8997885","30","30","23831.15","23831.55","23824.3","23825.55","0","67.95","69.1","64.3","65.55","1778075","24000","23600","1.171783144902045","126091940","147752410","0","0","false","false","true","false","true","true","true","35","VWAP condition failed; Breakout condition failed; Volume spike confirmed; OI behavior does not support entry; IV filter passed; Liquidity filter passed; Entry time window passed; Signal score failed: 35%"
"2026-04-13T07:18:02.324714300Z","12:48:01.943677300","NIFTY","NO_TRADE","CE","NFO:NIFTY2641323850CE","23850","23829.5","23829.5","46.95","433436185","15073175",,"45.65","14904045","30","30","23829.55","23832.35","23826.4","23829.5","0","45.65","47.5","44.05","47.3","2371330","24000","23600","1.174152811250950","126813830","148898815","341575","-178490","false","false","false","true","true","true","true","40","VWAP condition failed; Breakout condition failed; Volume spike missing; OI behavior supports entry; IV filter passed; Liquidity filter passed; Entry time window passed; Signal score failed: 40%"
"2026-04-13T07:18:02.455776100Z","12:48:01.943677300","NIFTY","NO_TRADE","PE","NFO:NIFTY2641323850PE","23850","23829.5","23829.5","63.55","89610560","9172020",,"64","8997885","30","30","23829.55","23832.35","23826.4","23829.5","0","64.2","66.9","63.05","63.2","968500","24000","23600","1.174152811250950","126813830","148898815","341575","-178490","false","false","false","true","true","true","true","40","VWAP condition failed; Breakout condition failed; Volume spike missing; OI behavior supports entry; IV filter passed; Liquidity filter passed; Entry time window passed; Signal score failed: 40%"
"2026-04-13T07:19:02.841792200Z","12:49:02.463198800","NIFTY","NO_TRADE","CE","NFO:NIFTY2641323850CE","23850","23830.1","23830.1","46.6","435326125","15073175",,"46.95","15073175","30","30","23829.4","23835.3","23828.1","23830.1","0","46.55","48.25","44.6","46.45","1871415","24000","23600","1.174152811250950","126813830","148898815","0","0","false","false","false","true","true","true","true","40","VWAP condition failed; Breakout condition failed; Volume spike missing; OI behavior supports entry; IV filter passed; Liquidity filter passed; Entry time window passed; Signal score failed: 40%"
"2026-04-13T07:19:02.970437800Z","12:49:02.463198800","NIFTY","NO_TRADE","PE","NFO:NIFTY2641323850PE","23850","23830.1","23830.1","64.15","90495925","9172020",,"63.55","9172020","30","30","23829.4","23835.3","23828.1","23830.1","0","64.2","66.65","62.1","64.5","871000","24000","23600","1.174152811250950","126813830","148898815","0","0","false","false","false","false","true","true","true","15","VWAP condition failed; Breakout condition failed; Volume spike missing; OI behavior does not support entry; IV filter passed; Liquidity filter passed; Entry time window passed; Signal score failed: 15%"
"2026-04-13T07:20:03.379907Z","12:50:02.976900900","NIFTY","NO_TRADE","CE","NFO:NIFTY2641323850CE","23850","23839.75","23839.75","47.45","437532680","15073175",,"46.6","15073175","30","30","23831.4","23842.6","23831.4","23839.75","0","46.55","48.7","46.55","47.5","2172950","24000","23600","1.174152811250950","126813830","148898815","0","0","false","false","false","true","true","true","true","40","VWAP condition failed; Breakout condition failed; Volume spike missing; OI behavior supports entry; IV filter passed; Liquidity filter passed; Entry time window passed; Signal score failed: 40%"
"2026-04-13T07:20:03.518868800Z","12:50:02.976900900","NIFTY","NO_TRADE","PE","NFO:NIFTY2641323850PE","23850","23839.75","23839.75","61.55","91576615","9172020",,"64.15","9172020","30","30","23831.4","23842.6","23831.4","23839.75","0","64","64","60.8","61.55","1080690","24000","23600","1.174152811250950","126813830","148898815","0","0","false","false","false","false","true","true","true","15","VWAP condition failed; Breakout condition failed; Volume spike missing; OI behavior does not support entry; IV filter passed; Liquidity filter passed; Entry time window passed; Signal score failed: 15%"
"2026-04-13T07:21:03.935434800Z","12:51:03.526127900","NIFTY","NO_TRADE","CE","NFO:NIFTY2641323850CE","23850","23839.9","23839.9","45.7","439570690","15676440",,"47.45","15073175","30","30","23842.3","23843.9","23836.85","23839.9","0","47.45","47.45","44.85","45.7","2071615","24000","23600","1.170616729336947","128108305","149965725","42315","-33995","false","false","false","true","true","true","true","40","VWAP condition failed; Breakout condition failed; Volume spike missing; OI behavior supports entry; IV filter passed; Liquidity filter passed; Entry time window passed; Signal score failed: 40%"
"2026-04-13T07:21:04.066670600Z","12:51:03.526127900","NIFTY","NO_TRADE","PE","NFO:NIFTY2641323850PE","23850","23839.9","23839.9","64.45","92642940","9423115",,"61.55","9172020","30","30","23842.3","23843.9","23836.85","23839.9","0","62.5","65","61.5","64.45","1032070","24000","23600","1.170616729336947","128108305","149965725","42315","-33995","false","false","false","true","true","true","true","40","VWAP condition failed; Breakout condition failed; Volume spike missing; OI behavior supports entry; IV filter passed; Liquidity filter passed; Entry time window passed; Signal score failed: 40%"
"2026-04-13T07:22:04.636130700Z","12:52:04.074246600","NIFTY","NO_TRADE","CE","NFO:NIFTY2641323850CE","23850","23841.4","23841.4","46.4","442258960","15676440",,"45.7","15676440","30","30","23840.1","23843","23833.45","23841.4","0","46.3","47.15","43","46.25","2648555","24000","23600","1.170616729336947","128108305","149965725","0","0","false","false","false","true","true","true","true","40","VWAP condition failed; Breakout condition failed; Volume spike missing; OI behavior supports entry; IV filter passed; Liquidity filter passed; Entry time window passed; Signal score failed: 40%"
"2026-04-13T07:22:04.771030800Z","12:52:04.074246600","NIFTY","NO_TRADE","PE","NFO:NIFTY2641323850PE","23850","23841.4","23841.4","65.8","94879590","9423115",,"64.45","9423115","30","30","23840.1","23843","23833.45","23841.4","0","63.95","69.65","62.9","66","2214550","24000","23600","1.170616729336947","128108305","149965725","0","0","false","false","true","false","true","true","true","35","VWAP condition failed; Breakout condition failed; Volume spike confirmed; OI behavior does not support entry; IV filter passed; Liquidity filter passed; Entry time window passed; Signal score failed: 35%"
"2026-04-13T07:23:05.172939600Z","12:53:04.778661400","NIFTY","NO_TRADE","CE","NFO:NIFTY2641323850CE","23850","23843.1","23843.1","47.45","444193165","15676440",,"46.4","15676440","30","30","23840.15","23845.05","23839.9","23843.1","0","46.6","47.9","46.25","47.1","1876810","24000","23600","1.170616729336947","128108305","149965725","0","0","false","false","false","true","true","true","true","40","VWAP condition failed; Breakout condition failed; Volume spike missing; OI behavior supports entry; IV filter passed; Liquidity filter passed; Entry time window passed; Signal score failed: 40%"
"2026-04-13T07:23:05.302863900Z","12:53:04.778661400","NIFTY","NO_TRADE","PE","NFO:NIFTY2641323850PE","23850","23843.1","23843.1","65.8","95800250","9423115",,"65.8","9423115","30","30","23840.15","23845.05","23839.9","23843.1","0","65.2","66.55","63.85","65.7","884195","24000","23600","1.170616729336947","128108305","149965725","0","0","false","false","false","false","true","true","true","15","VWAP condition failed; Breakout condition failed; Volume spike missing; OI behavior does not support entry; IV filter passed; Liquidity filter passed; Entry time window passed; Signal score failed: 15%"
"2026-04-13T07:24:05.810587Z","12:54:05.310060900","NIFTY","NO_TRADE","CE","NFO:NIFTY2641323850CE","23850","23840.3","23840.3","45.2","446108975","16026725",,"47.45","15676440","30","30","23844.25","23845.7","23839.65","23840.3","0","47.45","47.75","45.3","45.4","1812395","24000","23600","1.169597204248012","129081550","150973420","-294645","-171730","false","false","false","true","true","true","true","40","VWAP condition failed; Breakout condition failed; Volume spike missing; OI behavior supports entry; IV filter passed; Liquidity filter passed; Entry time window passed; Signal score failed: 40%"
"2026-04-13T07:24:05.978110600Z","12:54:05.310060900","NIFTY","NO_TRADE","PE","NFO:NIFTY2641323850PE","23850","23840.3","23840.3","66.85","96622110","9825010",,"65.8","9423115","30","30","23844.25","23845.7","23839.65","23840.3","0","65.8","66.95","64.6","66.7","792155","24000","23600","1.169597204248012","129081550","150973420","-294645","-171730","false","false","false","true","true","true","true","40","VWAP condition failed; Breakout condition failed; Volume spike missing; OI behavior supports entry; IV filter passed; Liquidity filter passed; Entry time window passed; Signal score failed: 40%"
"2026-04-13T07:25:06.408128800Z","12:55:05.984274600","NIFTY","NO_TRADE","CE","NFO:NIFTY2641323800CE","23800","23820.4","23820.4","63.55","612439295","16370770",,"71.15","16370770","30","30","23837.4","23839","23818.85","23820.4","0","71.05","71.4","63.2","63.65","3926065","24000","23600","1.376487979587793","118764230","163477535","0","0","false","false","true","true","true","true","true","60","VWAP condition failed; Breakout condition failed; Volume spike confirmed; OI behavior supports entry; IV filter passed; Liquidity filter passed; Entry time window passed; Signal score failed: 60%"
"2026-04-13T07:25:06.534425Z","12:55:05.984274600","NIFTY","NO_TRADE","PE","NFO:NIFTY2641323800PE","23800","23820.4","23820.4","45.7","292769230","25364690",,"42.4","25364690","30","30","23837.4","23839","23818.85","23820.4","0","42.3","48.55","42.2","45.75","4555850","24000","23600","1.376487979587793","118764230","163477535","0","0","false","true","true","false","true","true","true","60","VWAP condition failed; Breakout condition passed; Volume spike confirmed; OI behavior does not support entry; IV filter passed; Liquidity filter passed; Entry time window passed; Signal score failed: 60%"
"2026-04-13T07:26:06.902510500Z","12:56:06.539800900","NIFTY","NO_TRADE","CE","NFO:NIFTY2641323800CE","23800","23819.75","23819.75","63.05","617113055","16370770",,"63.55","16370770","30","30","23817.3","23822","23814.4","23819.75","0","63.55","64.25","59.35","64.1","4433455","24000","23600","1.376487979587793","118764230","163477535","0","0","false","false","true","true","true","true","true","60","VWAP condition failed; Breakout condition failed; Volume spike confirmed; OI behavior supports entry; IV filter passed; Liquidity filter passed; Entry time window passed; Signal score failed: 60%"
"2026-04-13T07:26:07.028156700Z","12:56:06.539800900","NIFTY","NO_TRADE","PE","NFO:NIFTY2641323800PE","23800","23819.75","23819.75","45.15","299017940","25364690",,"45.7","25364690","30","30","23817.3","23822","23814.4","23819.75","0","45.7","48.65","44.15","44.15","6041620","24000","23600","1.376487979587793","118764230","163477535","0","0","false","false","true","false","true","true","true","35","VWAP condition failed; Breakout condition failed; Volume spike confirmed; OI behavior does not support entry; IV filter passed; Liquidity filter passed; Entry time window passed; Signal score failed: 35%"
"2026-04-13T07:27:07.645251Z","12:57:07.033654800","NIFTY","NO_TRADE","CE","NFO:NIFTY2641323800CE","23800","23799.7","23799.7","47.9","623622350","16290950",,"63.05","16370770","30","30","23819.75","23820.6","23798.3","23799.7","0","63.25","63.3","50.5","50.85","5815810","24000","23600","1.423673035141334","115959740","165088755","-476840","380835","false","false","true","true","true","true","true","60","VWAP condition failed; Breakout condition failed; Volume spike confirmed; OI behavior supports entry; IV filter passed; Liquidity filter passed; Entry time window passed; Signal score failed: 60%"
"2026-04-13T07:27:07.779261200Z","12:57:07.033654800","NIFTY","NO_TRADE","PE","NFO:NIFTY2641323800PE","23800","23799.7","23799.7","59.95","309197785","26467155",,"45.15","25364690","30","30","23819.75","23820.6","23798.3","23799.7","0","44.95","57.15","44.95","56.45","9154730","24000","23600","1.423673035141334","115959740","165088755","-476840","380835","false","true","true","false","true","true","true","60","VWAP condition failed; Breakout condition passed; Volume spike confirmed; OI behavior does not support entry; IV filter passed; Liquidity filter passed; Entry time window passed; Signal score failed: 60%"
"2026-04-13T07:28:08.157646300Z","12:58:07.786355600","NIFTY","NO_TRADE","CE","NFO:NIFTY2641323800CE","23800","23810.25","23810.25","56.8","633729915","16290950",,"47.9","16290950","30","30","23790.45","23810.25","23780.9","23810.25","0","47.8","56","43.1","55.65","8922225","24000","23600","1.423673035141334","115959740","165088755","0","0","false","false","true","true","true","true","true","60","VWAP condition failed; Breakout condition failed; Volume spike confirmed; OI behavior supports entry; IV filter passed; Liquidity filter passed; Entry time window passed; Signal score failed: 60%"
"2026-04-13T07:28:08.283129200Z","12:58:07.786355600","NIFTY","NO_TRADE","PE","NFO:NIFTY2641323800PE","23800","23810.25","23810.25","51.25","321573525","26467155",,"59.95","26467155","30","30","23790.45","23810.25","23780.9","23810.25","0","60.35","67.2","51.85","52","11157120","24000","23600","1.423673035141334","115959740","165088755","0","0","false","false","true","false","true","true","true","35","VWAP condition failed; Breakout condition failed; Volume spike confirmed; OI behavior does not support entry; IV filter passed; Liquidity filter passed; Entry time window passed; Signal score failed: 35%"
"2026-04-13T07:29:09.011680300Z","12:59:08.288503400","NIFTY","NO_TRADE","CE","NFO:NIFTY2641323800CE","23800","23815.1","23815.1","57.9","641228380","16290950",,"56.8","16290950","30","30","23810.9","23825.15","23810.7","23815.1","0","56.85","63","56.75","58.45","7178145","24000","23600","1.423673035141334","115959740","165088755","0","0","false","false","true","true","true","true","true","60","VWAP condition failed; Breakout condition failed; Volume spike confirmed; OI behavior supports entry; IV filter passed; Liquidity filter passed; Entry time window passed; Signal score failed: 60%"
"2026-04-13T07:29:09.141058200Z","12:59:08.288503400","NIFTY","NO_TRADE","PE","NFO:NIFTY2641323800PE","23800","23815.1","23815.1","50.9","327909660","26467155",,"51.25","26467155","30","30","23810.7","23825.15","23810.7","23815.1","0","50.8","51.55","46.5","50.7","5902585","24000","23600","1.423673035141334","115959740","165088755","0","0","false","false","false","false","true","true","true","15","VWAP condition failed; Breakout condition failed; Volume spike missing; OI behavior does not support entry; IV filter passed; Liquidity filter passed; Entry time window passed; Signal score failed: 15%"
"2026-04-13T07:30:09.559373500Z","13:00:09.146502900","NIFTY","NO_TRADE","CE","NFO:NIFTY2641323800CE","23800","23805.95","23805.95","54.85","644901270","17629105",,"57.9","16290950","30","30","23813.15","23816.25","23804","23805.95","0","57.6","59.85","53.3","53.4","3272100","24000","23600","1.358984025151625","115178245","156525395","-1143025","378820","false","false","false","true","true","true","true","40","VWAP condition failed; Breakout condition failed; Volume spike missing; OI behavior supports entry; IV filter passed; Liquidity filter passed; Entry time window passed; Signal score failed: 40%"
"2026-04-13T07:30:09.686863300Z","13:00:09.146502900","NIFTY","NO_TRADE","PE","NFO:NIFTY2641323800PE","23800","23805.95","23805.95","51.55","332434440","23095670",,"50.9","26467155","30","30","23813.15","23816.25","23804","23805.95","0","51.1","52.6","47.05","52.5","4013555","24000","23600","1.358984025151625","115178245","156525395","-1143025","378820","false","false","false","false","true","true","true","15","VWAP condition failed; Breakout condition failed; Volume spike missing; OI behavior does not support entry; IV filter passed; Liquidity filter passed; Entry time window passed; Signal score failed: 15%"
"2026-04-13T07:31:10.908339800Z","13:01:09.692308200","NIFTY","NO_TRADE","CE","NFO:NIFTY2641323800CE","23800","23807.35","23807.35","57.1","649326405","17629105",,"54.85","17629105","30","30","23802.7","23809.15","23795.7","23807.35","0","54.4","58.5","50.95","57.1","4346420","24000","23600","1.358984025151625","115178245","156525395","0","0","false","false","false","true","true","true","true","40","VWAP condition failed; Breakout condition failed; Volume spike missing; OI behavior supports entry; IV filter passed; Liquidity filter passed; Entry time window passed; Signal score failed: 40%"
"2026-04-13T07:31:11.243705700Z","13:01:09.692308200","NIFTY","NO_TRADE","PE","NFO:NIFTY2641323800PE","23800","23807.35","23807.35","50.7","339280045","23095670",,"51.55","23095670","30","30","23802.7","23809.15","23795.7","23807.35","0","52.1","56.15","48.95","50.7","6705530","24000","23600","1.358984025151625","115178245","156525395","0","0","false","false","false","false","true","true","true","15","VWAP condition failed; Breakout condition failed; Volume spike missing; OI behavior does not support entry; IV filter passed; Liquidity filter passed; Entry time window passed; Signal score failed: 15%"
"2026-04-13T07:32:11.987292400Z","13:02:11.251527","NIFTY","NO_TRADE","CE","NFO:NIFTY2641323800CE","23800","23808","23808","56","652935855","18314010",,"57.1","17629105","30","30","23807.3","23815","23807.3","23808","0","56.25","60.15","55.4","55.85","3553680","24000","23600","1.363145788803429","115863150","157938365","0","0","false","false","false","true","true","true","true","40","VWAP condition failed; Breakout condition failed; Volume spike missing; OI behavior supports entry; IV filter passed; Liquidity filter passed; Entry time window passed; Signal score failed: 40%"
"2026-04-13T07:32:12.397251700Z","13:02:11.251527","NIFTY","NO_TRADE","PE","NFO:NIFTY2641323800PE","23800","23808","23808","51.75","342955730","24508640",,"50.7","23095670","30","30","23807.3","23815","23807.3","23808","0","51.5","52.45","46.85","52.35","3515980","24000","23600","1.363145788803429","115863150","157938365","0","0","false","false","false","false","true","true","true","15","VWAP condition failed; Breakout condition failed; Volume spike missing; OI behavior does not support entry; IV filter passed; Liquidity filter passed; Entry time window passed; Signal score failed: 15%"
"2026-04-13T07:33:12.901322200Z","13:03:12.407262400","NIFTY","NO_TRADE","CE","NFO:NIFTY2641323800CE","23800","23780.45","23780.45","39.95","659618115","18314010",,"56","18314010","30","30","23808","23808","23780.45","23780.45","0","55.5","55.5","41.3","41.3","5447845","24000","23600","1.354302919455000","118130610","159984630","635830","754780","false","false","false","true","true","true","true","40","VWAP condition failed; Breakout condition failed; Volume spike missing; OI behavior supports entry; IV filter passed; Liquidity filter passed; Entry time window passed; Signal score failed: 40%"
"2026-04-13T07:33:13.033345900Z","13:03:12.407262400","NIFTY","NO_TRADE","PE","NFO:NIFTY2641323800PE","23800","23780.45","23780.45","71.25","351971685","24508640",,"51.75","24508640","30","30","23808","23808","23780.45","23780.45","0","52.35","69.25","52.05","69.25","7470515","24000","23600","1.354302919455000","118130610","159984630","635830","754780","false","false","false","true","true","true","true","40","VWAP condition failed; Breakout condition failed; Volume spike missing; OI behavior supports entry; IV filter passed; Liquidity filter passed; Entry time window passed; Signal score failed: 40%"
"2026-04-13T07:34:13.445184800Z","13:04:13.041627400","NIFTY","NO_TRADE","CE","NFO:NIFTY2641323800CE","23800","23788.3","23788.3","46.85","666602300","18314010",,"39.95","18314010","30","30","23773.9","23788.3","23771.75","23788.3","0","40.45","46.4","39.15","46.4","6984185","24000","23600","1.354302919455000","118130610","159984630","0","0","false","false","true","true","true","true","true","60","VWAP condition failed; Breakout condition failed; Volume spike confirmed; OI behavior supports entry; IV filter passed; Liquidity filter passed; Entry time window passed; Signal score failed: 60%"
"2026-04-13T07:34:13.590517800Z","13:04:13.041627400","NIFTY","NO_TRADE","PE","NFO:NIFTY2641323800PE","23800","23788.3","23788.3","60.5","361399610","24508640",,"71.25","24508640","30","30","23773.9","23788.3","23771.75","23788.3","0","70.7","71","61.2","61.2","9427925","24000","23600","1.354302919455000","118130610","159984630","0","0","false","false","true","false","true","true","true","35","VWAP condition failed; Breakout condition failed; Volume spike confirmed; OI behavior does not support entry; IV filter passed; Liquidity filter passed; Entry time window passed; Signal score failed: 35%"
"2026-04-13T07:35:14.020536300Z","13:05:13.597624900","NIFTY","NO_TRADE","CE","NFO:NIFTY2641323800CE","23800","23788.25","23788.25","45.15","671021910","19176365",,"46.85","18314010","30","30","23790.3","23791.5","23784.4","23788.25","0","46.85","46.85","42.4","45.25","4419610","24000","23600","1.319705183838058","118589835","156503620","0","0","false","false","false","true","true","true","true","40","VWAP condition failed; Breakout condition failed; Volume spike missing; OI behavior supports entry; IV filter passed; Liquidity filter passed; Entry time window passed; Signal score failed: 40%"
"2026-04-13T07:35:14.145790300Z","13:05:13.597624900","NIFTY","NO_TRADE","PE","NFO:NIFTY2641323800PE","23800","23788.45","23788.45","61.4","365447745","22058595",,"60.5","24508640","30","30","23788.8","23791.5","23784.4","23788.45","0","61","65.25","60.9","61.4","4048135","24000","23600","1.319705183838058","118589835","156503620","0","0","false","false","false","false","true","true","true","15","VWAP condition failed; Breakout condition failed; Volume spike missing; OI behavior does not support entry; IV filter passed; Liquidity filter passed; Entry time window passed; Signal score failed: 15%"
"2026-04-13T07:36:14.535634700Z","13:06:14.152015","NIFTY","NO_TRADE","CE","NFO:NIFTY2641323800CE","23800","23795.7","23795.7","49.6","675865710","19176365",,"45.15","19176365","30","30","23788","23797.95","23787.85","23795.7","0","45.2","49.8","44.6","49.8","4690140","24000","23600","1.316308805338344","118020110","155350910","-732810","280020","false","false","false","true","true","true","true","40","VWAP condition failed; Breakout condition failed; Volume spike missing; OI behavior supports entry; IV filter passed; Liquidity filter passed; Entry time window passed; Signal score failed: 40%"
"2026-04-13T07:36:14.664562300Z","13:06:14.152015","NIFTY","NO_TRADE","PE","NFO:NIFTY2641323800PE","23800","23795.7","23795.7","56.15","369690685","22058595",,"61.4","22058595","30","30","23788","23797.95","23787.85","23795.7","0","61.4","62.2","56.1","56.1","4111380","24000","23600","1.316308805338344","118020110","155350910","-732810","280020","false","false","false","false","true","true","true","15","VWAP condition failed; Breakout condition failed; Volume spike missing; OI behavior does not support entry; IV filter passed; Liquidity filter passed; Entry time window passed; Signal score failed: 15%"
"2026-04-13T07:37:15.237769300Z","13:07:14.672133400","NIFTY","NO_TRADE","CE","NFO:NIFTY2641323800CE","23800","23804.9","23804.9","52.75","680955275","19176365",,"49.6","19176365","30","30","23795.55","23806.6","23795.55","23804.9","0","49.65","53.4","49.05","52.85","4992195","24000","23600","1.316308805338344","118020110","155350910","0","0","false","false","false","true","true","true","true","40","VWAP condition failed; Breakout condition failed; Volume spike missing; OI behavior supports entry; IV filter passed; Liquidity filter passed; Entry time window passed; Signal score failed: 40%"
"2026-04-13T07:37:15.358612Z","13:07:14.672133400","NIFTY","NO_TRADE","PE","NFO:NIFTY2641323800PE","23800","23804.9","23804.9","54.25","374604100","22058595",,"56.15","22058595","30","30","23795.55","23806.6","23795.55","23804.9","0","56.55","57.7","53.3","54.3","4736810","24000","23600","1.316308805338344","118020110","155350910","0","0","false","false","false","false","true","true","true","15","VWAP condition failed; Breakout condition failed; Volume spike missing; OI behavior does not support entry; IV filter passed; Liquidity filter passed; Entry time window passed; Signal score failed: 15%"
"2026-04-13T07:38:15.773331100Z","13:08:15.365151100","NIFTY","NO_TRADE","CE","NFO:NIFTY2641323800CE","23800","23806.6","23806.6","52.45","684378110","19431230",,"52.75","19176365","30","30","23805.1","23808.3","23804.55","23806.6","0","52.55","55","51.2","52.95","3384160","24000","23600","1.314625442266499","119192840","156693940","0","0","false","false","false","true","true","true","true","40","VWAP condition failed; Breakout condition failed; Volume spike missing; OI behavior supports entry; IV filter passed; Liquidity filter passed; Entry time window passed; Signal score failed: 40%"
"2026-04-13T07:38:15.900841100Z","13:08:15.365151100","NIFTY","NO_TRADE","PE","NFO:NIFTY2641323800PE","23800","23806.6","23806.6","53.05","377550550","23092290",,"54.25","22058595","30","30","23805.1","23808.3","23804.55","23806.6","0","54.3","55.55","52","52.6","2893475","24000","23600","1.314625442266499","119192840","156693940","0","0","false","false","false","true","true","true","true","40","VWAP condition failed; Breakout condition failed; Volume spike missing; OI behavior supports entry; IV filter passed; Liquidity filter passed; Entry time window passed; Signal score failed: 40%"
"2026-04-13T07:39:16.325190600Z","13:09:15.906332900","NIFTY","NO_TRADE","CE","NFO:NIFTY2641323800CE","23800","23814.75","23814.75","59.8","689104520","19431230",,"52.45","19431230","30","30","23807.3","23814.75","23805.85","23814.75","0","53.55","58.95","52.25","58.95","4118985","24000","23600","1.320024902879859","119231190","157388140","369395","-520715","false","false","false","true","true","true","true","40","VWAP condition failed; Breakout condition failed; Volume spike missing; OI behavior supports entry; IV filter passed; Liquidity filter passed; Entry time window passed; Signal score failed: 40%"
"2026-04-13T07:39:16.461174700Z","13:09:15.906332900","NIFTY","NO_TRADE","PE","NFO:NIFTY2641323800PE","23800","23814.75","23814.75","45.6","382649995","23092290",,"53.05","23092290","30","30","23807.3","23814.75","23805.85","23814.75","0","51.9","53.25","46.4","46.4","4355195","24000","23600","1.320024902879859","119231190","157388140","369395","-520715","false","false","false","true","true","true","true","40","VWAP condition failed; Breakout condition failed; Volume spike missing; OI behavior supports entry; IV filter passed; Liquidity filter passed; Entry time window passed; Signal score failed: 40%"
"2026-04-13T07:40:16.813974500Z","13:10:16.468389300","NIFTY","NO_TRADE","CE","NFO:NIFTY2641323800CE","23800","23804.25","23804.25","53","693491370","19431230",,"59.8","19431230","30","30","23817.35","23817.95","23803.8","23804.25","0","59.8","59.8","51.4","52.15","4628260","24000","23600","1.320024902879859","119231190","157388140","0","0","false","false","false","true","true","true","true","40","VWAP condition failed; Breakout condition failed; Volume spike missing; OI behavior supports entry; IV filter passed; Liquidity filter passed; Entry time window passed; Signal score failed: 40%"
"2026-04-13T07:40:16.945982100Z","13:10:16.468389300","NIFTY","NO_TRADE","PE","NFO:NIFTY2641323800PE","23800","23804.25","23804.25","50.95","387211760","23092290",,"45.6","23092290","30","30","23817.35","23817.95","23803.8","23804.25","0","45.6","52.55","45.6","52.15","4771390","24000","23600","1.320024902879859","119231190","157388140","0","0","false","false","false","false","true","true","true","15","VWAP condition failed; Breakout condition failed; Volume spike missing; OI behavior does not support entry; IV filter passed; Liquidity filter passed; Entry time window passed; Signal score failed: 15%"
"2026-04-13T07:41:17.352627800Z","13:11:16.953117700","NIFTY","NO_TRADE","CE","NFO:NIFTY2641323800CE","23800","23806.2","23806.2","56.1","695908590","19709495",,"53","19431230","30","30","23806.9","23806.9","23803.4","23806.2","0","52.9","54.9","52.3","54.85","2122510","24000","23600","1.311895854159784","121200040","159001830","0","0","false","false","false","true","true","true","true","40","VWAP condition failed; Breakout condition failed; Volume spike missing; OI behavior supports entry; IV filter passed; Liquidity filter passed; Entry time window passed; Signal score failed: 40%"
"2026-04-13T07:41:17.485136200Z","13:11:16.953117700","NIFTY","NO_TRADE","PE","NFO:NIFTY2641323800PE","23800","23806.2","23806.2","49.6","390515320","24021660",,"50.95","23092290","30","30","23806.9","23806.9","23803.4","23806.2","0","50.8","52.5","50.15","50.6","2930590","24000","23600","1.311895854159784","121200040","159001830","0","0","false","false","false","true","true","true","true","40","VWAP condition failed; Breakout condition failed; Volume spike missing; OI behavior supports entry; IV filter passed; Liquidity filter passed; Entry time window passed; Signal score failed: 40%"
"2026-04-13T07:42:18.034193800Z","13:12:17.491499700","NIFTY","NO_TRADE","CE","NFO:NIFTY2641323800CE","23800","23818.3","23818.3","60.2","700627980","19709495",,"56.1","19709495","30","30","23807.65","23818.85","23806.4","23818.3","0","56.1","62.4","54.65","60.3","4657640","24000","23600","1.308656561473966","121969965","159616795","707200","92365","false","false","false","true","true","true","true","40","VWAP condition failed; Breakout condition failed; Volume spike missing; OI behavior supports entry; IV filter passed; Liquidity filter passed; Entry time window passed; Signal score failed: 40%"
"2026-04-13T07:42:18.157371300Z","13:12:17.491499700","NIFTY","NO_TRADE","PE","NFO:NIFTY2641323800PE","23800","23818.3","23818.3","43.95","395398965","24021660",,"49.6","24021660","30","30","23807.95","23818.85","23806.4","23818.3","0","49.5","50.45","42.65","44.7","4506320","24000","23600","1.308656561473966","121969965","159616795","707200","92365","false","false","false","true","true","true","true","40","VWAP condition failed; Breakout condition failed; Volume spike missing; OI behavior supports entry; IV filter passed; Liquidity filter passed; Entry time window passed; Signal score failed: 40%"
"2026-04-13T07:43:18.532489900Z","13:13:18.163085500","NIFTY","NO_TRADE","CE","NFO:NIFTY2641323800CE","23800","23821.15","23821.15","60.05","705750630","19709495",,"60.2","19709495","30","30","23818.65","23822.4","23813.15","23821.15","0","60.25","63.6","58","61.15","4847505","24000","23600","1.308656561473966","121969965","159616795","0","0","false","false","true","true","true","true","true","60","VWAP condition failed; Breakout condition failed; Volume spike confirmed; OI behavior supports entry; IV filter passed; Liquidity filter passed; Entry time window passed; Signal score failed: 60%"
"2026-04-13T07:43:18.653502800Z","13:13:18.163085500","NIFTY","NO_TRADE","PE","NFO:NIFTY2641323800PE","23800","23821.15","23821.15","42.5","400000445","24021660",,"43.95","24021660","30","30","23818.65","23822.4","23813.15","23821.15","0","43.9","44.75","40","41.5","4334005","24000","23600","1.308656561473966","121969965","159616795","0","0","false","false","false","false","true","true","true","15","VWAP condition failed; Breakout condition failed; Volume spike missing; OI behavior does not support entry; IV filter passed; Liquidity filter passed; Entry time window passed; Signal score failed: 15%"
"2026-04-13T07:44:19.044393Z","13:14:18.658773500","NIFTY","NO_TRADE","CE","NFO:NIFTY2641323800CE","23800","23809.65","23809.65","57.35","710018400","19857955",,"60.05","19709495","30","30","23820.85","23820.85","23807.5","23809.65","0","60.05","60.35","53.35","53.85","4054115","24000","23600","1.302643854616307","122830695","160004650","0","-368485","false","false","false","true","true","true","true","40","VWAP condition failed; Breakout condition failed; Volume spike missing; OI behavior supports entry; IV filter passed; Liquidity filter passed; Entry time window passed; Signal score failed: 40%"
"2026-04-13T07:44:19.172463100Z","13:14:18.658773500","NIFTY","NO_TRADE","PE","NFO:NIFTY2641323800PE","23800","23809.65","23809.65","44.35","404564290","24457420",,"42.5","24021660","30","30","23820.15","23820.7","23807.5","23809.65","0","42.65","47.95","42.35","47.3","4088695","24000","23600","1.302643854616307","122830695","160004650","0","-368485","false","false","false","true","true","true","true","40","VWAP condition failed; Breakout condition failed; Volume spike missing; OI behavior supports entry; IV filter passed; Liquidity filter passed; Entry time window passed; Signal score failed: 40%"
"2026-04-13T07:45:19.568418800Z","13:15:19.177657700","NIFTY","NO_TRADE","CE","NFO:NIFTY2641323800CE","23800","23823.4","23823.4","64.75","714507430","19857955",,"57.35","19857955","30","30","23815.55","23823.4","23813.6","23823.4","0","57.6","63.7","57.3","63.7","3931525","24000","23600","1.294258580558945","123740045","160151615","776555","0","false","false","false","true","true","true","true","40","VWAP condition failed; Breakout condition failed; Volume spike missing; OI behavior supports entry; IV filter passed; Liquidity filter passed; Entry time window passed; Signal score failed: 40%"
"2026-04-13T07:45:19.733155600Z","13:15:19.177657700","NIFTY","NO_TRADE","PE","NFO:NIFTY2641323800PE","23800","23823.4","23823.4","37.5","408985785","24457420",,"44.35","24457420","30","30","23815.55","23823.4","23813.6","23823.4","0","44.15","44.75","38.25","38.3","3729960","24000","23600","1.294258580558945","123740045","160151615","776555","0","false","false","false","true","true","true","true","40","VWAP condition failed; Breakout condition failed; Volume spike missing; OI behavior supports entry; IV filter passed; Liquidity filter passed; Entry time window passed; Signal score failed: 40%"
"2026-04-13T07:46:20.290936400Z","13:16:19.739225400","NIFTY","NO_TRADE","CE","NFO:NIFTY2641323800CE","23800","23816.4","23816.4","56.15","722081100","19857955",,"64.75","19857955","30","30","23825.2","23830.4","23812.45","23816.4","0","64.2","66.15","54.3","56.15","7174570","24000","23600","1.294258580558945","123740045","160151615","0","0","false","false","true","true","true","true","true","60","VWAP condition failed; Breakout condition failed; Volume spike confirmed; OI behavior supports entry; IV filter passed; Liquidity filter passed; Entry time window passed; Signal score failed: 60%"
"2026-04-13T07:46:20.430862200Z","13:16:19.739225400","NIFTY","NO_TRADE","PE","NFO:NIFTY2641323800PE","23800","23816.4","23816.4","41.55","416315120","24457420",,"37.5","24457420","30","30","23825.2","23830.4","23812.45","23816.4","0","37.65","43.55","35","41.55","7166120","24000","23600","1.294258580558945","123740045","160151615","0","0","false","false","true","false","true","true","true","35","VWAP condition failed; Breakout condition failed; Volume spike confirmed; OI behavior does not support entry; IV filter passed; Liquidity filter passed; Entry time window passed; Signal score failed: 35%"
"2026-04-13T07:47:20.878474100Z","13:17:20.435755100","NIFTY","NO_TRADE","CE","NFO:NIFTY2641323800CE","23800","23812.1","23812.1","52.8","725867545","19652035",,"56.15","19857955","30","30","23816.95","23817.05","23807.6","23812.1","0","56.1","56.3","51","54.35","3786445","24000","23600","1.291981137698018","125421595","162042335","0","38090","false","false","false","true","true","true","true","40","VWAP condition failed; Breakout condition failed; Volume spike missing; OI behavior supports entry; IV filter passed; Liquidity filter passed; Entry time window passed; Signal score failed: 40%"
"2026-04-13T07:47:21.017616Z","13:17:20.435755100","NIFTY","NO_TRADE","PE","NFO:NIFTY2641323800PE","23800","23812.1","23812.1","45.5","421502640","25909130",,"41.55","24457420","30","30","23816.95","23817.05","23807.6","23812.1","0","41.75","46.95","41.65","44.15","5187520","24000","23600","1.291981137698018","125421595","162042335","0","38090","false","false","false","false","true","true","true","15","VWAP condition failed; Breakout condition failed; Volume spike missing; OI behavior does not support entry; IV filter passed; Liquidity filter passed; Entry time window passed; Signal score failed: 15%"
"2026-04-13T07:48:21.450110300Z","13:18:21.023288300","NIFTY","NO_TRADE","CE","NFO:NIFTY2641323800CE","23800","23817.9","23817.9","58.9","729498120","19652035",,"52.8","19652035","30","30","23810.85","23819.75","23805.25","23817.9","0","52.55","60.3","51.5","58.6","3426150","24000","23600","1.284434354485211","125777405","161552820","471250","0","false","false","false","true","true","true","true","40","VWAP condition failed; Breakout condition failed; Volume spike missing; OI behavior supports entry; IV filter passed; Liquidity filter passed; Entry time window passed; Signal score failed: 40%"
"2026-04-13T07:48:21.594825800Z","13:18:21.023288300","NIFTY","NO_TRADE","PE","NFO:NIFTY2641323800PE","23800","23817.9","23817.9","41.2","426439130","25909130",,"45.5","25909130","30","30","23810.85","23819.75","23805.25","23817.9","0","45.8","47","39.95","41.35","4804345","24000","23600","1.284434354485211","125777405","161552820","471250","0","false","false","false","true","true","true","true","40","VWAP condition failed; Breakout condition failed; Volume spike missing; OI behavior supports entry; IV filter passed; Liquidity filter passed; Entry time window passed; Signal score failed: 40%"
"2026-04-13T07:49:21.996205300Z","13:19:21.601825500","NIFTY","NO_TRADE","CE","NFO:NIFTY2641323850CE","23850","23827","23827","37.35","561445105","18343000",,"35.05","18343000","30","30","23817.8","23830.6","23816","23827","0","34.55","40.45","34.55","37.75","5104775","24000","23600","1.091896843762674","136230250","148749380","0","0","false","false","false","true","true","true","true","40","VWAP condition failed; Breakout condition failed; Volume spike missing; OI behavior supports entry; IV filter passed; Liquidity filter passed; Entry time window passed; Signal score failed: 40%"
"2026-04-13T07:49:22.122620500Z","13:19:21.601825500","NIFTY","NO_TRADE","PE","NFO:NIFTY2641323850PE","23850","23827","23827","61.6","153682295","8162895",,"67.15","8162895","30","30","23816.45","23830.6","23816","23827","0","67","67.7","56.75","60.8","2483065","24000","23600","1.091896843762674","136230250","148749380","0","0","false","false","false","false","true","true","true","15","VWAP condition failed; Breakout condition failed; Volume spike missing; OI behavior does not support entry; IV filter passed; Liquidity filter passed; Entry time window passed; Signal score failed: 15%"
"2026-04-13T07:50:22.524355500Z","13:20:22.128603500","NIFTY","NO_TRADE","CE","NFO:NIFTY2641323850CE","23850","23834.75","23834.75","38.35","567514025","18529615",,"37.35","18343000","30","30","23826.1","23839.8","23825.5","23834.75","0","36.7","41.65","36.5","38.8","5959720","24000","23600","1.097600432411202","136370195","149679985","567840","-340340","false","false","true","true","true","true","true","60","VWAP condition failed; Breakout condition failed; Volume spike confirmed; OI behavior supports entry; IV filter passed; Liquidity filter passed; Entry time window passed; Signal score failed: 60%"
"2026-04-13T07:50:22.666007300Z","13:20:22.128603500","NIFTY","NO_TRADE","PE","NFO:NIFTY2641323850PE","23850","23834.75","23834.75","59.05","156369070","8887190",,"61.6","8162895","30","30","23826.1","23839.8","23825.5","23834.75","0","62.4","62.85","54.1","57.75","2648100","24000","23600","1.097600432411202","136370195","149679985","567840","-340340","false","false","false","true","true","true","true","40","VWAP condition failed; Breakout condition failed; Volume spike missing; OI behavior supports entry; IV filter passed; Liquidity filter passed; Entry time window passed; Signal score failed: 40%"
"2026-04-13T07:51:23.207779500Z","13:21:22.671250500","NIFTY","NO_TRADE","CE","NFO:NIFTY2641323850CE","23850","23831.5","23831.5","39.55","571696385","18529615",,"38.35","18529615","30","30","23835.8","23837.3","23826.9","23831.5","0","38.55","40.4","35.95","38.75","4057885","24000","23600","1.102789470365579","136073860","150060820","0","0","false","false","false","true","true","true","true","40","VWAP condition failed; Breakout condition failed; Volume spike missing; OI behavior supports entry; IV filter passed; Liquidity filter passed; Entry time window passed; Signal score failed: 40%"
"2026-04-13T07:51:23.333268500Z","13:21:22.671250500","NIFTY","NO_TRADE","PE","NFO:NIFTY2641323850PE","23850","23831.5","23831.5","58.6","158694770","8887190",,"59.05","8887190","30","30","23835.8","23837.3","23826.9","23831.5","0","58.65","61.5","56.5","59.55","2295605","24000","23600","1.102789470365579","136073860","150060820","0","0","false","false","false","false","true","true","true","15","VWAP condition failed; Breakout condition failed; Volume spike missing; OI behavior does not support entry; IV filter passed; Liquidity filter passed; Entry time window passed; Signal score failed: 15%"
"2026-04-13T07:52:23.758375400Z","13:22:23.340238","NIFTY","NO_TRADE","CE","NFO:NIFTY2641323850CE","23850","23830.85","23830.85","38.95","574642380","18529615",,"39.55","18529615","30","30","23833.1","23835.3","23829.75","23830.85","0","39.65","40.05","37.45","38.65","2891785","24000","23600","1.102789470365579","136073860","150060820","0","0","false","false","false","true","true","true","true","40","VWAP condition failed; Breakout condition failed; Volume spike missing; OI behavior supports entry; IV filter passed; Liquidity filter passed; Entry time window passed; Signal score failed: 40%"
"2026-04-13T07:52:23.893064400Z","13:22:23.340238","NIFTY","NO_TRADE","PE","NFO:NIFTY2641323850PE","23850","23830.85","23830.85","58.25","159718065","8887190",,"58.6","8887190","30","30","23833.1","23835.3","23829.75","23830.85","0","58.25","60.45","56.65","58.4","1008280","24000","23600","1.102789470365579","136073860","150060820","0","0","false","false","false","false","true","true","true","15","VWAP condition failed; Breakout condition failed; Volume spike missing; OI behavior does not support entry; IV filter passed; Liquidity filter passed; Entry time window passed; Signal score failed: 15%"
"2026-04-13T07:53:24.285390600Z","13:23:23.899227600","NIFTY","NO_TRADE","CE","NFO:NIFTY2641323850CE","23850","23826.45","23826.45","37.15","578744595","18546840",,"38.95","18529615","30","30","23830.8","23832.25","23818.8","23826.45","0","38.9","39.65","34.1","37.4","4102215","24000","23600","1.119941514523782","136211595","152549020","144430","74750","false","false","false","true","true","true","true","40","VWAP condition failed; Breakout condition failed; Volume spike missing; OI behavior supports entry; IV filter passed; Liquidity filter passed; Entry time window passed; Signal score failed: 40%"
"2026-04-13T07:53:24.433096600Z","13:23:23.899227600","NIFTY","NO_TRADE","PE","NFO:NIFTY2641323850PE","23850","23826.45","23826.45","61.15","161961995","9287460",,"58.25","8887190","30","30","23830.8","23832.25","23818.8","23826.45","0","58.3","66","57.4","60.9","2243930","24000","23600","1.119941514523782","136211595","152549020","144430","74750","false","false","false","true","true","true","true","40","VWAP condition failed; Breakout condition failed; Volume spike missing; OI behavior supports entry; IV filter passed; Liquidity filter passed; Entry time window passed; Signal score failed: 40%"
"2026-04-13T07:54:24.833146300Z","13:24:24.438650","NIFTY","NO_TRADE","CE","NFO:NIFTY2641323800CE","23800","23821.65","23821.65","60.35","752104860","18618925",,"62.6","18618925","30","30","23826.5","23827.8","23821.65","23821.65","0","62.6","63.65","59.2","60.35","1803880","24000","23600","1.321858400538781","125758035","166234315","0","0","false","false","false","true","true","true","true","40","VWAP condition failed; Breakout condition failed; Volume spike missing; OI behavior supports entry; IV filter passed; Liquidity filter passed; Entry time window passed; Signal score failed: 40%"
"2026-04-13T07:54:24.968310300Z","13:24:24.438650","NIFTY","NO_TRADE","PE","NFO:NIFTY2641323800PE","23800","23821.65","23821.65","37.75","450821995","27603225",,"36.2","27603225","30","30","23826.5","23827.8","23821.65","23821.65","0","36.2","38.45","35.7","37.7","2077790","24000","23600","1.321858400538781","125758035","166234315","0","0","false","false","false","false","true","true","true","15","VWAP condition failed; Breakout condition failed; Volume spike missing; OI behavior does not support entry; IV filter passed; Liquidity filter passed; Entry time window passed; Signal score failed: 15%"
"2026-04-13T07:55:25.360250900Z","13:25:24.976123700","NIFTY","NO_TRADE","CE","NFO:NIFTY2641323850CE","23850","23830.1","23830.1","38.8","583527815","18546840",,"35.8","18546840","30","30","23820.35","23830.25","23820.35","23830.1","0","35.35","39.5","35.35","38.65","2556580","24000","23600","1.124570573632625","136417450","153411050","0","0","false","false","false","true","true","true","true","40","VWAP condition failed; Breakout condition failed; Volume spike missing; OI behavior supports entry; IV filter passed; Liquidity filter passed; Entry time window passed; Signal score failed: 40%"
"2026-04-13T07:55:25.486711800Z","13:25:24.976123700","NIFTY","NO_TRADE","PE","NFO:NIFTY2641323850PE","23850","23830.1","23830.1","57.85","164407685","9287460",,"62.85","9287460","30","30","23820.35","23830.25","23820.35","23830.1","0","63.35","63.4","57.1","58","1501045","24000","23600","1.124570573632625","136417450","153411050","0","0","false","false","false","false","true","true","true","15","VWAP condition failed; Breakout condition failed; Volume spike missing; OI behavior does not support entry; IV filter passed; Liquidity filter passed; Entry time window passed; Signal score failed: 15%"
"2026-04-13T07:56:25.930286Z","13:26:25.492557500","NIFTY","NO_TRADE","CE","NFO:NIFTY2641323850CE","23850","23826.9","23826.9","37.3","585799565","19040645",,"38.8","18546840","30","30","23830.35","23831.25","23825.75","23826.9","0","38.8","38.8","36.3","37","2208960","24000","23600","1.120001426906481","138481395","155099360","322595","-148330","false","false","false","true","true","true","true","40","VWAP condition failed; Breakout condition failed; Volume spike missing; OI behavior supports entry; IV filter passed; Liquidity filter passed; Entry time window passed; Signal score failed: 40%"
"2026-04-13T07:56:26.066863100Z","13:26:25.492557500","NIFTY","NO_TRADE","PE","NFO:NIFTY2641323850PE","23850","23826.9","23826.9","59.05","165736480","9762220",,"57.85","9287460","30","30","23830.35","23831.25","23825.75","23826.9","0","57.8","61.7","57.55","59.8","1258335","24000","23600","1.120001426906481","138481395","155099360","322595","-148330","false","false","false","true","true","true","true","40","VWAP condition failed; Breakout condition failed; Volume spike missing; OI behavior supports entry; IV filter passed; Liquidity filter passed; Entry time window passed; Signal score failed: 40%"
"2026-04-13T07:57:26.527308900Z","13:27:26.087058100","NIFTY","NO_TRADE","CE","NFO:NIFTY2641323800CE","23800","23826.25","23826.25","62.4","759316025","18720325",,"63.25","18720325","30","30","23827","23828.15","23815.45","23826.25","0","62.35","62.95","58.4","61.4","2732665","24000","23600","1.315019585016255","127859225","168137385","0","0","false","false","false","true","true","true","true","40","VWAP condition failed; Breakout condition failed; Volume spike missing; OI behavior supports entry; IV filter passed; Liquidity filter passed; Entry time window passed; Signal score failed: 40%"
"2026-04-13T07:57:26.663630500Z","13:27:26.087058100","NIFTY","NO_TRADE","PE","NFO:NIFTY2641323800PE","23800","23826.25","23826.25","35.4","459635345","28435550",,"35.05","28435550","30","30","23827","23828.15","23815.45","23826.25","0","35.4","38.7","35.1","36.45","3470480","24000","23600","1.315019585016255","127859225","168137385","0","0","false","false","true","false","true","true","true","35","VWAP condition failed; Breakout condition failed; Volume spike confirmed; OI behavior does not support entry; IV filter passed; Liquidity filter passed; Entry time window passed; Signal score failed: 35%"
"2026-04-13T07:58:27.051176300Z","13:28:26.668252400","NIFTY","NO_TRADE","CE","NFO:NIFTY2641323850CE","23850","23827.1","23827.1","36.7","591160245","19040645",,"36.6","19040645","30","30","23824.5","23827.3","23823","23827.1","0","36.55","36.6","34.6","35.9","1715285","24000","23600","1.121165039614237","138518380","155301965","0","0","false","false","false","true","true","true","true","40","VWAP condition failed; Breakout condition failed; Volume spike missing; OI behavior supports entry; IV filter passed; Liquidity filter passed; Entry time window passed; Signal score failed: 40%"
"2026-04-13T07:58:27.181842300Z","13:28:26.668252400","NIFTY","NO_TRADE","PE","NFO:NIFTY2641323850PE","23850","23827.1","23827.1","59","168345645","9762220",,"59.4","9762220","30","30","23825.45","23827.3","23823","23827.1","0","59.8","62.4","59.55","60.1","803140","24000","23600","1.121165039614237","138518380","155301965","0","0","false","false","false","false","true","true","true","15","VWAP condition failed; Breakout condition failed; Volume spike missing; OI behavior does not support entry; IV filter passed; Liquidity filter passed; Entry time window passed; Signal score failed: 15%"
"2026-04-13T07:59:27.571927400Z","13:29:27.185899900","NIFTY","NO_TRADE","CE","NFO:NIFTY2641323850CE","23850","23827.85","23827.85","36.25","592702110","19219655",,"36.7","19040645","30","30","23827.05","23828.8","23825.65","23827.85","0","36.85","36.85","35.25","36.45","1489540","24000","23600","1.121134300050115","139688965","156610090","205140","-11115","false","false","false","true","true","true","true","40","VWAP condition failed; Breakout condition failed; Volume spike missing; OI behavior supports entry; IV filter passed; Liquidity filter passed; Entry time window passed; Signal score failed: 40%"
"2026-04-13T07:59:27.693708500Z","13:29:27.185899900","NIFTY","NO_TRADE","PE","NFO:NIFTY2641323850PE","23850","23827.85","23827.85","61.05","169264680","9875450",,"59","9762220","30","30","23827.05","23828.8","23825.65","23827.85","0","58.6","61.05","58.35","60.15","881335","24000","23600","1.121134300050115","139688965","156610090","205140","-11115","false","false","false","true","true","true","true","40","VWAP condition failed; Breakout condition failed; Volume spike missing; OI behavior supports entry; IV filter passed; Liquidity filter passed; Entry time window passed; Signal score failed: 40%"
"2026-04-13T08:00:28.127722700Z","13:30:27.699557800","NIFTY","NO_TRADE","CE","NFO:NIFTY2641323850CE","23850","23828.05","23828.05","39.15","595382580","19219655",,"36.25","19219655","30","30","23827","23828.05","23822.9","23828.05","0","36.05","39.45","35.55","39","2423395","24000","23600","1.121015066521395","139719710","156627900","0","0","false","false","false","true","true","true","true","40","VWAP condition failed; Breakout condition failed; Volume spike missing; OI behavior supports entry; IV filter passed; Liquidity filter passed; Entry time window passed; Signal score failed: 40%"
"2026-04-13T08:00:28.269276200Z","13:30:27.699557800","NIFTY","NO_TRADE","PE","NFO:NIFTY2641323850PE","23850","23828.05","23828.05","58.2","170527565","9875450",,"61.05","9875450","30","30","23827.7","23828.05","23822.9","23828.05","0","61.25","63.95","58.65","58.75","1143220","24000","23600","1.121015066521395","139719710","156627900","0","0","false","false","false","false","true","true","true","15","VWAP condition failed; Breakout condition failed; Volume spike missing; OI behavior does not support entry; IV filter passed; Liquidity filter passed; Entry time window passed; Signal score failed: 15%"
"2026-04-13T08:01:28.805277700Z","13:31:28.273523200","NIFTY","NO_TRADE","CE","NFO:NIFTY2641323850CE","23850","23829.9","23829.9","35.7","598572195","19219655",,"39.15","19219655","30","30","23828.15","23831.7","23824.85","23829.9","0","38.65","40","35.6","36.55","3078725","24000","23600","1.121015066521395","139719710","156627900","0","0","false","false","true","true","true","true","true","60","VWAP condition failed; Breakout condition failed; Volume spike confirmed; OI behavior supports entry; IV filter passed; Liquidity filter passed; Entry time window passed; Signal score failed: 60%"
"2026-04-13T08:01:28.925900800Z","13:31:28.273523200","NIFTY","NO_TRADE","PE","NFO:NIFTY2641323850PE","23850","23829.9","23829.9","58.85","172136835","9875450",,"58.2","9875450","30","30","23828.15","23831.7","23824.85","23829.9","0","58.6","60.6","56.65","57.65","1557920","24000","23600","1.121015066521395","139719710","156627900","0","0","false","false","true","false","true","true","true","35","VWAP condition failed; Breakout condition failed; Volume spike confirmed; OI behavior does not support entry; IV filter passed; Liquidity filter passed; Entry time window passed; Signal score failed: 35%"
"2026-04-13T08:02:29.325083800Z","13:32:28.931192600","NIFTY","NO_TRADE","CE","NFO:NIFTY2641323850CE","23850","23833.7","23833.7","38.4","602410120","19094660",,"35.7","19219655","30","30","23827.3","23834.8","23825.6","23833.7","0","35.5","39.35","34.5","37.85","3430050","24000","23600","1.127110392730522","138657545","156282360","387985","-301275","false","false","true","true","true","true","true","60","VWAP condition failed; Breakout condition failed; Volume spike confirmed; OI behavior supports entry; IV filter passed; Liquidity filter passed; Entry time window passed; Signal score failed: 60%"
"2026-04-13T08:02:29.466350600Z","13:32:28.931192600","NIFTY","NO_TRADE","PE","NFO:NIFTY2641323850PE","23850","23833.7","23833.7","53.4","174632380","9935770",,"58.85","9875450","30","30","23827.3","23834.8","23825.6","23833.7","0","59.15","60.15","52.65","54","2251145","24000","23600","1.127110392730522","138657545","156282360","387985","-301275","false","false","true","true","true","true","true","60","VWAP condition failed; Breakout condition failed; Volume spike confirmed; OI behavior supports entry; IV filter passed; Liquidity filter passed; Entry time window passed; Signal score failed: 60%"
"2026-04-13T08:03:29.852652400Z","13:33:29.470554","NIFTY","BUY_CE","CE","NFO:NIFTY2641323850CE","23850","23850.45","23850.45","45.15","613962375","19094660",,"38.4","19094660","30","30","23833.1","23852.35","23833.1","23850.45","0","38.4","48.15","38.1","44.7","11114155","24000","23600","1.127110392730522","138657545","156282360","0","0","false","true","true","true","true","true","true","85","VWAP condition failed; Breakout condition passed; Volume spike confirmed; OI behavior supports entry; IV filter passed; Liquidity filter passed; Entry time window passed; Signal score passed: 85%"
"2026-04-13T08:06:02.777452400Z","13:33:29.470554","NIFTY","NO_TRADE","PE","NFO:NIFTY2641323850PE","23850","23845.9","23845.9","46.25","179877945","9935770",,"53.4","9935770","30","30","23844.25","23850.4","23839.6","23845.9","0","45.45","49.15","42.6","43.75","3067870","24000","23600","1.127110392730522","138657545","156282360","0","0","false","false","false","false","true","true","true","15","VWAP condition failed; Breakout condition failed; Volume spike missing; OI behavior does not support entry; IV filter passed; Liquidity filter passed; Entry time window passed; Signal score failed: 15%"
"2026-04-13T08:18:30.688238800Z","13:48:27.144554100","NIFTY","NO_TRADE","PE","NFO:NIFTY2641323850PE","23850","23835.4","23835.4","50.4","217657115","13094445",,,,"30","30","23835.5","23837.35","23832.2","23835.4","0","52.05","54.55","50.3","50.4","1726465","24000","23800","1.130687660826207","145574455","164599240","0","0","false","false","false","false","true","true","true","15","VWAP condition failed; Breakout condition failed; Volume spike missing; OI behavior does not support entry; IV filter passed; Liquidity filter passed; Entry time window passed; Signal score failed: 15%"
"2026-04-13T08:18:30.943440200Z","13:48:27.144554100","NIFTY","NO_TRADE","CE","NFO:NIFTY2641323850CE","23850","23835.4","23835.4","33.4","676338455","20630090",,,,"30","30","23835.5","23837.35","23832.2","23835.4","0","32.9","34","31","33.4","2645565","24000","23800","1.130687660826207","145574455","164599240","0","0","false","false","false","true","true","true","true","40","VWAP condition failed; Breakout condition failed; Volume spike missing; OI behavior supports entry; IV filter passed; Liquidity filter passed; Entry time window passed; Signal score failed: 40%"
"2026-04-13T08:19:31.413067500Z","13:49:30.953967","NIFTY","NO_TRADE","PE","NFO:NIFTY2641323850PE","23850","23839.8","23839.8","47","220758850","13094445",,"50.4","13094445","30","30","23834.65","23842.65","23834.65","23839.8","0","51.5","51.9","44.65","47.4","3066440","24000","23800","1.130687660826207","145574455","164599240","0","0","false","false","true","false","true","true","true","35","VWAP condition failed; Breakout condition failed; Volume spike confirmed; OI behavior does not support entry; IV filter passed; Liquidity filter passed; Entry time window passed; Signal score failed: 35%"
"2026-04-13T08:19:31.549938600Z","13:49:30.953967","NIFTY","NO_TRADE","CE","NFO:NIFTY2641323850CE","23850","23839.8","23839.8","36","680537065","20630090",,"33.4","20630090","30","30","23834.65","23842.65","23834.65","23839.8","0","32.7","38.1","32.55","35.35","4131725","24000","23800","1.130687660826207","145574455","164599240","0","0","false","false","true","true","true","true","true","60","VWAP condition failed; Breakout condition failed; Volume spike confirmed; OI behavior supports entry; IV filter passed; Liquidity filter passed; Entry time window passed; Signal score failed: 60%"
"2026-04-13T08:20:32.096219Z","13:50:31.555755400","NIFTY","NO_TRADE","PE","NFO:NIFTY2641323850PE","23850","23841.05","23841.05","46.75","223020850","13336245",,"47","13094445","30","30","23839.7","23843.35","23836.55","23841.05","0","47","49.05","44.85","46.2","2225210","24000","23800","1.127664492737839","146219905","164886995","0","-188890","false","false","false","true","true","true","true","40","VWAP condition failed; Breakout condition failed; Volume spike missing; OI behavior supports entry; IV filter passed; Liquidity filter passed; Entry time window passed; Signal score failed: 40%"
"2026-04-13T08:20:32.218147300Z","13:50:31.555755400","NIFTY","NO_TRADE","CE","NFO:NIFTY2641323850CE","23850","23841.05","23841.05","36.35","683904520","20649980",,"36","20630090","30","30","23839.5","23843.35","23836.55","23841.05","0","35.7","37.65","34.55","37.05","3283215","24000","23800","1.127664492737839","146219905","164886995","0","-188890","false","false","false","true","true","true","true","40","VWAP condition failed; Breakout condition failed; Volume spike missing; OI behavior supports entry; IV filter passed; Liquidity filter passed; Entry time window passed; Signal score failed: 40%"
"2026-04-13T08:21:32.850882500Z","13:51:32.227005700","NIFTY","NO_TRADE","PE","NFO:NIFTY2641323850PE","23850","23839.25","23839.25","45.5","225824625","13336245",,"46.75","13336245","30","30","23840.6","23844.65","23838","23839.25","0","46.45","48","43.2","47.6","2651805","24000","23800","1.129787095792207","146050190","165005620","208390","0","false","false","true","true","true","true","true","60","VWAP condition failed; Breakout condition failed; Volume spike confirmed; OI behavior supports entry; IV filter passed; Liquidity filter passed; Entry time window passed; Signal score failed: 60%"
"2026-04-13T08:21:33.005637600Z","13:51:32.227005700","NIFTY","NO_TRADE","CE","NFO:NIFTY2641323850CE","23850","23839.25","23839.25","36.6","687758565","20649980",,"36.35","20649980","30","30","23840.6","23844.65","23838","23839.25","0","36.35","38.65","34.3","34.9","3686150","24000","23800","1.129787095792207","146050190","165005620","208390","0","false","false","false","true","true","true","true","40","VWAP condition failed; Breakout condition failed; Volume spike missing; OI behavior supports entry; IV filter passed; Liquidity filter passed; Entry time window passed; Signal score failed: 40%"
"2026-04-13T08:22:33.443413200Z","13:52:33.010120700","NIFTY","NO_TRADE","PE","NFO:NIFTY2641323850PE","23850","23861","23861","33.25","231844665","13336245",,"45.5","13336245","30","30","23841.5","23862.1","23840.05","23861","0","44.8","44.85","33.9","33.9","6020040","24000","23800","1.129787095792207","146050190","165005620","0","0","false","false","true","false","true","true","true","35","VWAP condition failed; Breakout condition failed; Volume spike confirmed; OI behavior does not support entry; IV filter passed; Liquidity filter passed; Entry time window passed; Signal score failed: 35%"
"2026-04-13T08:22:33.588791300Z","13:52:33.010120700","NIFTY","BUY_CE","CE","NFO:NIFTY2641323850CE","23850","23861","23861","49.05","696550595","20649980",,"36.6","20649980","30","30","23841.5","23862.1","23840.05","23861","0","37","48.05","36.65","48.05","8792030","24000","23800","1.129787095792207","146050190","165005620","0","0","false","true","true","true","true","true","true","85","VWAP condition failed; Breakout condition passed; Volume spike confirmed; OI behavior supports entry; IV filter passed; Liquidity filter passed; Entry time window passed; Signal score passed: 85%"
"2026-04-13T08:25:05.926902Z","13:55:05.326939800","NIFTY","NO_TRADE","PE","NFO:NIFTY2641323900PE","23900","23881.6","23881.6","51.1","159340740","9390420",,"60.7","8521435","30","30","23868.7","23883.7","23867.7","23881.6","0","56.6","56.9","50","50.15","4227990","24000","23800","0.9515830925352356","138949395","132221895","166725","-1368380","false","false","true","true","true","true","true","60","VWAP condition failed; Breakout condition failed; Volume spike confirmed; OI behavior supports entry; IV filter passed; Liquidity filter passed; Entry time window passed; Signal score failed: 60%"
"2026-04-13T08:25:06.103255500Z","13:55:05.326939800","NIFTY","NO_TRADE","CE","NFO:NIFTY2641323900CE","23900","23881.6","23881.6","31.4","794174615","23793705",,"26.5","25603890","30","30","23868.7","23883.7","23867.7","23881.6","0","28","34.9","27.95","32.65","14301820","24000","23800","0.9515830925352356","138949395","132221895","166725","-1368380","false","false","true","false","true","true","true","35","VWAP condition failed; Breakout condition failed; Volume spike confirmed; OI behavior does not support entry; IV filter passed; Liquidity filter passed; Entry time window passed; Signal score failed: 35%"
"2026-04-13T08:26:06.586565100Z","13:56:06.110908900","NIFTY","NO_TRADE","PE","NFO:NIFTY2641323900PE","23900","23891.2","23891.2","46.35","165413365","9390420",,"51.1","9390420","30","30","23882.05","23893.15","23878.45","23891.2","0","50.55","51.7","44.5","45.1","5617430","24000","23800","0.9515830925352356","138949395","132221895","0","0","false","false","true","true","true","true","true","60","VWAP condition failed; Breakout condition failed; Volume spike confirmed; OI behavior supports entry; IV filter passed; Liquidity filter passed; Entry time window passed; Signal score failed: 60%"
"2026-04-13T08:26:06.731406600Z","13:56:06.110908900","NIFTY","NO_TRADE","CE","NFO:NIFTY2641323900CE","23900","23891.2","23891.2","35.4","809905525","23793705",,"31.4","23793705","30","30","23882.05","23893.15","23878.45","23891.2","0","31.95","38.15","30.1","36.9","14611610","24000","23800","0.9515830925352356","138949395","132221895","0","0","false","false","true","false","true","true","true","35","VWAP condition failed; Breakout condition failed; Volume spike confirmed; OI behavior does not support entry; IV filter passed; Liquidity filter passed; Entry time window passed; Signal score failed: 35%"
"2026-04-13T08:27:07.155083500Z","13:57:06.736064300","NIFTY","NO_TRADE","PE","NFO:NIFTY2641323900PE","23900","23897","23897","43.95","170848535","12383995",,"46.35","9390420","30","30","23891","23898.9","23888.55","23897","0","46.15","46.45","40.8","42.45","5199025","24000","23800","1.080935397876171","126448010","136682130","377065","-135915","false","false","true","true","true","true","true","60","VWAP condition failed; Breakout condition failed; Volume spike confirmed; OI behavior supports entry; IV filter passed; Liquidity filter passed; Entry time window passed; Signal score failed: 60%"
"2026-04-13T08:27:07.284755500Z","13:57:06.736064300","NIFTY","NO_TRADE","CE","NFO:NIFTY2641323900CE","23900","23897","23897","36.55","823656210","21225425",,"35.4","23793705","30","30","23891","23898.9","23888.55","23897","0","35.55","40.2","34.85","37.95","13212485","24000","23800","1.080935397876171","126448010","136682130","377065","-135915","false","false","false","true","true","true","true","40","VWAP condition failed; Breakout condition failed; Volume spike missing; OI behavior supports entry; IV filter passed; Liquidity filter passed; Entry time window passed; Signal score failed: 40%"
"2026-04-13T08:28:07.713810300Z","13:58:07.289358400","NIFTY","NO_TRADE","PE","NFO:NIFTY2641323900PE","23900","23900.65","23900.65","39.75","177756410","12383995",,"43.95","12383995","30","30","23896.55","23904.6","23896.25","23900.65","0","44","44","38.55","41.15","6265870","24000","23800","1.080935397876171","126448010","136682130","0","0","false","false","true","false","true","true","true","35","VWAP condition failed; Breakout condition failed; Volume spike confirmed; OI behavior does not support entry; IV filter passed; Liquidity filter passed; Entry time window passed; Signal score failed: 35%"
"2026-04-13T08:28:07.866955600Z","13:58:07.289358400","NIFTY","NO_TRADE","CE","NFO:NIFTY2641323900CE","23900","23900.65","23900.65","41.05","837960825","21225425",,"36.55","21225425","30","30","23896.55","23904.6","23896.25","23900.65","0","36.55","44.15","36.55","38.75","13421395","24000","23800","1.080935397876171","126448010","136682130","0","0","false","false","false","true","true","true","true","40","VWAP condition failed; Breakout condition failed; Volume spike missing; OI behavior supports entry; IV filter passed; Liquidity filter passed; Entry time window passed; Signal score failed: 40%"
"2026-04-13T08:29:08.300263200Z","13:59:07.874946700","NIFTY","NO_TRADE","PE","NFO:NIFTY2641323900PE","23900","23892.4","23892.4","42.1","183107210","12383995",,"39.75","12383995","30","30","23901.55","23907.4","23892.4","23892.4","0","39.75","43.6","37.65","43.05","4829565","24000","23800","1.080935397876171","126448010","136682130","0","0","false","false","false","false","true","true","true","15","VWAP condition failed; Breakout condition failed; Volume spike missing; OI behavior does not support entry; IV filter passed; Liquidity filter passed; Entry time window passed; Signal score failed: 15%"
"2026-04-13T08:29:08.434167900Z","13:59:07.874946700","NIFTY","NO_TRADE","CE","NFO:NIFTY2641323900CE","23900","23892.4","23892.4","38.5","847297100","21225425",,"41.05","21225425","30","30","23901.55","23907.4","23892.4","23892.4","0","41.1","43.25","36.5","37.4","8764210","24000","23800","1.080935397876171","126448010","136682130","0","0","false","false","false","true","true","true","true","40","VWAP condition failed; Breakout condition failed; Volume spike missing; OI behavior supports entry; IV filter passed; Liquidity filter passed; Entry time window passed; Signal score failed: 40%"
"2026-04-13T08:30:09.051268300Z","14:00:08.440163100","NIFTY","NO_TRADE","PE","NFO:NIFTY2641323900PE","23900","23892.6","23892.6","40.45","188819475","16637075",,"42.1","12383995","30","30","23893.3","23897.7","23891.55","23892.6","0","42","44.3","40.4","42.3","4779775","24000","23800","1.164299538297447","124199010","144604850","1185145","737490","false","false","false","true","true","true","true","40","VWAP condition failed; Breakout condition failed; Volume spike missing; OI behavior supports entry; IV filter passed; Liquidity filter passed; Entry time window passed; Signal score failed: 40%"
"2026-04-13T08:30:09.212344700Z","14:00:08.440163100","NIFTY","NO_TRADE","CE","NFO:NIFTY2641323900CE","23900","23892.6","23892.6","40.35","855010715","20437755",,"38.5","21225425","30","30","23895.7","23897.7","23891.55","23892.6","0","40.55","40.65","36.3","38.1","6307730","24000","23800","1.164299538297447","124199010","144604850","1185145","737490","false","false","false","true","true","true","true","40","VWAP condition failed; Breakout condition failed; Volume spike missing; OI behavior supports entry; IV filter passed; Liquidity filter passed; Entry time window passed; Signal score failed: 40%"
"2026-04-13T08:31:09.683050Z","14:01:09.217117200","NIFTY","NO_TRADE","PE","NFO:NIFTY2641323900PE","23900","23890.5","23890.5","42.9","193518845","16637075",,"40.45","16637075","30","30","23897.2","23897.2","23887.65","23890.5","0","41.25","45.75","41.25","42.35","4287400","24000","23800","1.164299538297447","124199010","144604850","0","0","false","false","false","false","true","true","true","15","VWAP condition failed; Breakout condition failed; Volume spike missing; OI behavior does not support entry; IV filter passed; Liquidity filter passed; Entry time window passed; Signal score failed: 15%"
"2026-04-13T08:31:10.164952100Z","14:01:09.217117200","NIFTY","NO_TRADE","CE","NFO:NIFTY2641323900CE","23900","23890.5","23890.5","36","864125145","20437755",,"40.35","20437755","30","30","23897.2","23897.2","23887.65","23890.5","0","39.7","39.7","33.6","36.35","8987160","24000","23800","1.164299538297447","124199010","144604850","0","0","false","false","false","true","true","true","true","40","VWAP condition failed; Breakout condition failed; Volume spike missing; OI behavior supports entry; IV filter passed; Liquidity filter passed; Entry time window passed; Signal score failed: 40%"
"2026-04-13T08:32:11.586001200Z","14:02:10.173311700","NIFTY","NO_TRADE","PE","NFO:NIFTY2641323900PE","23900","23891.95","23891.95","42.25","196664780","16637075",,"42.9","16637075","30","30","23891.85","23894.7","23890.4","23891.95","0","42.5","43.65","41.1","42.1","3103880","24000","23800","1.164299538297447","124199010","144604850","0","0","false","false","false","false","true","true","true","15","VWAP condition failed; Breakout condition failed; Volume spike missing; OI behavior does not support entry; IV filter passed; Liquidity filter passed; Entry time window passed; Signal score failed: 15%"
"2026-04-13T08:32:12.209464200Z","14:02:10.173311700","NIFTY","NO_TRADE","CE","NFO:NIFTY2641323900CE","23900","23891.95","23891.95","33.65","870431770","20437755",,"36","20437755","30","30","23891.2","23894.7","23890.4","23891.95","0","36.05","38.3","33","33.8","6089005","24000","23800","1.164299538297447","124199010","144604850","0","0","false","false","false","true","true","true","true","40","VWAP condition failed; Breakout condition failed; Volume spike missing; OI behavior supports entry; IV filter passed; Liquidity filter passed; Entry time window passed; Signal score failed: 40%"
"2026-04-13T08:33:13.407903Z","14:03:12.212870800","NIFTY","NO_TRADE","PE","NFO:NIFTY2641323900PE","23900","23887.05","23887.05","45.45","201424080","18043220",,"42.25","16637075","30","30","23892.7","23895.35","23884.1","23887.05","0","41.55","46.45","40","45.45","4492670","24000","23800","1.132817774474054","131514890","148982405","1524575","1191060","false","false","false","true","true","true","true","40","VWAP condition failed; Breakout condition failed; Volume spike missing; OI behavior supports entry; IV filter passed; Liquidity filter passed; Entry time window passed; Signal score failed: 40%"
"2026-04-13T08:33:13.568864Z","14:03:12.212870800","NIFTY","NO_TRADE","CE","NFO:NIFTY2641323900CE","23900","23886.25","23886.25","29.85","880986470","23650640",,"33.65","20437755","30","30","23893.1","23895.35","23884.1","23886.25","0","33.8","35.05","27.95","29.85","10431915","24000","23800","1.132817774474054","131514890","148982405","1524575","1191060","false","false","false","true","true","true","true","40","VWAP condition failed; Breakout condition failed; Volume spike missing; OI behavior supports entry; IV filter passed; Liquidity filter passed; Entry time window passed; Signal score failed: 40%"
"2026-04-13T08:34:14.044031800Z","14:04:13.572996100","NIFTY","NO_TRADE","PE","NFO:NIFTY2641323900PE","23900","23887","23887","44.15","204876295","18043220",,"45.45","18043220","30","30","23885.9","23888.8","23882.75","23887","0","46","46.45","42.7","43.35","3390855","24000","23800","1.132817774474054","131514890","148982405","0","0","false","false","false","false","true","true","true","15","VWAP condition failed; Breakout condition failed; Volume spike missing; OI behavior does not support entry; IV filter passed; Liquidity filter passed; Entry time window passed; Signal score failed: 15%"
"2026-04-13T08:34:14.204598400Z","14:04:13.572996100","NIFTY","NO_TRADE","CE","NFO:NIFTY2641323900CE","23900","23886.4","23886.4","29.05","887538665","23650640",,"29.85","23650640","30","30","23886.55","23888.8","23882.75","23886.4","0","29.65","31.85","27.8","29.65","6200285","24000","23800","1.132817774474054","131514890","148982405","0","0","false","false","false","true","true","true","true","40","VWAP condition failed; Breakout condition failed; Volume spike missing; OI behavior supports entry; IV filter passed; Liquidity filter passed; Entry time window passed; Signal score failed: 40%"
"2026-04-13T08:35:14.878617800Z","14:05:14.210499800","NIFTY","NO_TRADE","PE","NFO:NIFTY2641323900PE","23900","23888.1","23888.1","43.35","207624235","18043220",,"44.15","18043220","30","30","23886.25","23889.15","23882.6","23888.1","0","43.55","45.35","40.45","42.9","2642900","24000","23800","1.132817774474054","131514890","148982405","0","0","false","false","false","false","true","true","true","15","VWAP condition failed; Breakout condition failed; Volume spike missing; OI behavior does not support entry; IV filter passed; Liquidity filter passed; Entry time window passed; Signal score failed: 15%"
"2026-04-13T08:35:15.010541500Z","14:05:14.210499800","NIFTY","NO_TRADE","CE","NFO:NIFTY2641323900CE","23900","23888.1","23888.1","30.25","893825985","23650640",,"29.05","23650640","30","30","23886.25","23889.15","23882.6","23888.1","0","29.55","32.95","28.25","31.15","6118450","24000","23800","1.132817774474054","131514890","148982405","0","0","false","false","false","true","true","true","true","40","VWAP condition failed; Breakout condition failed; Volume spike missing; OI behavior supports entry; IV filter passed; Liquidity filter passed; Entry time window passed; Signal score failed: 40%"
"2026-04-13T08:36:15.401416600Z","14:06:15.017226700","NIFTY","NO_TRADE","PE","NFO:NIFTY2641323850PE","23850","23875.4","23875.4","24.95","311987065","23524345",,"20.3","22381580","30","30","23887.5","23887.5","23866.6","23875.4","0","20.4","27.15","20.25","24.2","8096205","24000","23800","1.324484766534418","133539705","176871305","1340755","1399710","false","false","true","true","true","true","true","60","VWAP condition failed; Breakout condition failed; Volume spike confirmed; OI behavior supports entry; IV filter passed; Liquidity filter passed; Entry time window passed; Signal score failed: 60%"
"2026-04-13T08:36:15.553067Z","14:06:15.017226700","NIFTY","NO_TRADE","CE","NFO:NIFTY2641323850CE","23850","23875.4","23875.4","47.5","781194635","13841035",,"57.75","13555555","30","30","23887.5","23887.5","23866.6","23875.4","0","57.75","59","45.45","48.65","5454605","24000","23800","1.324484766534418","133539705","176871305","1340755","1399710","false","false","true","true","true","true","true","60","VWAP condition failed; Breakout condition failed; Volume spike confirmed; OI behavior supports entry; IV filter passed; Liquidity filter passed; Entry time window passed; Signal score failed: 60%"
"2026-04-13T08:37:15.937437800Z","14:07:15.559194700","NIFTY","NO_TRADE","PE","NFO:NIFTY2641323850PE","23850","23860.1","23860.1","30.15","322346245","23524345",,"24.95","23524345","30","30","23876.35","23876.65","23859.75","23860.1","0","24.95","30.15","24.05","29.55","10414170","24000","23800","1.324484766534418","133539705","176871305","0","0","false","false","true","false","true","true","true","35","VWAP condition failed; Breakout condition failed; Volume spike confirmed; OI behavior does not support entry; IV filter passed; Liquidity filter passed; Entry time window passed; Signal score failed: 35%"
"2026-04-13T08:37:16.068100Z","14:07:15.559194700","NIFTY","NO_TRADE","CE","NFO:NIFTY2641323850CE","23850","23860.1","23860.1","39.2","787674030","13841035",,"47.5","13841035","30","30","23876.35","23876.65","23859.75","23860.1","0","48.45","48.8","39.95","40.1","6321900","24000","23800","1.324484766534418","133539705","176871305","0","0","false","false","true","true","true","true","true","60","VWAP condition failed; Breakout condition failed; Volume spike confirmed; OI behavior supports entry; IV filter passed; Liquidity filter passed; Entry time window passed; Signal score failed: 60%"
"2026-04-13T08:38:16.485507600Z","14:08:16.073600500","NIFTY","NO_TRADE","PE","NFO:NIFTY2641323850PE","23850","23867.1","23867.1","23.4","331929000","23524345",,"30.15","23524345","30","30","23859.55","23867.4","23858.3","23867.1","0","29.7","30.65","24.75","26.05","9110010","24000","23800","1.324484766534418","133539705","176871305","0","0","false","false","true","false","true","true","true","35","VWAP condition failed; Breakout condition failed; Volume spike confirmed; OI behavior does not support entry; IV filter passed; Liquidity filter passed; Entry time window passed; Signal score failed: 35%"
"2026-04-13T08:38:16.630249800Z","14:08:16.073600500","NIFTY","NO_TRADE","CE","NFO:NIFTY2641323850CE","23850","23867.1","23867.1","47.85","793712335","13841035",,"39.2","13841035","30","30","23859.55","23867.4","23858.3","23867.1","0","39.65","46.1","39.05","44.85","5775835","24000","23800","1.324484766534418","133539705","176871305","0","0","false","false","true","true","true","true","true","60","VWAP condition failed; Breakout condition failed; Volume spike confirmed; OI behavior supports entry; IV filter passed; Liquidity filter passed; Entry time window passed; Signal score failed: 60%"
"2026-04-13T08:39:17.053257100Z","14:09:16.635220900","NIFTY","NO_TRADE","PE","NFO:NIFTY2641323850PE","23850","23869.4","23869.4","26.5","336541595","22114625",,"23.4","23524345","30","30","23870.55","23873.55","23868.3","23869.4","0","23.5","26.75","22.95","26.5","4809870","24000","23800","1.243301802265437","137038915","170380730","-653185","-732030","false","false","false","true","true","true","true","40","VWAP condition failed; Breakout condition failed; Volume spike missing; OI behavior supports entry; IV filter passed; Liquidity filter passed; Entry time window passed; Signal score failed: 40%"
"2026-04-13T08:39:17.204271Z","14:09:16.635220900","NIFTY","NO_TRADE","CE","NFO:NIFTY2641323850CE","23850","23869.4","23869.4","44.9","797478110","14957085",,"47.85","13841035","30","30","23871.85","23873.55","23868.3","23869.4","0","48.1","48.1","44.65","44.95","3640910","24000","23800","1.243301802265437","137038915","170380730","-653185","-732030","false","false","false","true","true","true","true","40","VWAP condition failed; Breakout condition failed; Volume spike missing; OI behavior supports entry; IV filter passed; Liquidity filter passed; Entry time window passed; Signal score failed: 40%"
"2026-04-13T08:40:17.786937600Z","14:10:17.213245400","NIFTY","NO_TRADE","PE","NFO:NIFTY2641323850PE","23850","23845.7","23845.7","37.6","349940435","22114625",,"26.5","22114625","30","30","23868.8","23869","23844.1","23845.7","0","26.6","39.7","26.6","38.95","12339470","24000","23800","1.243301802265437","137038915","170380730","0","0","false","true","true","false","true","true","true","60","VWAP condition failed; Breakout condition passed; Volume spike confirmed; OI behavior does not support entry; IV filter passed; Liquidity filter passed; Entry time window passed; Signal score failed: 60%"
"2026-04-13T08:40:17.917639700Z","14:10:17.213245400","NIFTY","NO_TRADE","CE","NFO:NIFTY2641323850CE","23850","23845.7","23845.7","32.65","806745030","14957085",,"44.9","14957085","30","30","23868.8","23869","23844.1","23845.7","0","44.7","45.05","31.85","31.85","8234005","24000","23800","1.243301802265437","137038915","170380730","0","0","false","false","true","true","true","true","true","60","VWAP condition failed; Breakout condition failed; Volume spike confirmed; OI behavior supports entry; IV filter passed; Liquidity filter passed; Entry time window passed; Signal score failed: 60%"
"2026-04-13T08:41:18.338937300Z","14:11:17.921730100","NIFTY","NO_TRADE","PE","NFO:NIFTY2641323850PE","23850","23845.85","23845.85","38.9","360422075","22114625",,"37.6","22114625","30","30","23845.85","23850.9","23844.65","23845.85","0","37.9","40.6","34.2","37.95","9530105","24000","23800","1.243301802265437","137038915","170380730","0","0","false","false","false","false","true","true","true","15","VWAP condition failed; Breakout condition failed; Volume spike missing; OI behavior does not support entry; IV filter passed; Liquidity filter passed; Entry time window passed; Signal score failed: 15%"
"2026-04-13T08:41:18.460905600Z","14:11:17.921730100","NIFTY","NO_TRADE","CE","NFO:NIFTY2641323850CE","23850","23845.85","23845.85","32.6","812960980","14957085",,"32.65","14957085","30","30","23845.85","23850.9","23844.65","23845.85","0","32.35","35.65","31.25","32.3","5878275","24000","23800","1.243301802265437","137038915","170380730","0","0","false","false","false","true","true","true","true","40","VWAP condition failed; Breakout condition failed; Volume spike missing; OI behavior supports entry; IV filter passed; Liquidity filter passed; Entry time window passed; Signal score failed: 40%"
"2026-04-13T08:42:18.859791400Z","14:12:18.466054500","NIFTY","NO_TRADE","PE","NFO:NIFTY2641323850PE","23850","23837.5","23837.5","46.75","372283730","19544200",,"38.9","22114625","30","30","23846.7","23847.05","23835.2","23837.5","0","38.6","47.5","38.6","45.75","10888670","24000","23800","1.147346231512307","142919400","163978035","-837135","-29640","false","false","false","true","true","true","true","40","VWAP condition failed; Breakout condition failed; Volume spike missing; OI behavior supports entry; IV filter passed; Liquidity filter passed; Entry time window passed; Signal score failed: 40%"
"2026-04-13T08:42:19.001221600Z","14:12:18.466054500","NIFTY","NO_TRADE","CE","NFO:NIFTY2641323850CE","23850","23837.5","23837.5","28.6","821601690","17402190",,"32.6","14957085","30","30","23846.7","23847.05","23835.2","23837.5","0","32.75","32.75","27.35","29.05","8182785","24000","23800","1.147346231512307","142919400","163978035","-837135","-29640","false","false","true","true","true","true","true","60","VWAP condition failed; Breakout condition failed; Volume spike confirmed; OI behavior supports entry; IV filter passed; Liquidity filter passed; Entry time window passed; Signal score failed: 60%"
"2026-04-13T08:43:19.413499200Z","14:13:19.005832300","NIFTY","NO_TRADE","PE","NFO:NIFTY2641323850PE","23850","23844.7","23844.7","41.3","380684265","19544200",,"46.75","19544200","30","30","23836.4","23850.05","23836.3","23844.7","0","45.85","46.4","37.15","41.6","7696910","24000","23800","1.147346231512307","142919400","163978035","0","0","false","false","false","false","true","true","true","15","VWAP condition failed; Breakout condition failed; Volume spike missing; OI behavior does not support entry; IV filter passed; Liquidity filter passed; Entry time window passed; Signal score failed: 15%"
"2026-04-13T08:43:19.557917700Z","14:13:19.005832300","NIFTY","NO_TRADE","CE","NFO:NIFTY2641323850CE","23850","23844.7","23844.7","30.4","829123685","17402190",,"28.6","17402190","30","30","23836.4","23850.05","23836.3","23844.7","0","29.05","33.05","28.65","30.15","6768645","24000","23800","1.147346231512307","142919400","163978035","0","0","false","false","false","true","true","true","true","40","VWAP condition failed; Breakout condition failed; Volume spike missing; OI behavior supports entry; IV filter passed; Liquidity filter passed; Entry time window passed; Signal score failed: 40%"
"2026-04-13T08:44:20.222491500Z","14:14:19.562885","NIFTY","NO_TRADE","PE","NFO:NIFTY2641323850PE","23850","23845.45","23845.45","40.8","385999055","19544200",,"41.3","19544200","30","30","23844.6","23850.4","23841.2","23845.45","0","40.9","42.7","36.25","40.4","5235230","24000","23800","1.147346231512307","142919400","163978035","0","0","false","false","false","false","true","true","true","15","VWAP condition failed; Breakout condition failed; Volume spike missing; OI behavior does not support entry; IV filter passed; Liquidity filter passed; Entry time window passed; Signal score failed: 15%"
"2026-04-13T08:44:20.549037Z","14:14:19.562885","NIFTY","NO_TRADE","CE","NFO:NIFTY2641323850CE","23850","23845.45","23845.45","30.5","834622425","17402190",,"30.4","17402190","30","30","23844.6","23850.4","23841.2","23845.45","0","30.4","32.8","28.85","30.5","5498740","24000","23800","1.147346231512307","142919400","163978035","0","0","false","false","false","true","true","true","true","40","VWAP condition failed; Breakout condition failed; Volume spike missing; OI behavior supports entry; IV filter passed; Liquidity filter passed; Entry time window passed; Signal score failed: 40%"
"2026-04-13T08:45:20.967497500Z","14:15:20.554844500","NIFTY","NO_TRADE","PE","NFO:NIFTY2641323850PE","23850","23858.6","23858.6","30.8","393433235","17975685",,"40.8","19544200","30","30","23845.7","23858.75","23843.55","23858.6","0","41.05","41.5","29.65","29.65","6679205","23900","23800","1.093003309384742","148310045","162103370","888290","240630","false","false","false","true","true","true","true","40","VWAP condition failed; Breakout condition failed; Volume spike missing; OI behavior supports entry; IV filter passed; Liquidity filter passed; Entry time window passed; Signal score failed: 40%"
"2026-04-13T08:45:21.106701300Z","14:15:20.554844500","NIFTY","NO_TRADE","CE","NFO:NIFTY2641323850CE","23850","23858.6","23858.6","38.5","843054615","20241585",,"30.5","17402190","30","30","23845.7","23858.75","23843.55","23858.6","0","29.95","39.65","29.55","39.65","7887815","23900","23800","1.093003309384742","148310045","162103370","888290","240630","false","false","false","true","true","true","true","40","VWAP condition failed; Breakout condition failed; Volume spike missing; OI behavior supports entry; IV filter passed; Liquidity filter passed; Entry time window passed; Signal score failed: 40%"
"2026-04-13T08:46:21.501383600Z","14:16:21.110581500","NIFTY","NO_TRADE","PE","NFO:NIFTY2641323850PE","23850","23847.95","23847.95","37.8","403235235","17975685",,"30.8","17975685","30","30","23859.3","23861.45","23838.05","23847.95","0","31.85","43.8","30.9","37.25","9620195","23900","23800","1.093003309384742","148310045","162103370","0","0","false","false","false","false","true","true","true","15","VWAP condition failed; Breakout condition failed; Volume spike missing; OI behavior does not support entry; IV filter passed; Liquidity filter passed; Entry time window passed; Signal score failed: 15%"
"2026-04-13T08:46:21.629397900Z","14:16:21.110581500","NIFTY","NO_TRADE","CE","NFO:NIFTY2641323850CE","23850","23847.95","23847.95","31.45","853708375","20241585",,"38.5","20241585","30","30","23859.3","23861.45","23838.05","23847.95","0","37.1","38.9","27.65","31.9","10481315","23900","23800","1.093003309384742","148310045","162103370","0","0","false","false","true","true","true","true","true","60","VWAP condition failed; Breakout condition failed; Volume spike confirmed; OI behavior supports entry; IV filter passed; Liquidity filter passed; Entry time window passed; Signal score failed: 60%"
"2026-04-13T08:47:22.046425300Z","14:17:21.632877100","NIFTY","NO_TRADE","PE","NFO:NIFTY2641323850PE","23850","23839.95","23839.95","37.4","409151145","17975685",,"37.8","17975685","30","30","23847.55","23849","23834.6","23839.95","0","38.05","43.05","36.6","37.1","5580055","23900","23800","1.093003309384742","148310045","162103370","0","0","false","false","false","false","true","true","true","15","VWAP condition failed; Breakout condition failed; Volume spike missing; OI behavior does not support entry; IV filter passed; Liquidity filter passed; Entry time window passed; Signal score failed: 15%"
"2026-04-13T08:47:22.184293300Z","14:17:21.632877100","NIFTY","NO_TRADE","CE","NFO:NIFTY2641323850CE","23850","23839.95","23839.95","31.5","859097005","20241585",,"31.45","20241585","30","30","23846.25","23849","23834.6","23839.95","0","30.35","33.3","28.7","31.95","4967495","23900","23800","1.093003309384742","148310045","162103370","0","0","false","false","false","true","true","true","true","40","VWAP condition failed; Breakout condition failed; Volume spike missing; OI behavior supports entry; IV filter passed; Liquidity filter passed; Entry time window passed; Signal score failed: 40%"
"2026-04-13T08:48:22.682370600Z","14:18:22.187305900","NIFTY","NO_TRADE","PE","NFO:NIFTY2641323850PE","23850","23857.1","23857.1","31.5","415143495","18599685",,"37.4","17975685","30","30","23840.5","23857.4","23839.9","23857.1","0","37.15","38.25","30.3","31.5","5880745","23900","23800","1.108191437667160","149682455","165876815","1085175","1993160","false","false","false","true","true","true","true","40","VWAP condition failed; Breakout condition failed; Volume spike missing; OI behavior supports entry; IV filter passed; Liquidity filter passed; Entry time window passed; Signal score failed: 40%"
"2026-04-13T08:48:22.852449Z","14:18:22.187305900","NIFTY","NO_TRADE","CE","NFO:NIFTY2641323850CE","23850","23857.1","23857.1","36.7","865196995","20080060",,"31.5","20241585","30","30","23840.5","23857.4","23839.9","23857.1","0","31.65","37.65","30.6","36.95","5932420","23900","23800","1.108191437667160","149682455","165876815","1085175","1993160","false","false","false","true","true","true","true","40","VWAP condition failed; Breakout condition failed; Volume spike missing; OI behavior supports entry; IV filter passed; Liquidity filter passed; Entry time window passed; Signal score failed: 40%"
"2026-04-13T08:49:23.419914400Z","14:19:22.859525900","NIFTY","NO_TRADE","PE","NFO:NIFTY2641323850PE","23850","23846.35","23846.35","33.4","423931950","18599685",,"31.5","18599685","30","30","23856.3","23865.25","23843.05","23846.35","0","31.3","36.5","27.9","33.4","8590725","23900","23800","1.108191437667160","149682455","165876815","0","0","false","false","true","false","true","true","true","35","VWAP condition failed; Breakout condition failed; Volume spike confirmed; OI behavior does not support entry; IV filter passed; Liquidity filter passed; Entry time window passed; Signal score failed: 35%"
"2026-04-13T08:49:23.572536600Z","14:19:22.859525900","NIFTY","NO_TRADE","CE","NFO:NIFTY2641323850CE","23850","23846.35","23846.35","32.65","874998605","20080060",,"36.7","20080060","30","30","23856.3","23865.25","23843.05","23846.35","0","36.85","40.55","30","32.65","9590295","23900","23800","1.108191437667160","149682455","165876815","0","0","false","false","true","true","true","true","true","60","VWAP condition failed; Breakout condition failed; Volume spike confirmed; OI behavior supports entry; IV filter passed; Liquidity filter passed; Entry time window passed; Signal score failed: 60%"
"2026-04-13T08:50:24.020680700Z","14:20:23.577047500","NIFTY","NO_TRADE","PE","NFO:NIFTY2641323850PE","23850","23860.85","23860.85","29.75","429388960","18599685",,"33.4","18599685","30","30","23846.3","23861.3","23843.75","23860.85","0","33.25","34.85","28.3","29.2","5457010","23900","23800","1.108191437667160","149682455","165876815","0","0","false","false","false","false","true","true","true","15","VWAP condition failed; Breakout condition failed; Volume spike missing; OI behavior does not support entry; IV filter passed; Liquidity filter passed; Entry time window passed; Signal score failed: 15%"
"2026-04-13T08:50:24.147008100Z","14:20:23.577047500","NIFTY","NO_TRADE","CE","NFO:NIFTY2641323850CE","23850","23857.45","23857.45","36.1","880271860","20080060",,"32.65","20080060","30","30","23846.1","23861.3","23843.75","23857.45","0","33.4","37.7","31.75","36.7","5149170","23900","23800","1.108191437667160","149682455","165876815","0","0","false","false","false","true","true","true","true","40","VWAP condition failed; Breakout condition failed; Volume spike missing; OI behavior supports entry; IV filter passed; Liquidity filter passed; Entry time window passed; Signal score failed: 40%"
"2026-04-13T08:51:24.551336100Z","14:21:24.152029800","NIFTY","NO_TRADE","PE","NFO:NIFTY2641323850PE","23850","23858.55","23858.55","30.95","434716425","19426225",,"29.75","18599685","30","30","23859.85","23863.4","23852.1","23858.55","0","28.85","33.05","27.7","30.95","5327465","23900","23800","1.088964129262604","153217090","166847915","2153970","-43095","false","false","false","true","true","true","true","40","VWAP condition failed; Breakout condition failed; Volume spike missing; OI behavior supports entry; IV filter passed; Liquidity filter passed; Entry time window passed; Signal score failed: 40%"
"2026-04-13T08:51:24.686524500Z","14:21:24.152029800","NIFTY","NO_TRADE","CE","NFO:NIFTY2641323850CE","23850","23858.55","23858.55","34.55","886372500","20455565",,"36.1","20080060","30","30","23859.85","23863.4","23852.1","23858.55","0","37.1","38.65","31.85","34.85","6100640","23900","23800","1.088964129262604","153217090","166847915","2153970","-43095","false","false","false","true","true","true","true","40","VWAP condition failed; Breakout condition failed; Volume spike missing; OI behavior supports entry; IV filter passed; Liquidity filter passed; Entry time window passed; Signal score failed: 40%"
"2026-04-13T08:52:25.106187300Z","14:22:24.691771100","NIFTY","NO_TRADE","PE","NFO:NIFTY2641323850PE","23850","23853.95","23853.95","32.9","438036820","19426225",,"30.95","19426225","30","30","23859.25","23859.8","23853.45","23853.95","0","30.9","32.95","30.2","32.95","3238950","23900","23800","1.088964129262604","153217090","166847915","0","0","false","false","false","false","true","true","true","15","VWAP condition failed; Breakout condition failed; Volume spike missing; OI behavior does not support entry; IV filter passed; Liquidity filter passed; Entry time window passed; Signal score failed: 15%"
"2026-04-13T08:52:25.236520200Z","14:22:24.691771100","NIFTY","NO_TRADE","CE","NFO:NIFTY2641323850CE","23850","23853.95","23853.95","32.7","889388955","20455565",,"34.55","20455565","30","30","23857.6","23859.8","23853.45","23853.95","0","34.6","35.75","32.7","32.7","2933450","23900","23800","1.088964129262604","153217090","166847915","0","0","false","false","false","true","true","true","true","40","VWAP condition failed; Breakout condition failed; Volume spike missing; OI behavior supports entry; IV filter passed; Liquidity filter passed; Entry time window passed; Signal score failed: 40%"
"2026-04-13T08:53:25.686961600Z","14:23:25.243321500","NIFTY","NO_TRADE","PE","NFO:NIFTY2641323850PE","23850","23868.85","23868.85","24.55","446358640","19426225",,"32.9","19426225","30","30","23853.55","23870","23852.2","23868.85","0","32.45","33.7","24.15","24.95","8174985","23900","23800","1.088964129262604","153217090","166847915","0","0","false","false","true","false","true","true","true","35","VWAP condition failed; Breakout condition failed; Volume spike confirmed; OI behavior does not support entry; IV filter passed; Liquidity filter passed; Entry time window passed; Signal score failed: 35%"
"2026-04-13T08:53:25.842349300Z","14:23:25.243321500","NIFTY","NO_TRADE","CE","NFO:NIFTY2641323850CE","23850","23868.85","23868.85","40.55","897751725","20455565",,"32.7","20455565","30","30","23853.55","23870","23852.2","23868.85","0","33.05","41.6","31.65","39.55","8200140","23900","23800","1.088964129262604","153217090","166847915","0","0","false","false","true","true","true","true","true","60","VWAP condition failed; Breakout condition failed; Volume spike confirmed; OI behavior supports entry; IV filter passed; Liquidity filter passed; Entry time window passed; Signal score failed: 60%"
"2026-04-13T08:54:26.448127500Z","14:24:25.850136","NIFTY","NO_TRADE","PE","NFO:NIFTY2641323850PE","23850","23858.35","23858.35","25.85","451789520","20022080",,"24.55","19426225","30","30","23868.35","23868.35","23856.2","23858.35","0","24.65","29.55","24.65","27.05","4890925","23900","23800","1.067275199980530","154901955","165323015","1312545","-347620","false","false","false","true","true","true","true","40","VWAP condition failed; Breakout condition failed; Volume spike missing; OI behavior supports entry; IV filter passed; Liquidity filter passed; Entry time window passed; Signal score failed: 40%"
"2026-04-13T08:54:26.582233900Z","14:24:25.850136","NIFTY","NO_TRADE","CE","NFO:NIFTY2641323850CE","23850","23858.35","23858.35","37.5","903786390","20277855",,"40.55","20455565","30","30","23868.35","23868.35","23856.2","23858.35","0","40.45","40.45","33.55","36.35","5477745","23900","23800","1.067275199980530","154901955","165323015","1312545","-347620","false","false","false","true","true","true","true","40","VWAP condition failed; Breakout condition failed; Volume spike missing; OI behavior supports entry; IV filter passed; Liquidity filter passed; Entry time window passed; Signal score failed: 40%"
"2026-04-13T08:55:27.053303500Z","14:25:26.596501","NIFTY","NO_TRADE","PE","NFO:NIFTY2641323850PE","23850","23868.35","23868.35","22.55","458183245","20022080",,"25.85","20022080","30","30","23860.65","23870.75","23859","23868.35","0","26.3","27.25","21.9","22.35","6100965","23900","23800","1.067275199980530","154901955","165323015","0","0","false","false","false","false","true","true","true","15","VWAP condition failed; Breakout condition failed; Volume spike missing; OI behavior does not support entry; IV filter passed; Liquidity filter passed; Entry time window passed; Signal score failed: 15%"
"2026-04-13T08:55:27.181086800Z","14:25:26.596501","NIFTY","NO_TRADE","CE","NFO:NIFTY2641323850CE","23850","23868.35","23868.35","41.35","910158470","20277855",,"37.5","20277855","30","30","23859.55","23870.75","23859","23868.35","0","36.85","42.55","35.9","41.85","6018545","23900","23800","1.067275199980530","154901955","165323015","0","0","false","false","false","true","true","true","true","40","VWAP condition failed; Breakout condition failed; Volume spike missing; OI behavior supports entry; IV filter passed; Liquidity filter passed; Entry time window passed; Signal score failed: 40%"
"2026-04-13T08:56:27.643282700Z","14:26:27.192455100","NIFTY","NO_TRADE","PE","NFO:NIFTY2641323850PE","23850","23870.65","23870.65","20.55","466757850","20022080",,"22.55","20022080","30","30","23870","23876","23867.65","23870.65","0","22.45","23.05","19.4","20.35","8265855","23900","23800","1.067275199980530","154901955","165323015","0","0","false","false","true","false","true","true","true","35","VWAP condition failed; Breakout condition failed; Volume spike confirmed; OI behavior does not support entry; IV filter passed; Liquidity filter passed; Entry time window passed; Signal score failed: 35%"
"2026-04-13T08:56:27.803125600Z","14:26:27.192455100","NIFTY","NO_TRADE","CE","NFO:NIFTY2641323850CE","23850","23870.65","23870.65","42.65","918831875","20277855",,"41.35","20277855","30","30","23870","23876","23867.65","23870.65","0","41.35","44.75","38.6","42.7","8462805","23900","23800","1.067275199980530","154901955","165323015","0","0","false","false","true","true","true","true","true","60","VWAP condition failed; Breakout condition failed; Volume spike confirmed; OI behavior supports entry; IV filter passed; Liquidity filter passed; Entry time window passed; Signal score failed: 60%"
"2026-04-13T08:57:28.178573200Z","14:27:27.807589300","NIFTY","NO_TRADE","PE","NFO:NIFTY2641323900PE","23900","23875.45","23875.45","41.3","303288830","13686920",,"47.1","12387765","30","30","23870.35","23877.95","23867.35","23875.45","0","46.95","48.2","39.95","42.15","5085080","23900","23800","0.8928996339665390","159856970","142736230","648700","-450255","false","false","true","true","true","true","true","60","VWAP condition failed; Breakout condition failed; Volume spike confirmed; OI behavior supports entry; IV filter passed; Liquidity filter passed; Entry time window passed; Signal score failed: 60%"
"2026-04-13T08:57:28.303897Z","14:27:27.807589300","NIFTY","NO_TRADE","CE","NFO:NIFTY2641323900CE","23900","23875.45","23875.45","21.4","1109182685","34652670",,"19","34003970","30","30","23870.35","23877.95","23867.35","23875.45","0","18.8","22.55","17.95","21.35","12564175","23900","23800","0.8928996339665390","159856970","142736230","648700","-450255","false","false","true","true","true","true","true","60","VWAP condition failed; Breakout condition failed; Volume spike confirmed; OI behavior supports entry; IV filter passed; Liquidity filter passed; Entry time window passed; Signal score failed: 60%"
"2026-04-13T08:58:29.021319900Z","14:28:28.311362400","NIFTY","NO_TRADE","PE","NFO:NIFTY2641323900PE","23900","23874.75","23874.75","42.5","308430590","13686920",,"41.3","13686920","30","30","23876.8","23881.65","23874.75","23874.75","0","41.5","43.5","37.45","43.5","4469660","23900","23800","0.8928996339665390","159856970","142736230","0","0","false","false","false","true","true","true","true","40","VWAP condition failed; Breakout condition failed; Volume spike missing; OI behavior supports entry; IV filter passed; Liquidity filter passed; Entry time window passed; Signal score failed: 40%"
"2026-04-13T08:58:29.155439Z","14:28:28.311362400","NIFTY","NO_TRADE","CE","NFO:NIFTY2641323900CE","23900","23874.75","23874.75","19.5","1124317415","34652670",,"21.4","34652670","30","30","23876.35","23881.65","23874.75","23874.75","0","21.1","24.15","19.2","19.2","12988755","23900","23800","0.8928996339665390","159856970","142736230","0","0","false","false","false","false","true","true","true","15","VWAP condition failed; Breakout condition failed; Volume spike missing; OI behavior does not support entry; IV filter passed; Liquidity filter passed; Entry time window passed; Signal score failed: 15%"
"2026-04-13T08:59:29.577774600Z","14:29:29.166993800","NIFTY","NO_TRADE","PE","NFO:NIFTY2641323850PE","23850","23869.3","23869.3","20.15","491072920","21440445",,"17.55","21440445","30","30","23874.7","23876.95","23868.6","23869.3","0","17.35","20.35","16.85","19.75","5989295","23900","23800","1.060769371701250","155394070","164837270","0","0","false","false","false","false","true","true","true","15","VWAP condition failed; Breakout condition failed; Volume spike missing; OI behavior does not support entry; IV filter passed; Liquidity filter passed; Entry time window passed; Signal score failed: 15%"
"2026-04-13T08:59:29.707240400Z","14:29:29.166993800","NIFTY","NO_TRADE","CE","NFO:NIFTY2641323850CE","23850","23869.3","23869.3","41","941281900","19577805",,"44.65","19577805","30","30","23874.7","23876.95","23868.6","23869.3","0","45.7","46.55","40","41.5","4656210","23900","23800","1.060769371701250","155394070","164837270","0","0","false","false","false","true","true","true","true","40","VWAP condition failed; Breakout condition failed; Volume spike missing; OI behavior supports entry; IV filter passed; Liquidity filter passed; Entry time window passed; Signal score failed: 40%"
"2026-04-13T09:00:30.088267900Z","14:30:29.710956100","NIFTY","NO_TRADE","PE","NFO:NIFTY2641323900PE","23900","23885.1","23885.1","35.95","319603505","14526265",,"46.5","13686920","30","30","23869.95","23886","23865.45","23885.1","0","46.6","50.7","34","36.6","7032805","23900","23800","0.8908951261908291","159186885","141818820","39260","-170300","false","false","true","true","true","true","true","60","VWAP condition failed; Breakout condition failed; Volume spike confirmed; OI behavior supports entry; IV filter passed; Liquidity filter passed; Entry time window passed; Signal score failed: 60%"
"2026-04-13T09:00:30.241036200Z","14:30:29.710956100","NIFTY","NO_TRADE","CE","NFO:NIFTY2641323900CE","23900","23884.3","23884.3","23.25","1148508725","34691930",,"17.65","34652670","30","30","23868.9","23886","23865.45","23884.3","0","17.75","24.65","16.25","22.95","14969500","23900","23800","0.8908951261908291","159186885","141818820","39260","-170300","false","false","true","true","true","true","true","60","VWAP condition failed; Breakout condition failed; Volume spike confirmed; OI behavior supports entry; IV filter passed; Liquidity filter passed; Entry time window passed; Signal score failed: 60%"
"2026-04-13T09:01:30.643045900Z","14:31:30.244428","NIFTY","NO_TRADE","PE","NFO:NIFTY2641323900PE","23900","23881.25","23881.25","35.45","327936895","14526265",,"35.95","14526265","30","30","23885","23889.45","23878.55","23881.25","0","35.95","36.4","31","35.55","8237190","23900","23800","0.8908951261908291","159186885","141818820","0","0","false","false","true","true","true","true","true","60","VWAP condition failed; Breakout condition failed; Volume spike confirmed; OI behavior supports entry; IV filter passed; Liquidity filter passed; Entry time window passed; Signal score failed: 60%"
"2026-04-13T09:01:30.770061800Z","14:31:30.244428","NIFTY","NO_TRADE","CE","NFO:NIFTY2641323900CE","23900","23881.25","23881.25","21.85","1168653720","34691930",,"23.25","34691930","30","30","23885","23889.45","23878.55","23881.25","0","23.25","26.2","20.6","21.7","19720805","23900","23800","0.8908951261908291","159186885","141818820","0","0","false","false","true","false","true","true","true","35","VWAP condition failed; Breakout condition failed; Volume spike confirmed; OI behavior does not support entry; IV filter passed; Liquidity filter passed; Entry time window passed; Signal score failed: 35%"
"2026-04-13T09:02:31.203012200Z","14:32:30.776150100","NIFTY","NO_TRADE","PE","NFO:NIFTY2641323900PE","23900","23882.2","23882.2","34","332276360","14526265",,"35.45","14526265","30","30","23880.7","23883.85","23879.05","23882.2","0","35.4","38.4","33.2","34.05","4339465","23900","23800","0.8908951261908291","159186885","141818820","0","0","false","false","false","true","true","true","true","40","VWAP condition failed; Breakout condition failed; Volume spike missing; OI behavior supports entry; IV filter passed; Liquidity filter passed; Entry time window passed; Signal score failed: 40%"
"2026-04-13T09:02:31.321561400Z","14:32:30.776150100","NIFTY","NO_TRADE","CE","NFO:NIFTY2641323900CE","23900","23882.2","23882.2","22.65","1178486400","34691930",,"21.85","34691930","30","30","23880.7","23883.85","23879.05","23882.2","0","22.05","23.55","19.8","22.8","9832680","23900","23800","0.8908951261908291","159186885","141818820","0","0","false","false","false","false","true","true","true","15","VWAP condition failed; Breakout condition failed; Volume spike missing; OI behavior does not support entry; IV filter passed; Liquidity filter passed; Entry time window passed; Signal score failed: 15%"
"2026-04-13T09:03:31.858793200Z","14:33:31.327288800","NIFTY","NO_TRADE","PE","NFO:NIFTY2641323900PE","23900","23889.55","23889.55","29.3","338679250","16623685",,"34","14526265","30","30","23882.55","23890.5","23882.55","23889.55","0","33.85","34.7","28","28","6079255","23900","23800","0.9197340453107989","155469340","142990445","-740675","-58955","false","false","false","true","true","true","true","40","VWAP condition failed; Breakout condition failed; Volume spike missing; OI behavior supports entry; IV filter passed; Liquidity filter passed; Entry time window passed; Signal score failed: 40%"
"2026-04-13T09:03:32.004824500Z","14:33:31.327288800","NIFTY","NO_TRADE","CE","NFO:NIFTY2641323900CE","23900","23889.55","23889.55","25.95","1190579780","33951255",,"22.65","34691930","30","30","23882.55","23890.5","23882.55","23889.55","0","22.95","26.5","22.45","26","11319100","23900","23800","0.9197340453107989","155469340","142990445","-740675","-58955","false","false","false","true","true","true","true","40","VWAP condition failed; Breakout condition failed; Volume spike missing; OI behavior supports entry; IV filter passed; Liquidity filter passed; Entry time window passed; Signal score failed: 40%"
"2026-04-13T09:04:32.411232800Z","14:34:32.008653400","NIFTY","NO_TRADE","PE","NFO:NIFTY2641323900PE","23900","23884.1","23884.1","32.45","346308495","16623685",,"29.3","16623685","30","30","23889.75","23892.75","23882.9","23884.1","0","29.25","34.3","27.4","32.2","7533955","23900","23800","0.9197340453107989","155469340","142990445","0","0","false","false","true","true","true","true","true","60","VWAP condition failed; Breakout condition failed; Volume spike confirmed; OI behavior supports entry; IV filter passed; Liquidity filter passed; Entry time window passed; Signal score failed: 60%"
"2026-04-13T09:04:32.546455700Z","14:34:32.008653400","NIFTY","NO_TRADE","CE","NFO:NIFTY2641323900CE","23900","23884.1","23884.1","22.6","1206320830","33951255",,"25.95","33951255","30","30","23889.75","23892.75","23882.9","23884.1","0","26.3","28.2","20.6","22.7","15494570","23900","23800","0.9197340453107989","155469340","142990445","0","0","false","false","false","false","true","true","true","15","VWAP condition failed; Breakout condition failed; Volume spike missing; OI behavior does not support entry; IV filter passed; Liquidity filter passed; Entry time window passed; Signal score failed: 15%"
"2026-04-13T09:05:32.922978200Z","14:35:32.550104600","NIFTY","NO_TRADE","PE","NFO:NIFTY2641323900PE","23900","23876.05","23876.05","33.25","351644410","16623685",,"32.45","16623685","30","30","23885.75","23886.65","23874.6","23876.05","0","32.25","37.95","31.65","35.1","5241340","23900","23800","0.9197340453107989","155469340","142990445","0","0","false","false","false","true","true","true","true","40","VWAP condition failed; Breakout condition failed; Volume spike missing; OI behavior supports entry; IV filter passed; Liquidity filter passed; Entry time window passed; Signal score failed: 40%"
"2026-04-13T09:05:33.087391400Z","14:35:32.550104600","NIFTY","NO_TRADE","CE","NFO:NIFTY2641323900CE","23900","23876.05","23876.05","22","1217629595","33951255",,"22.6","33951255","30","30","23885.75","23886.65","23874.6","23876.05","0","22.9","23.75","18.25","20.4","11008205","23900","23800","0.9197340453107989","155469340","142990445","0","0","false","false","false","false","true","true","true","15","VWAP condition failed; Breakout condition failed; Volume spike missing; OI behavior does not support entry; IV filter passed; Liquidity filter passed; Entry time window passed; Signal score failed: 15%"
"2026-04-13T09:06:33.756068Z","14:36:33.091399600","NIFTY","NO_TRADE","PE","NFO:NIFTY2641323900PE","23900","23880.3","23880.3","34.3","355700410","18361265",,"33.25","16623685","30","30","23880.3","23885.6","23879.5","23880.3","0","32.7","34.6","30.55","33.9","3634085","23900","23800","0.9286891938378392","156831350","145647580","513695","279305","false","false","false","true","true","true","true","40","VWAP condition failed; Breakout condition failed; Volume spike missing; OI behavior supports entry; IV filter passed; Liquidity filter passed; Entry time window passed; Signal score failed: 40%"
"2026-04-13T09:06:34.110333300Z","14:36:33.091399600","NIFTY","NO_TRADE","CE","NFO:NIFTY2641323900CE","23900","23880.3","23880.3","22.1","1228395805","34464950",,"22","33951255","30","30","23880.3","23885.6","23879.5","23880.3","0","22.5","24.35","21.45","22.25","10034245","23900","23800","0.9286891938378392","156831350","145647580","513695","279305","false","false","false","true","true","true","true","40","VWAP condition failed; Breakout condition failed; Volume spike missing; OI behavior supports entry; IV filter passed; Liquidity filter passed; Entry time window passed; Signal score failed: 40%"
"2026-04-13T09:07:34.485806300Z","14:37:34.117061","NIFTY","NO_TRADE","PE","NFO:NIFTY2641323900PE","23900","23880.3","23880.3","35.95","360019205","18361265",,"34.3","18361265","30","30","23882.05","23885.1","23875.4","23880.3","0","32.95","37.9","32.9","37.9","4061785","23900","23800","0.9286891938378392","156831350","145647580","0","0","false","false","false","true","true","true","true","40","VWAP condition failed; Breakout condition failed; Volume spike missing; OI behavior supports entry; IV filter passed; Liquidity filter passed; Entry time window passed; Signal score failed: 40%"
"2026-04-13T09:07:34.622131300Z","14:37:34.117061","NIFTY","NO_TRADE","CE","NFO:NIFTY2641323900CE","23900","23880.3","23880.3","20.6","1237276300","34464950",,"22.1","34464950","30","30","23882.05","23885.1","23875.4","23880.3","0","23.05","23.15","19.35","19.7","8568950","23900","23800","0.9286891938378392","156831350","145647580","0","0","false","false","false","false","true","true","true","15","VWAP condition failed; Breakout condition failed; Volume spike missing; OI behavior does not support entry; IV filter passed; Liquidity filter passed; Entry time window passed; Signal score failed: 15%"
"2026-04-13T09:08:35.152612800Z","14:38:34.625176700","NIFTY","NO_TRADE","PE","NFO:NIFTY2641323900PE","23900","23896.85","23896.85","28.5","366486185","18361265",,"35.95","18361265","30","30","23877.7","23897.45","23873.9","23896.85","0","36.3","36.4","27.2","28.6","6288360","23900","23800","0.9286891938378392","156831350","145647580","0","0","false","false","false","true","true","true","true","40","VWAP condition failed; Breakout condition failed; Volume spike missing; OI behavior supports entry; IV filter passed; Liquidity filter passed; Entry time window passed; Signal score failed: 40%"
"2026-04-13T09:08:35.281153200Z","14:38:34.625176700","NIFTY","NO_TRADE","CE","NFO:NIFTY2641323900CE","23900","23896.85","23896.85","24.55","1249832155","34464950",,"20.6","34464950","30","30","23877.7","23897.45","23873.9","23896.85","0","20.65","25.6","20.65","24.3","12086880","23900","23800","0.9286891938378392","156831350","145647580","0","0","false","false","false","false","true","true","true","15","VWAP condition failed; Breakout condition failed; Volume spike missing; OI behavior does not support entry; IV filter passed; Liquidity filter passed; Entry time window passed; Signal score failed: 15%"
"2026-04-13T09:09:35.813291100Z","14:39:35.292223100","NIFTY","NO_TRADE","PE","NFO:NIFTY2641323900PE","23900","23883.2","23883.2","35.05","372261695","19462430",,"28.5","18361265","30","30","23896.85","23896.85","23882.5","23883.2","0","29.45","35.35","28.8","34.7","5456425","23900","23800","0.9145860661219291","158915055","145341495","727675","-627705","false","false","false","true","true","true","true","40","VWAP condition failed; Breakout condition failed; Volume spike missing; OI behavior supports entry; IV filter passed; Liquidity filter passed; Entry time window passed; Signal score failed: 40%"
"2026-04-13T09:09:35.954346200Z","14:39:35.292223100","NIFTY","NO_TRADE","CE","NFO:NIFTY2641323900CE","23900","23883.2","23883.2","20.1","1261834600","35192625",,"24.55","34464950","30","30","23896.85","23896.85","23882.5","23883.2","0","23.8","24.4","19.6","20.45","11502530","23900","23800","0.9145860661219291","158915055","145341495","727675","-627705","false","false","false","false","true","true","true","15","VWAP condition failed; Breakout condition failed; Volume spike missing; OI behavior does not support entry; IV filter passed; Liquidity filter passed; Entry time window passed; Signal score failed: 15%"
"2026-04-13T09:10:36.417590100Z","14:40:35.970329","NIFTY","NO_TRADE","PE","NFO:NIFTY2641323850PE","23850","23877.95","23877.95","17.15","596214125","27229475",,"12.55","27229475","30","30","23882.4","23882.65","23865.15","23877.95","0","12.8","21.25","12.75","15.45","19846840","23900","23800","1.064559708605435","154396840","164364655","0","0","false","false","true","false","true","true","true","35","VWAP condition failed; Breakout condition failed; Volume spike confirmed; OI behavior does not support entry; IV filter passed; Liquidity filter passed; Entry time window passed; Signal score failed: 35%"
"2026-04-13T09:10:36.545634300Z","14:40:35.970329","NIFTY","NO_TRADE","CE","NFO:NIFTY2641323850CE","23850","23877.95","23877.95","37.4","1010467965","15511080",,"47.65","15511080","30","30","23882.4","23882.65","23865.15","23877.95","0","47.15","47.25","31.45","39.65","12170730","23900","23800","1.064559708605435","154396840","164364655","0","0","false","false","true","true","true","true","true","60","VWAP condition failed; Breakout condition failed; Volume spike confirmed; OI behavior supports entry; IV filter passed; Liquidity filter passed; Entry time window passed; Signal score failed: 60%"
"2026-04-13T09:11:36.935511900Z","14:41:36.548854100","NIFTY","NO_TRADE","PE","NFO:NIFTY2641323900PE","23900","23878.65","23878.65","41.7","391082380","19462430",,"43.25","19462430","30","30","23873.9","23880.9","23870.1","23878.65","0","43.5","46.35","40.15","41.75","5405335","23900","23800","0.9145860661219291","158915055","145341495","0","0","false","false","false","true","true","true","true","40","VWAP condition failed; Breakout condition failed; Volume spike missing; OI behavior supports entry; IV filter passed; Liquidity filter passed; Entry time window passed; Signal score failed: 40%"
"2026-04-13T09:11:37.076163500Z","14:41:36.548854100","NIFTY","NO_TRADE","CE","NFO:NIFTY2641323900CE","23900","23878.65","23878.65","15.35","1302830880","35192625",,"14.5","35192625","30","30","23873.9","23880.9","23870.1","23878.65","0","14.2","15.95","13.45","15.5","11223355","23900","23800","0.9145860661219291","158915055","145341495","0","0","false","false","false","false","true","true","true","15","VWAP condition failed; Breakout condition failed; Volume spike missing; OI behavior does not support entry; IV filter passed; Liquidity filter passed; Entry time window passed; Signal score failed: 15%"
"2026-04-13T09:12:37.546470800Z","14:42:37.084395700","NIFTY","NO_TRADE","PE","NFO:NIFTY2641323850PE","23850","23869.35","23869.35","21.1","615512495","26668395",,"15.85","27229475","30","30","23879.85","23880.4","23869.35","23869.35","0","15.05","19.35","14.5","18.95","6860425","23900","23800","1.033458502291933","155599015","160805125","3309475","875810","false","false","false","true","true","true","true","40","VWAP condition failed; Breakout condition failed; Volume spike missing; OI behavior supports entry; IV filter passed; Liquidity filter passed; Entry time window passed; Signal score failed: 40%"
"2026-04-13T09:12:37.687138700Z","14:42:37.084395700","NIFTY","NO_TRADE","CE","NFO:NIFTY2641323850CE","23850","23869.35","23869.35","31.6","1021325240","16790020",,"39.25","15511080","30","30","23879.85","23880.4","23869.35","23869.35","0","40.65","41.55","34.25","34.25","4518735","23900","23800","1.033458502291933","155599015","160805125","3309475","875810","false","false","false","true","true","true","true","40","VWAP condition failed; Breakout condition failed; Volume spike missing; OI behavior supports entry; IV filter passed; Liquidity filter passed; Entry time window passed; Signal score failed: 40%"
"2026-04-13T09:13:38.303419100Z","14:43:37.711350800","NIFTY","NO_TRADE","PE","NFO:NIFTY2641323850PE","23850","23859.65","23859.65","22.05","634597990","26668395",,"21.1","26668395","30","30","23864.6","23867.9","23855.8","23859.65","0","20.6","25.5","18.25","21.9","17782310","23900","23800","1.033458502291933","155599015","160805125","0","0","false","false","true","false","true","true","true","35","VWAP condition failed; Breakout condition failed; Volume spike confirmed; OI behavior does not support entry; IV filter passed; Liquidity filter passed; Entry time window passed; Signal score failed: 35%"
"2026-04-13T09:13:38.523079500Z","14:43:37.711350800","NIFTY","NO_TRADE","CE","NFO:NIFTY2641323850CE","23850","23859.65","23859.65","25.75","1034921940","16790020",,"31.6","16790020","30","30","23864.6","23867.9","23855.8","23859.65","0","32.2","33.8","23","26.2","12596935","23900","23800","1.033458502291933","155599015","160805125","0","0","false","false","true","true","true","true","true","60","VWAP condition failed; Breakout condition failed; Volume spike confirmed; OI behavior supports entry; IV filter passed; Liquidity filter passed; Entry time window passed; Signal score failed: 60%"
"2026-04-13T09:14:38.972000200Z","14:44:38.540791200","NIFTY","NO_TRADE","PE","NFO:NIFTY2641323850PE","23850","23862.6","23862.6","20.3","648768770","26668395",,"22.05","26668395","30","30","23860.05","23864.35","23855.75","23862.6","0","22.15","25","19.45","20.5","13056225","23900","23800","1.033458502291933","155599015","160805125","0","0","false","false","false","false","true","true","true","15","VWAP condition failed; Breakout condition failed; Volume spike missing; OI behavior does not support entry; IV filter passed; Liquidity filter passed; Entry time window passed; Signal score failed: 15%"
"2026-04-13T09:14:39.094018700Z","14:44:38.540791200","NIFTY","NO_TRADE","CE","NFO:NIFTY2641323850CE","23850","23862.6","23862.6","26.45","1045184920","16790020",,"25.75","16790020","30","30","23860.05","23864.35","23855.75","23862.6","0","25.5","27.85","22.5","26.3","9446125","23900","23800","1.033458502291933","155599015","160805125","0","0","false","false","false","true","true","true","true","40","VWAP condition failed; Breakout condition failed; Volume spike missing; OI behavior supports entry; IV filter passed; Liquidity filter passed; Entry time window passed; Signal score failed: 40%"
"2026-04-13T09:15:39.580841800Z","14:45:39.114081300","NIFTY","NO_TRADE","PE","NFO:NIFTY2641323850PE","23850","23855.05","23855.05","18.2","664341730","26730600",,"20.3","26668395","30","30","23863.25","23872.15","23854.6","23855.05","0","19.3","19.3","15.2","17.9","14255605","23900","23800","1.093245255540327","146927690","160628000","-2489630","2512510","false","false","false","true","true","true","false","40","VWAP condition failed; Breakout condition failed; Volume spike missing; OI behavior supports entry; IV filter passed; Liquidity filter passed; Entry time window failed; Signal score failed: 40%"
"2026-04-13T09:15:39.722956400Z","14:45:39.114081300","NIFTY","NO_TRADE","CE","NFO:NIFTY2641323850CE","23850","23855.05","23855.05","28.25","1054803815","18071755",,"26.45","16790020","30","30","23863.25","23872.15","23854.6","23855.05","0","27.45","32.2","27.45","29.1","9025575","23900","23800","1.093245255540327","146927690","160628000","-2489630","2512510","false","false","false","true","true","true","false","40","VWAP condition failed; Breakout condition failed; Volume spike missing; OI behavior supports entry; IV filter passed; Liquidity filter passed; Entry time window failed; Signal score failed: 40%"
"2026-04-13T09:16:40.369932400Z","14:46:39.733842300","NIFTY","NO_TRADE","PE","NFO:NIFTY2641323850PE","23850","23870.75","23870.75","13.65","683930845","26730600",,"18.2","26730600","30","30","23855.55","23880.9","23855.55","23870.75","0","18.2","18.7","10.15","13.65","19589115","23900","23800","1.093245255540327","146927690","160628000","0","0","false","false","true","false","true","true","false","35","VWAP condition failed; Breakout condition failed; Volume spike confirmed; OI behavior does not support entry; IV filter passed; Liquidity filter passed; Entry time window failed; Signal score failed: 35%"
"2026-04-13T09:16:40.503869Z","14:46:39.733842300","NIFTY","NO_TRADE","CE","NFO:NIFTY2641323850CE","23850","23870.75","23870.75","32.95","1066252720","18071755",,"28.25","18071755","30","30","23855.55","23880.9","23855.55","23870.75","0","27.95","37.15","27.4","32.95","11448905","23900","23800","1.093245255540327","146927690","160628000","0","0","false","false","true","true","true","true","false","60","VWAP condition failed; Breakout condition failed; Volume spike confirmed; OI behavior supports entry; IV filter passed; Liquidity filter passed; Entry time window failed; Signal score failed: 60%"
"2026-04-13T09:17:40.986081600Z","14:47:40.522193400","NIFTY","NO_TRADE","PE","NFO:NIFTY2641323900PE","23900","23870.4","23870.4","37.95","433736420","15207725",,"41.4","15207725","30","30","23870","23873.5","23866.45","23870.4","0","41.4","46.7","40.05","42.05","4800835","23900","23800","0.9423502745194353","151383635","142656410","0","0","false","false","false","true","true","true","false","40","VWAP condition failed; Breakout condition failed; Volume spike missing; OI behavior supports entry; IV filter passed; Liquidity filter passed; Entry time window failed; Signal score failed: 40%"
"2026-04-13T09:17:41.152982400Z","14:47:40.522193400","NIFTY","NO_TRADE","CE","NFO:NIFTY2641323900CE","23900","23870.4","23870.4","9.95","1419090270","36012470",,"10.65","36012470","30","30","23870","23873.5","23866.45","23870.4","0","10.6","10.9","7.05","8.6","16945825","23900","23800","0.9423502745194353","151383635","142656410","0","0","false","false","false","false","true","true","false","15","VWAP condition failed; Breakout condition failed; Volume spike missing; OI behavior does not support entry; IV filter passed; Liquidity filter passed; Entry time window failed; Signal score failed: 15%"
"2026-04-13T09:18:41.799172400Z","14:48:41.172226400","NIFTY","NO_TRADE","PE","NFO:NIFTY2641323900PE","23900","23883.15","23883.15","31.35","439932415","16140540",,"37.95","15207725","30","30","23874.05","23883.15","23867.75","23883.15","0","37.95","44.35","30.95","30.95","5452785","23900","23800","0.9306197143508766","154471330","143754065","3332615","209690","false","false","false","true","true","true","false","40","VWAP condition failed; Breakout condition failed; Volume spike missing; OI behavior supports entry; IV filter passed; Liquidity filter passed; Entry time window failed; Signal score failed: 40%"
"2026-04-13T09:18:41.931129200Z","14:48:41.172226400","NIFTY","NO_TRADE","CE","NFO:NIFTY2641323900CE","23900","23883.15","23883.15","12.85","1435039125","39345085",,"9.95","36012470","30","30","23874.05","23883.15","23867.75","23883.15","0","9.95","14","7.85","13.95","14553955","23900","23800","0.9306197143508766","154471330","143754065","3332615","209690","false","false","false","true","true","true","false","40","VWAP condition failed; Breakout condition failed; Volume spike missing; OI behavior supports entry; IV filter passed; Liquidity filter passed; Entry time window failed; Signal score failed: 40%"
"2026-04-13T09:19:42.418713400Z","14:49:41.951138200","NIFTY","NO_TRADE","PE","NFO:NIFTY2641323900PE","23900","23881.25","23881.25","30.05","451984780","16140540",,"31.35","16140540","30","30","23883.45","23888.25","23879.5","23881.25","0","31.6","32.8","25.5","30.75","11241555","23900","23800","0.9306197143508766","154471330","143754065","0","0","false","false","true","true","true","true","false","60","VWAP condition failed; Breakout condition failed; Volume spike confirmed; OI behavior supports entry; IV filter passed; Liquidity filter passed; Entry time window failed; Signal score failed: 60%"
"2026-04-13T09:19:42.559154800Z","14:49:41.951138200","NIFTY","NO_TRADE","CE","NFO:NIFTY2641323900CE","23900","23881.25","23881.25","13.25","1465128730","39345085",,"12.85","39345085","30","30","23883.45","23888.25","23879.5","23881.25","0","12.55","16.95","11.65","13.15","28321605","23900","23800","0.9306197143508766","154471330","143754065","0","0","false","false","true","false","true","true","false","35","VWAP condition failed; Breakout condition failed; Volume spike confirmed; OI behavior does not support entry; IV filter passed; Liquidity filter passed; Entry time window failed; Signal score failed: 35%"
"2026-04-13T09:20:43.351578800Z","14:50:42.576528900","NIFTY","NO_TRADE","PE","NFO:NIFTY2641323900PE","23900","23879.5","23879.5","28.2","460639010","16140540",,"30.05","16140540","30","30","23880.25","23884.45","23876.7","23879.5","0","30.1","33.55","26.25","29.05","8511945","23900","23800","0.9258867055643151","152778730","141455795","0","-2298270","false","false","false","true","true","true","false","40","VWAP condition failed; Breakout condition failed; Volume spike missing; OI behavior supports entry; IV filter passed; Liquidity filter passed; Entry time window failed; Signal score failed: 40%"
"2026-04-13T09:20:43.490752300Z","14:50:42.576528900","NIFTY","NO_TRADE","CE","NFO:NIFTY2641323900CE","23900","23879.5","23879.5","14.4","1483245595","39345085",,"13.25","39345085","30","30","23880.25","23884.45","23876.7","23879.5","0","13.1","15.9","11.35","13.95","17739865","23900","23800","0.9258867055643151","152778730","141455795","0","-2298270","false","false","false","false","true","true","false","15","VWAP condition failed; Breakout condition failed; Volume spike missing; OI behavior does not support entry; IV filter passed; Liquidity filter passed; Entry time window failed; Signal score failed: 15%"
"2026-04-13T09:21:44.027188900Z","14:51:43.513400800","NIFTY","NO_TRADE","PE","NFO:NIFTY2641323900PE","23900","23887.45","23887.45","24.7","468026780","18880745",,"28.2","16140540","30","30","23879.85","23887.8","23878.45","23887.45","0","28.3","29.45","23.45","23.45","7179120","23900","23800","0.9358277286525513","153463245","143615160","229385","0","false","false","false","true","true","true","false","40","VWAP condition failed; Breakout condition failed; Volume spike missing; OI behavior supports entry; IV filter passed; Liquidity filter passed; Entry time window failed; Signal score failed: 40%"
"2026-04-13T09:21:44.189217400Z","14:51:43.513400800","NIFTY","NO_TRADE","CE","NFO:NIFTY2641323900CE","23900","23886.3","23886.3","16","1499307290","39574470",,"14.4","39345085","30","30","23879.85","23887.8","23878.45","23886.3","0","14.5","17.15","13.8","16.3","15168010","23900","23800","0.9358277286525513","153463245","143615160","229385","0","false","false","false","true","true","true","false","40","VWAP condition failed; Breakout condition failed; Volume spike missing; OI behavior supports entry; IV filter passed; Liquidity filter passed; Entry time window failed; Signal score failed: 40%"
"2026-04-13T09:22:44.568317600Z","14:52:44.196831","NIFTY","NO_TRADE","PE","NFO:NIFTY2641323900PE","23900","23891","23891","21.35","476289515","18880745",,"24.7","18880745","30","30","23886.7","23891.4","23884.2","23891","0","24.9","25.85","20.7","21","7904130","23900","23800","0.9358277286525513","153463245","143615160","0","0","false","false","false","true","true","true","false","40","VWAP condition failed; Breakout condition failed; Volume spike missing; OI behavior supports entry; IV filter passed; Liquidity filter passed; Entry time window failed; Signal score failed: 40%"
"2026-04-13T09:22:44.704598400Z","14:52:44.196831","NIFTY","NO_TRADE","CE","NFO:NIFTY2641323900CE","23900","23891","23891","17.25","1515961590","39574470",,"16","39574470","30","30","23886.7","23891.4","23884.2","23891","0","15.45","17.9","14.6","17.5","16255460","23900","23800","0.9358277286525513","153463245","143615160","0","0","false","false","false","false","true","true","false","15","VWAP condition failed; Breakout condition failed; Volume spike missing; OI behavior does not support entry; IV filter passed; Liquidity filter passed; Entry time window failed; Signal score failed: 15%"
"2026-04-13T09:23:45.251207400Z","14:53:44.712576500","NIFTY","NO_TRADE","PE","NFO:NIFTY2641323900PE","23900","23885","23885","24.1","486349435","18880745",,"21.35","18880745","30","30","23891.3","23891.75","23881","23885","0","21.2","28.2","21","23.75","9900995","23900","23800","0.9638930536883292","151041020","145587390","0","-1258530","false","false","false","true","true","true","false","40","VWAP condition failed; Breakout condition failed; Volume spike missing; OI behavior supports entry; IV filter passed; Liquidity filter passed; Entry time window failed; Signal score failed: 40%"
"2026-04-13T09:23:45.411123100Z","14:53:44.712576500","NIFTY","NO_TRADE","CE","NFO:NIFTY2641323900CE","23900","23885","23885","13.1","1539245695","39574470",,"17.25","39574470","30","30","23891.3","23891.75","23881","23885","0","17.2","17.35","10.3","13.3","22960795","23900","23800","0.9638930536883292","151041020","145587390","0","-1258530","false","false","true","false","true","true","false","35","VWAP condition failed; Breakout condition failed; Volume spike confirmed; OI behavior does not support entry; IV filter passed; Liquidity filter passed; Entry time window failed; Signal score failed: 35%"
"2026-04-13T09:24:45.951766900Z","14:54:45.431630300","NIFTY","NO_TRADE","PE","NFO:NIFTY2641323900PE","23900","23876.5","23876.5","26.4","494233610","20829185",,"24.1","18880745","30","30","23885.5","23886.7","23870.9","23876.5","0","24.2","29.85","22.75","26.05","7503795","23900","23800","0.9561900812583074","152672390","145983825","225290","0","false","false","false","true","true","true","false","40","VWAP condition failed; Breakout condition failed; Volume spike missing; OI behavior supports entry; IV filter passed; Liquidity filter passed; Entry time window failed; Signal score failed: 40%"
"2026-04-13T09:24:46.106628400Z","14:54:45.431630300","NIFTY","NO_TRADE","CE","NFO:NIFTY2641323900CE","23900","23876.5","23876.5","11.95","1557165935","39799760",,"13.1","39574470","30","30","23885.5","23886.7","23870.9","23876.5","0","12.85","13.85","9.75","12.25","16602885","23900","23800","0.9561900812583074","152672390","145983825","225290","0","false","false","false","false","true","true","false","15","VWAP condition failed; Breakout condition failed; Volume spike missing; OI behavior does not support entry; IV filter passed; Liquidity filter passed; Entry time window failed; Signal score failed: 15%"
"2026-04-13T09:25:46.498640900Z","14:55:46.111684700","NIFTY","NO_TRADE","PE","NFO:NIFTY2641323900PE","23900","23889.6","23889.6","21.35","511410965","20829185",,"26.4","20829185","30","30","23875.45","23895.75","23872.8","23889.6","0","26.25","26.5","16.25","21.8","16426150","23900","23800","0.9561900812583074","152672390","145983825","0","0","false","false","true","true","true","true","false","60","VWAP condition failed; Breakout condition failed; Volume spike confirmed; OI behavior supports entry; IV filter passed; Liquidity filter passed; Entry time window failed; Signal score failed: 60%"
"2026-04-13T09:25:46.651229400Z","14:55:46.111684700","NIFTY","NO_TRADE","CE","NFO:NIFTY2641323900CE","23900","23889.6","23889.6","13.25","1585386660","39799760",,"11.95","39799760","30","30","23875.45","23895.75","23872.8","23889.6","0","11.9","18.2","11.8","12.6","27123720","23900","23800","0.9561900812583074","152672390","145983825","0","0","false","false","true","false","true","true","false","35","VWAP condition failed; Breakout condition failed; Volume spike confirmed; OI behavior does not support entry; IV filter passed; Liquidity filter passed; Entry time window failed; Signal score failed: 35%"
"2026-04-13T09:26:47.045230900Z","14:56:46.656681800","NIFTY","NO_TRADE","PE","NFO:NIFTY2641323900PE","23900","23886","23886","22.05","520019175","20829185",,"21.35","20829185","30","30","23890","23891.25","23884.2","23886","0","21.35","24.7","19.55","22","8091590","23900","23850","0.9573191282164821","151782865","145304640","0","917085","false","false","false","true","true","true","false","40","VWAP condition failed; Breakout condition failed; Volume spike missing; OI behavior supports entry; IV filter passed; Liquidity filter passed; Entry time window failed; Signal score failed: 40%"
"2026-04-13T09:26:47.194664400Z","14:56:46.656681800","NIFTY","NO_TRADE","CE","NFO:NIFTY2641323900CE","23900","23886","23886","13.1","1600889550","39799760",,"13.25","39799760","30","30","23890.75","23891.25","23884.2","23886","0","13.9","15.25","10.85","12.6","13857285","23900","23850","0.9573191282164821","151782865","145304640","0","917085","false","false","false","true","true","true","false","40","VWAP condition failed; Breakout condition failed; Volume spike missing; OI behavior supports entry; IV filter passed; Liquidity filter passed; Entry time window failed; Signal score failed: 40%"
"2026-04-13T09:27:47.706325700Z","14:57:47.202068800","NIFTY","NO_TRADE","PE","NFO:NIFTY2641323900PE","23900","23883.9","23883.9","20.65","526544850","22325615",,"22.05","20829185","30","30","23885.7","23886.6","23880.5","23883.9","0","22.2","24.3","19.4","19.6","6023160","23900","23850","0.9446418613205502","154090170","145560025","1572545","0","false","false","false","true","true","true","false","40","VWAP condition failed; Breakout condition failed; Volume spike missing; OI behavior supports entry; IV filter passed; Liquidity filter passed; Entry time window failed; Signal score failed: 40%"
"2026-04-13T09:27:47.850607200Z","14:57:47.202068800","NIFTY","NO_TRADE","CE","NFO:NIFTY2641323900CE","23900","23883.9","23883.9","13.2","1613435720","41372305",,"13.1","39799760","30","30","23885.7","23886.6","23880.5","23883.9","0","13.15","14.15","11.6","13.85","11173045","23900","23850","0.9446418613205502","154090170","145560025","1572545","0","false","false","false","true","true","true","false","40","VWAP condition failed; Breakout condition failed; Volume spike missing; OI behavior supports entry; IV filter passed; Liquidity filter passed; Entry time window failed; Signal score failed: 40%"
"2026-04-13T09:28:48.384097Z","14:58:47.862223","NIFTY","NO_TRADE","PE","NFO:NIFTY2641323900PE","23900","23895.15","23895.15","18.25","538946655","22325615",,"20.65","22325615","30","30","23882.55","23896.4","23881.55","23895.15","0","20.65","22.75","15.75","17.85","11292580","23900","23850","0.9446418613205502","154090170","145560025","0","0","false","false","false","true","true","true","false","40","VWAP condition failed; Breakout condition failed; Volume spike missing; OI behavior supports entry; IV filter passed; Liquidity filter passed; Entry time window failed; Signal score failed: 40%"
"2026-04-13T09:28:48.519097900Z","14:58:47.862223","NIFTY","NO_TRADE","CE","NFO:NIFTY2641323900CE","23900","23895.15","23895.15","15.95","1631949670","41372305",,"13.2","41372305","30","30","23882.55","23896.4","23881.55","23895.15","0","13.25","16.1","11.2","15.2","17143555","23900","23850","0.9446418613205502","154090170","145560025","0","0","false","false","false","false","true","true","false","15","VWAP condition failed; Breakout condition failed; Volume spike missing; OI behavior does not support entry; IV filter passed; Liquidity filter passed; Entry time window failed; Signal score failed: 15%"
"2026-04-13T09:29:49.344451500Z","14:59:48.536095500","NIFTY","NO_TRADE","PE","NFO:NIFTY2641323900PE","23900","23889.45","23889.45","21.95","548541435","24169600",,"18.25","22325615","30","30","23896.3","23897.4","23888.55","23889.45","0","17.55","21.8","17.25","20.7","8433880","23900","23850","0.9696419447993628","152922510","148280080","-525915","1571700","false","false","false","true","true","true","false","40","VWAP condition failed; Breakout condition failed; Volume spike missing; OI behavior supports entry; IV filter passed; Liquidity filter passed; Entry time window failed; Signal score failed: 40%"
"2026-04-13T09:29:49.686646800Z","14:59:48.536095500","NIFTY","NO_TRADE","CE","NFO:NIFTY2641323900CE","23900","23889.45","23889.45","13.3","1648742290","40846390",,"15.95","41372305","30","30","23896.3","23897.4","23888.55","23889.45","0","16.4","16.65","12.5","14.35","14873105","23900","23850","0.9696419447993628","152922510","148280080","-525915","1571700","false","false","false","true","true","true","false","40","VWAP condition failed; Breakout condition failed; Volume spike missing; OI behavior supports entry; IV filter passed; Liquidity filter passed; Entry time window failed; Signal score failed: 40%"
"2026-04-13T09:30:50.274896200Z","15:00:49.762289","NIFTY","NO_TRADE","PE","NFO:NIFTY2641323850PE","23850","23848.15","23848.15","15.85","924917110","36160865",,"4.1","36160865","30","30","23889.2","23889.2","23848.15","23848.15","0","3.95","15.05","3.95","15.05","47433035","23900","23850","1.085480728216831","151015735","163924670","0","0","false","true","true","false","true","true","false","60","VWAP condition failed; Breakout condition passed; Volume spike confirmed; OI behavior does not support entry; IV filter passed; Liquidity filter passed; Entry time window failed; Signal score failed: 60%"
"2026-04-13T09:30:50.406089100Z","15:00:49.762289","NIFTY","NO_TRADE","CE","NFO:NIFTY2641323850CE","23850","23848.15","23848.15","12.45","1187868760","14055860",,"45.35","14055860","30","30","23889.2","23889.2","23848.15","23848.15","0","44.9","45.55","14.3","14.3","26692835","23900","23850","1.085480728216831","151015735","163924670","0","0","false","false","true","true","true","true","false","60","VWAP condition failed; Breakout condition failed; Volume spike confirmed; OI behavior supports entry; IV filter passed; Liquidity filter passed; Entry time window failed; Signal score failed: 60%"
"2026-04-13T09:31:50.843310Z","15:01:50.412176100","NIFTY","NO_TRADE","PE","NFO:NIFTY2641323850PE","23850","23828.3","23828.3","19.8","982374835","36160865",,"15.85","36160865","30","30","23847.3","23847.5","23822.25","23828.3","0","15.85","26.3","14.4","20.1","55158415","23900","23850","1.085480728216831","151015735","163924670","0","0","false","true","true","false","true","true","false","60","VWAP condition failed; Breakout condition passed; Volume spike confirmed; OI behavior does not support entry; IV filter passed; Liquidity filter passed; Entry time window failed; Signal score failed: 60%"
"2026-04-13T09:31:50.971503300Z","15:01:50.412176100","NIFTY","NO_TRADE","CE","NFO:NIFTY2641323850CE","23850","23828.3","23828.3","8.4","1234412530","14055860",,"12.45","14055860","30","30","23847.3","23847.5","23822.25","23828.3","0","12.45","12.6","5.2","7.7","44731895","23900","23850","1.085480728216831","151015735","163924670","0","0","false","false","true","true","true","true","false","60","VWAP condition failed; Breakout condition failed; Volume spike confirmed; OI behavior supports entry; IV filter passed; Liquidity filter passed; Entry time window failed; Signal score failed: 60%"
"2026-04-13T09:33:34.372898200Z","15:03:29.323575300","NIFTY","NO_TRADE","PE","NFO:NIFTY2641323900PE","23900","23884.15","23868.9697275944843341","33.65","628017585","12687805",,,,"30","30","23861.7","23888.2","23860.9","23884.15","0","42.8","46.65","29.5","34.05","18014295","23900","23800","0.8869040040275576","144474655","128135150","0","0","false","false","false","true","true","true","false","40","Trend condition failed; Breakout condition failed; Volume spike missing; OI behavior supports entry; IV filter passed; Liquidity filter passed; Entry time window failed; Signal score failed: 40%"
"2026-04-13T09:33:34.885045100Z","15:03:29.323575300","NIFTY","NO_TRADE","CE","NFO:NIFTY2641323900CE","23900","23884.15","23868.9697275944843341","2.5","1861340000","36469225",,,,"30","30","23861.7","23888.2","23860.9","23884.15","0","1.1","3.15","0.55","2.45","53453400","23900","23800","0.8869040040275576","144474655","128135150","0","0","true","false","true","false","true","true","false","50","Trend condition passed; Breakout condition failed; Volume spike confirmed; OI behavior does not support entry; IV filter passed; Liquidity filter passed; Entry time window failed; Signal score failed: 50%"
"2026-04-13T09:34:35.547014700Z","15:04:34.919550900","NIFTY","NO_TRADE","PE","NFO:NIFTY2641323850PE","23850","23847.3","23862.47510876783547699","8.65","1115123490","27436370",,"3.15","27436370","30","30","23884.05","23884.55","23847.3","23847.3","0","2.7","8.5","2.7","7.75","44181930","23900","23800","1.018818309806973","140353200","142994410","0","0","true","false","false","false","true","true","false","30","Trend condition passed; Breakout condition failed; Volume spike missing; OI behavior does not support entry; IV filter passed; Liquidity filter passed; Entry time window failed; Signal score failed: 30%"
"2026-04-13T09:34:35.687767800Z","15:04:34.919550900","NIFTY","NO_TRADE","CE","NFO:NIFTY2641323850CE","23850","23847.3","23862.47510876783547699","7","1343153305","22595885",,"21.25","22595885","30","30","23884.05","23884.55","23847.3","23847.3","0","22.3","22.3","7.05","7.85","34075665","23900","23800","1.018818309806973","140353200","142994410","0","0","false","false","false","true","true","true","false","40","Trend condition failed; Breakout condition failed; Volume spike missing; OI behavior supports entry; IV filter passed; Liquidity filter passed; Entry time window failed; Signal score failed: 40%"
"2026-04-13T09:35:36.102125900Z","15:05:35.692283900","NIFTY","NO_TRADE","PE","NFO:NIFTY2641323850PE","23850","23830.35","23851.65563536857894939","12.45","1167706020","27436370",,"8.65","27436370","30","30","23845.8","23846.3","23824.35","23830.35","0","9.8","16.7","7.9","12.7","50582545","23900","23800","1.018818309806973","140353200","142994410","0","0","true","false","false","false","true","true","false","30","Trend condition passed; Breakout condition failed; Volume spike missing; OI behavior does not support entry; IV filter passed; Liquidity filter passed; Entry time window failed; Signal score failed: 30%"
"2026-04-13T09:35:36.242985600Z","15:05:35.692283900","NIFTY","NO_TRADE","CE","NFO:NIFTY2641323850CE","23850","23830.35","23850.3882341403491883","7.5","1386041085","22595885",,"7","22595885","30","30","23843.8","23846.3","23824.35","23830.35","0","6.45","9.85","4.55","7.6","41366780","23900","23800","1.018818309806973","140353200","142994410","0","0","false","false","false","true","true","true","false","40","Trend condition failed; Breakout condition failed; Volume spike missing; OI behavior supports entry; IV filter passed; Liquidity filter passed; Entry time window failed; Signal score failed: 40%"
"2026-04-13T09:36:36.667353400Z","15:06:36.248979500","NIFTY","NO_TRADE","PE","NFO:NIFTY2641323850PE","23850","23860.6","23854.0143543263511117","5.2","1206552815","28862795",,"12.45","27436370","30","30","23832.3","23862.35","23826.75","23860.6","0","12.55","14.1","5.1","6.95","37538280","23900","23800","1.015584037216512","137878585","140027290","-1112995","2045550","false","false","false","true","true","true","false","40","Trend condition failed; Breakout condition failed; Volume spike missing; OI behavior supports entry; IV filter passed; Liquidity filter passed; Entry time window failed; Signal score failed: 40%"
"2026-04-13T09:36:36.792008900Z","15:06:36.248979500","NIFTY","NO_TRADE","CE","NFO:NIFTY2641323850CE","23850","23860.6","23854.0143543263511117","9.7","1421564170","25672075",,"7.5","22595885","30","30","23832.3","23862.35","23826.75","23860.6","0","7.5","10.55","5.95","8.15","33960420","23900","23800","1.015584037216512","137878585","140027290","-1112995","2045550","true","false","false","true","true","true","false","55","Trend condition passed; Breakout condition failed; Volume spike missing; OI behavior supports entry; IV filter passed; Liquidity filter passed; Entry time window failed; Signal score failed: 55%"
"2026-04-13T09:37:37.232321600Z","15:07:36.797128","NIFTY","NO_TRADE","PE","NFO:NIFTY2641323850PE","23850","23843.55","23851.3033097378803558","13.1","1244753900","28862795",,"5.2","28862795","30","30","23865.45","23868.1","23843.55","23843.55","0","5","13.65","4.6","13.1","35548825","23900","23800","1.015584037216512","137878585","140027290","0","0","true","false","false","false","true","true","false","30","Trend condition passed; Breakout condition failed; Volume spike missing; OI behavior does not support entry; IV filter passed; Liquidity filter passed; Entry time window failed; Signal score failed: 30%"
"2026-04-13T09:37:37.362077500Z","15:07:36.797128","NIFTY","NO_TRADE","CE","NFO:NIFTY2641323850CE","23850","23843.55","23851.3033097378803558","3.35","1461565430","25672075",,"9.7","25672075","30","30","23865.45","23868.1","23843.55","23843.55","0","10.1","10.1","2.85","3.45","36913760","23900","23800","1.015584037216512","137878585","140027290","0","0","false","false","false","true","true","true","false","40","Trend condition failed; Breakout condition failed; Volume spike missing; OI behavior supports entry; IV filter passed; Liquidity filter passed; Entry time window failed; Signal score failed: 40%"
"2026-04-13T09:38:37.947529400Z","15:08:37.368117500","NIFTY","NO_TRADE","PE","NFO:NIFTY2641323850PE","23850","23848.5","23850.00214104247734950","12.35","1277024060","28862795",,"13.1","28862795","30","30","23840.85","23849.05","23828.8","23848.5","0","13.1","15.85","10","10","30028375","23900","23800","1.015584037216512","137878585","140027290","0","0","true","false","false","false","true","true","false","30","Trend condition passed; Breakout condition failed; Volume spike missing; OI behavior does not support entry; IV filter passed; Liquidity filter passed; Entry time window failed; Signal score failed: 30%"
"2026-04-13T09:38:38.090858200Z","15:08:37.368117500","NIFTY","NO_TRADE","CE","NFO:NIFTY2641323850CE","23850","23848.5","23850.00214104247734950","2.55","1513921760","25672075",,"3.35","25672075","30","30","23840.85","23849.05","23828.8","23848.5","0","3.1","3.4","1.55","3.1","46436910","23900","23800","1.015584037216512","137878585","140027290","0","0","false","false","false","true","true","true","false","40","Trend condition failed; Breakout condition failed; Volume spike missing; OI behavior supports entry; IV filter passed; Liquidity filter passed; Entry time window failed; Signal score failed: 40%"
"2026-04-13T09:39:38.684579800Z","15:09:38.096443600","NIFTY","NO_TRADE","PE","NFO:NIFTY2641323850PE","23850","23836.9","23845.3442882139697541","17.3","1307330115","26022880",,"12.35","28862795","30","30","23848.3","23848.3","23833.65","23836.9","0","12.9","23","12.8","16.95","27062555","23850","23800","1.007849412196036","133322085","134368585","6800950","1192685","true","false","false","true","true","true","false","55","Trend condition passed; Breakout condition failed; Volume spike missing; OI behavior supports entry; IV filter passed; Liquidity filter passed; Entry time window failed; Signal score failed: 55%"
"2026-04-13T09:39:38.819997Z","15:09:38.096443600","NIFTY","NO_TRADE","CE","NFO:NIFTY2641323850CE","23850","23836.9","23845.3442882139697541","1.05","1575867410","32473025",,"2.55","25672075","30","30","23848.3","23848.3","23833.65","23836.9","0","2.45","2.6","0.65","0.75","54206035","23850","23800","1.007849412196036","133322085","134368585","6800950","1192685","false","false","true","true","true","true","false","60","Trend condition failed; Breakout condition failed; Volume spike confirmed; OI behavior supports entry; IV filter passed; Liquidity filter passed; Entry time window failed; Signal score failed: 60%"
"2026-04-13T09:40:39.192235Z","15:10:38.824033100","NIFTY","NO_TRADE","PE","NFO:NIFTY2641323850PE","23850","23838.5","23843.1166889076104715","22.05","1331766930","26022880",,"17.3","26022880","30","30","23839.75","23846","23829.95","23838.5","0","17.25","25.4","13.8","22.3","24436815","23850","23800","1.007849412196036","133322085","134368585","0","0","true","false","false","false","true","true","false","30","Trend condition passed; Breakout condition failed; Volume spike missing; OI behavior does not support entry; IV filter passed; Liquidity filter passed; Entry time window failed; Signal score failed: 30%"
"2026-04-13T09:40:39.313013900Z","15:10:38.824033100","NIFTY","NO_TRADE","CE","NFO:NIFTY2641323850CE","23850","23838.5","23843.1166889076104715","0.65","1621361235","32473025",,"1.05","32473025","30","30","23839.75","23846","23829.95","23838.5","0","1.25","1.5","0.55","0.6","45493825","23850","23800","1.007849412196036","133322085","134368585","0","0","false","false","false","true","true","true","false","40","Trend condition failed; Breakout condition failed; Volume spike missing; OI behavior supports entry; IV filter passed; Liquidity filter passed; Entry time window failed; Signal score failed: 40%"
"2026-04-13T09:41:39.705700Z","15:11:39.317442400","NIFTY","NO_TRADE","PE","NFO:NIFTY2641323850PE","23850","23834.6","23839.78882575051374981","15.95","1350365900","26022880",,"22.05","26022880","30","30","23836.55","23840.1","23831.4","23834.6","0","22.05","22.05","14.5","15.4","18160090","23850","23800","1.007849412196036","133322085","134368585","0","0","true","false","false","false","true","true","false","30","Trend condition passed; Breakout condition failed; Volume spike missing; OI behavior does not support entry; IV filter passed; Liquidity filter passed; Entry time window failed; Signal score failed: 30%"
"2026-04-13T09:41:39.841365400Z","15:11:39.317442400","NIFTY","NO_TRADE","CE","NFO:NIFTY2641323850CE","23850","23834.6","23839.78882575051374981","0.75","1651208715","32473025",,"0.65","32473025","30","30","23836.55","23840.1","23831.4","23834.6","0","0.65","1.1","0.6","0.8","29287310","23850","23800","1.007849412196036","133322085","134368585","0","0","false","false","false","true","true","true","false","40","Trend condition failed; Breakout condition failed; Volume spike missing; OI behavior supports entry; IV filter passed; Liquidity filter passed; Entry time window failed; Signal score failed: 40%"
"2026-04-13T09:42:40.249678300Z","15:12:39.846777200","NIFTY","NO_TRADE","PE","NFO:NIFTY2641323850PE","23850","23852.65","23844.7156471639515382","9.05","1376467300","23864880",,"15.95","26022880","30","30","23835.45","23853.5","23831","23852.65","0","16.15","18.7","10","10","26101400","23850","23800","1.004046063023219","131684800","132217605","3686735","3465995","false","false","false","true","true","true","false","40","Trend condition failed; Breakout condition failed; Volume spike missing; OI behavior supports entry; IV filter passed; Liquidity filter passed; Entry time window failed; Signal score failed: 40%"
"2026-04-13T09:42:40.398827500Z","15:12:39.846777200","NIFTY","NO_TRADE","CE","NFO:NIFTY2641323850CE","23850","23852.65","23844.7156471639515382","2.55","1699844575","36159760",,"0.75","32473025","30","30","23835.45","23853.5","23831","23852.65","0","0.75","2.55","0.65","2.55","48635860","23850","23800","1.004046063023219","131684800","132217605","3686735","3465995","true","false","false","true","true","true","false","55","Trend condition passed; Breakout condition failed; Volume spike missing; OI behavior supports entry; IV filter passed; Liquidity filter passed; Entry time window failed; Signal score failed: 55%"
"2026-04-13T09:43:40.860163700Z","15:13:40.405010800","NIFTY","NO_TRADE","PE","NFO:NIFTY2641323850PE","23850","23831.9","23841.0215579382758701","15.85","1404475995","23864880",,"9.05","23864880","30","30","23853.25","23857.25","23831.9","23831.9","0","8.55","18","7.45","15.7","27581840","23850","23800","1.004046063023219","131684800","132217605","0","0","true","false","false","false","true","true","false","30","Trend condition passed; Breakout condition failed; Volume spike missing; OI behavior does not support entry; IV filter passed; Liquidity filter passed; Entry time window failed; Signal score failed: 30%"
"2026-04-13T09:43:41.030051500Z","15:13:40.405010800","NIFTY","NO_TRADE","CE","NFO:NIFTY2641323850CE","23850","23831.9","23841.0215579382758701","0.6","1750577855","36159760",,"2.55","36159760","30","30","23853.25","23857.25","23831.9","23831.9","0","2.6","2.7","0.6","0.65","49824190","23850","23800","1.004046063023219","131684800","132217605","0","0","false","false","false","true","true","true","false","40","Trend condition failed; Breakout condition failed; Volume spike missing; OI behavior supports entry; IV filter passed; Liquidity filter passed; Entry time window failed; Signal score failed: 40%"
"2026-04-13T09:44:41.557919900Z","15:14:41.037616600","NIFTY","NO_TRADE","PE","NFO:NIFTY2641323850PE","23850","23838.65","23840.5628642355721842","13.5","1419737865","23864880",,"15.85","23864880","30","30","23831.8","23840.4","23826.4","23838.65","0","16.2","16.2","12.2","13.05","14926015","23850","23800","1.004046063023219","131684800","132217605","0","0","true","false","false","false","true","true","false","30","Trend condition passed; Breakout condition failed; Volume spike missing; OI behavior does not support entry; IV filter passed; Liquidity filter passed; Entry time window failed; Signal score failed: 30%"
"2026-04-13T09:44:41.698005900Z","15:14:41.037616600","NIFTY","NO_TRADE","CE","NFO:NIFTY2641323850CE","23850","23838.65","23840.5628642355721842","0.65","1778862345","36159760",,"0.6","36159760","30","30","23831.8","23840.4","23826.4","23838.65","0","0.5","0.8","0.5","0.65","27590810","23850","23800","1.004046063023219","131684800","132217605","0","0","false","false","false","true","true","true","false","40","Trend condition failed; Breakout condition failed; Volume spike missing; OI behavior supports entry; IV filter passed; Liquidity filter passed; Entry time window failed; Signal score failed: 40%"
"2026-04-13T09:45:42.133570200Z","15:15:41.705526500","NIFTY","NO_TRADE","PE","NFO:NIFTY2641323850PE","23850","23836","23839.23087060833679933","14.95","1435786560","23603060",,"13.5","23864880","30","30","23839.05","23849.65","23836","23836","0","13.6","15.4","10.4","14.75","15684695","23850","23800","0.9989427275460019","125847410","125714355","826150","-4693000","true","false","false","true","true","true","false","55","Trend condition passed; Breakout condition failed; Volume spike missing; OI behavior supports entry; IV filter passed; Liquidity filter passed; Entry time window failed; Signal score failed: 55%"
"2026-04-13T09:45:42.292482200Z","15:15:41.705526500","NIFTY","NO_TRADE","CE","NFO:NIFTY2641323850CE","23850","23836","23839.4225670532235113","0.25","1811335435","36985910",,"0.65","36159760","30","30","23839.45","23849.65","23836","23836","0","0.7","0.9","0.25","0.25","31854420","23850","23800","0.9989427275460019","125847410","125714355","826150","-4693000","false","false","false","false","true","true","false","15","Trend condition failed; Breakout condition failed; Volume spike missing; OI behavior does not support entry; IV filter passed; Liquidity filter passed; Entry time window failed; Signal score failed: 15%"
"2026-04-13T09:46:42.692572100Z","15:16:42.298482400","NIFTY","NO_TRADE","PE","NFO:NIFTY2641323850PE","23850","23837.3","23838.6928378644571860","11.5","1447943965","23603060",,"14.95","23603060","30","30","23835.5","23838.5","23834.7","23837.3","0","14.75","15.1","10.75","12.45","11693045","23850","23800","0.9989427275460019","125847410","125714355","0","0","true","false","false","true","true","true","false","55","Trend condition passed; Breakout condition failed; Volume spike missing; OI behavior supports entry; IV filter passed; Liquidity filter passed; Entry time window failed; Signal score failed: 55%"
"2026-04-13T09:46:42.809903100Z","15:16:42.298482400","NIFTY","NO_TRADE","CE","NFO:NIFTY2641323850CE","23850","23837.3","23838.6928378644571860","0.25","1821839630","36985910",,"0.25","36985910","30","30","23835.5","23838.5","23834.7","23837.3","0","0.25","0.3","0.25","0.25","9954100","23850","23800","0.9989427275460019","125847410","125714355","0","0","false","false","false","false","true","true","false","15","Trend condition failed; Breakout condition failed; Volume spike missing; OI behavior does not support entry; IV filter passed; Liquidity filter passed; Entry time window failed; Signal score failed: 15%"
"2026-04-13T09:47:43.206003500Z","15:17:42.813461300","NIFTY","NO_TRADE","PE","NFO:NIFTY2641323850PE","23850","23822.8","23832.61873828229688879","12.7","1460648085","23603060",,"11.5","23603060","30","30","23836.6","23836.6","23822.8","23822.8","0","11.45","14.4","11.1","14.1","11764415","23850","23800","0.9989427275460019","125847410","125714355","0","0","true","false","false","true","true","true","false","55","Trend condition passed; Breakout condition failed; Volume spike missing; OI behavior supports entry; IV filter passed; Liquidity filter passed; Entry time window failed; Signal score failed: 55%"
"2026-04-13T09:47:43.332263200Z","15:17:42.813461300","NIFTY","NO_TRADE","CE","NFO:NIFTY2641323850CE","23850","23822.8","23832.61873828229688879","0.1","1838469100","36985910",,"0.25","36985910","30","30","23836.6","23836.6","23822.8","23822.8","0","0.2","0.25","0.1","0.1","16629470","23850","23800","0.9989427275460019","125847410","125714355","0","0","false","false","false","false","true","true","false","15","Trend condition failed; Breakout condition failed; Volume spike missing; OI behavior does not support entry; IV filter passed; Liquidity filter passed; Entry time window failed; Signal score failed: 15%"
"2026-04-13T09:48:43.753237Z","15:18:43.336593800","NIFTY","NO_TRADE","PE","NFO:NIFTY2641323850PE","23850","23836","23834.4013719506704753","12.7","1473512755","24049675",,"12.7","23603060","30","30","23826.4","23840.45","23826.2","23836","0","12.65","12.7","10.7","12.7","12864670","23850","23800","1.035751952930667","117589940","121794010","-2446665","-99710","false","false","false","true","true","true","false","40","Trend condition failed; Breakout condition failed; Volume spike missing; OI behavior supports entry; IV filter passed; Liquidity filter passed; Entry time window failed; Signal score failed: 40%"
"2026-04-13T09:48:43.880255900Z","15:18:43.336593800","NIFTY","NO_TRADE","CE","NFO:NIFTY2641323850CE","23850","23836","23834.4013719506704753","0.1","1852089850","34539245",,"0.1","36985910","30","30","23826.4","23840.45","23826.2","23836","0","0.15","0.2","0.1","0.15","13620750","23850","23800","1.035751952930667","117589940","121794010","-2446665","-99710","true","false","false","true","true","true","false","55","Trend condition passed; Breakout condition failed; Volume spike missing; OI behavior supports entry; IV filter passed; Liquidity filter passed; Entry time window failed; Signal score failed: 55%"
"2026-04-13T09:49:44.451663800Z","15:19:43.885417900","NIFTY","NO_TRADE","PE","NFO:NIFTY2641323850PE","23850","23831.7","23833.4598814007846801","11.9","1489743450","24049675",,"12.7","24049675","30","30","23835.9","23839.95","23831.25","23831.7","0","12.85","13","8.55","12.05","16230695","23850","23800","1.035751952930667","117589940","121794010","0","0","true","false","false","false","true","true","false","30","Trend condition passed; Breakout condition failed; Volume spike missing; OI behavior does not support entry; IV filter passed; Liquidity filter passed; Entry time window failed; Signal score failed: 30%"
"2026-04-13T09:49:44.586496Z","15:19:43.885417900","NIFTY","NO_TRADE","CE","NFO:NIFTY2641323850CE","23850","23831.7","23833.4598814007846801","0.1","1858315095","34539245",,"0.1","34539245","30","30","23835.9","23839.95","23831.25","23831.7","0","0.1","0.15","0.1","0.1","6225245","23850","23800","1.035751952930667","117589940","121794010","0","0","false","false","false","true","true","true","false","40","Trend condition failed; Breakout condition failed; Volume spike missing; OI behavior supports entry; IV filter passed; Liquidity filter passed; Entry time window failed; Signal score failed: 40%"
"2026-04-13T09:50:45.014141400Z","15:20:44.590906100","NIFTY","NO_TRADE","PE","NFO:NIFTY2641323850PE","23850","23825.6","23830.8399548319742843","11.75","1503556340","24049675",,"11.9","24049675","30","30","23831.2","23831.2","23819.35","23825.6","0","11.9","14.55","11.6","11.95","13558090","23850","23800","1.035751952930667","117589940","121794010","0","0","true","false","false","false","true","true","false","30","Trend condition passed; Breakout condition failed; Volume spike missing; OI behavior does not support entry; IV filter passed; Liquidity filter passed; Entry time window failed; Signal score failed: 30%"
"2026-04-13T09:50:45.269969300Z","15:20:44.590906100","NIFTY","NO_TRADE","CE","NFO:NIFTY2641323850CE","23850","23825.6","23831.036912134732787986","0.1","1864697705","34539245",,"0.1","34539245","30","30","23830.6","23831.2","23819.35","23825.6","0","0.15","0.15","0.1","0.15","6213480","23850","23800","1.035751952930667","117589940","121794010","0","0","false","false","false","true","true","true","false","40","Trend condition failed; Breakout condition failed; Volume spike missing; OI behavior supports entry; IV filter passed; Liquidity filter passed; Entry time window failed; Signal score failed: 40%"
"2026-04-13T09:51:45.646847900Z","15:21:45.274097100","NIFTY","NO_TRADE","PE","NFO:NIFTY2641323850PE","23850","23830.15","23830.8301907638716786","11.6","1511570125","20698860",,"11.75","24049675","30","30","23825.75","23832.15","23825.75","23830.15","0","11.9","12","10.7","11.45","7846280","23850","23800","1.059754113125059","106453425","112814455","-2558790","-2154555","true","false","false","true","true","true","false","55","Trend condition passed; Breakout condition failed; Volume spike missing; OI behavior supports entry; IV filter passed; Liquidity filter passed; Entry time window failed; Signal score failed: 55%"
"2026-04-13T09:51:45.785369100Z","15:21:45.274097100","NIFTY","NO_TRADE","CE","NFO:NIFTY2641323850CE","23850","23830.15","23830.8301907638716786","0.05","1873867840","31980455",,"0.1","34539245","30","30","23825.75","23832.15","23825.75","23830.15","0","0.1","0.15","0.05","0.1","9042085","23850","23800","1.059754113125059","106453425","112814455","-2558790","-2154555","false","false","false","true","true","true","false","40","Trend condition failed; Breakout condition failed; Volume spike missing; OI behavior supports entry; IV filter passed; Liquidity filter passed; Entry time window failed; Signal score failed: 40%"
"2026-04-13T09:52:50.398485Z","15:22:49.863807700","NIFTY","NO_TRADE","PE","NFO:NIFTY2641323850PE","23850","23826.6","23829.71122782083259823","11.15","1521720590","20698860",,"11.6","20698860","30","30","23829","23831.7","23826.25","23826.6","0","11","11.2","9.4","11.2","9724975","23850","23800","1.059754113125059","106453425","112814455","0","0","true","false","false","false","true","true","false","30","Trend condition passed; Breakout condition failed; Volume spike missing; OI behavior does not support entry; IV filter passed; Liquidity filter passed; Entry time window failed; Signal score failed: 30%"
"2026-04-13T09:52:50.587162600Z","15:22:49.863807700","NIFTY","NO_TRADE","CE","NFO:NIFTY2641323850CE","23850","23826.6","23829.71122782083259823","0.1","1878143215","31980455",,"0.05","31980455","30","30","23829","23831.7","23826.25","23826.6","0","0.1","0.1","0.05","0.05","3950570","23850","23800","1.059754113125059","106453425","112814455","0","0","false","false","false","true","true","true","false","40","Trend condition failed; Breakout condition failed; Volume spike missing; OI behavior supports entry; IV filter passed; Liquidity filter passed; Entry time window failed; Signal score failed: 40%"
"2026-04-13T09:53:51.016925100Z","15:23:50.592112200","NIFTY","NO_TRADE","PE","NFO:NIFTY2641323800PE","23800","23819.25","23826.3241250228155540","0.05","1745138395","37230180",,"0.05","37230180","30","30","23825","23825.9","23816.8","23819.25","0","0.05","0.1","0.05","0.05","2922205","23850","23800","1.214945977790313","97369675","118298895","0","0","true","false","false","false","true","true","false","30","Trend condition passed; Breakout condition failed; Volume spike missing; OI behavior does not support entry; IV filter passed; Liquidity filter passed; Entry time window failed; Signal score failed: 30%"
"2026-04-13T09:53:51.150466800Z","15:23:50.592112200","NIFTY","NO_TRADE","CE","NFO:NIFTY2641323800CE","23800","23819.25","23825.7318163233817476","38.7","1264410485","9571510",,"38.8","9571510","30","30","23825.9","23825.9","23816.8","23819.25","0","38.55","39.2","37.55","38.65","2384005","23850","23800","1.214945977790313","97369675","118298895","0","0","false","false","false","true","true","true","false","40","Trend condition failed; Breakout condition failed; Volume spike missing; OI behavior supports entry; IV filter passed; Liquidity filter passed; Entry time window failed; Signal score failed: 40%"
"2026-04-13T09:54:51.681788800Z","15:24:51.156342","NIFTY","NO_TRADE","PE","NFO:NIFTY2641323800PE","23800","23821.2","23824.0990457653230831","0.1","1748027320","34969090",,"0.05","37230180","30","30","23818.6","23823.35","23818.1","23821.2","0","0.1","0.1","0.05","0.05","2786095","23850","23800","1.273560652239035","87227530","111089550","-4656795","-2261090","true","false","false","true","true","true","false","55","Trend condition passed; Breakout condition failed; Volume spike missing; OI behavior supports entry; IV filter passed; Liquidity filter passed; Entry time window failed; Signal score failed: 55%"
"2026-04-13T09:54:51.815726Z","15:24:51.156342","NIFTY","NO_TRADE","CE","NFO:NIFTY2641323800CE","23800","23821.2","23824.0990457653230831","40.6","1266801640","8002735",,"38.7","9571510","30","30","23818.6","23823.35","23818.1","23821.2","0","38.65","40.6","38.45","40.4","2234895","23850","23800","1.273560652239035","87227530","111089550","-4656795","-2261090","false","false","false","true","true","true","false","40","Trend condition failed; Breakout condition failed; Volume spike missing; OI behavior supports entry; IV filter passed; Liquidity filter passed; Entry time window failed; Signal score failed: 40%"
"2026-04-13T09:55:52.239105300Z","15:25:51.820971100","NIFTY","NO_TRADE","PE","NFO:NIFTY2641323800PE","23800","23822.85","23823.92246143453030131","0.05","1751071660","34969090",,"0.1","34969090","30","30","23821.6","23826","23816.15","23822.85","0","0.05","0.1","0.05","0.05","2882815","23850","23800","1.273560652239035","87227530","111089550","0","0","true","false","false","false","true","true","false","30","Trend condition passed; Breakout condition failed; Volume spike missing; OI behavior does not support entry; IV filter passed; Liquidity filter passed; Entry time window failed; Signal score failed: 30%"
"2026-04-13T09:55:52.467956200Z","15:25:51.820971100","NIFTY","NO_TRADE","CE","NFO:NIFTY2641323800CE","23800","23822.85","23823.92246143453030131","41.25","1269436675","8002735",,"40.6","8002735","30","30","23821.6","23826","23816.15","23822.85","0","40.65","41.3","39.55","41","2489370","23850","23800","1.273560652239035","87227530","111089550","0","0","false","false","false","true","true","true","false","40","Trend condition failed; Breakout condition failed; Volume spike missing; OI behavior supports entry; IV filter passed; Liquidity filter passed; Entry time window failed; Signal score failed: 40%"
"2026-04-13T09:56:52.860712200Z","15:26:52.472409400","NIFTY","NO_TRADE","PE","NFO:NIFTY2641323800PE","23800","23820.2","23822.93718138813344214","0.05","1762147270","34969090",,"0.05","34969090","30","30","23823.3","23825.7","23819.6","23820.2","0","0.05","0.1","0.05","0.05","10972195","23850","23800","1.273560652239035","87227530","111089550","0","0","true","false","true","false","true","true","false","50","Trend condition passed; Breakout condition failed; Volume spike confirmed; OI behavior does not support entry; IV filter passed; Liquidity filter passed; Entry time window failed; Signal score failed: 50%"
"2026-04-13T09:56:52.992373800Z","15:26:52.472409400","NIFTY","NO_TRADE","CE","NFO:NIFTY2641323800CE","23800","23820.2","23822.93718138813344214","42.25","1272162710","8002735",,"41.25","8002735","30","30","23823.3","23825.7","23819.6","23820.2","0","41.25","42.35","40.9","42.3","2537665","23850","23800","1.273560652239035","87227530","111089550","0","0","false","false","false","true","true","true","false","40","Trend condition failed; Breakout condition failed; Volume spike missing; OI behavior supports entry; IV filter passed; Liquidity filter passed; Entry time window failed; Signal score failed: 40%"
"2026-04-13T10:07:01.878565100Z","15:36:57.126678800","NIFTY","NO_TRADE","PE","NFO:NIFTY2641323850PE","23850","23818.9","23821.536285821587535334","7.3","1577638010","11434995",,,,"23","23","23820.4","23826.6","23814.65","23818.9","0","7.15","7.4","7","7.35","6199375","23850","23800","1.090135131852739","80280850","87516975","0","0","true","false","false","false","true","true","false","30","Trend condition passed; Breakout condition failed; Volume spike missing; OI behavior does not support entry; IV filter passed; Liquidity filter passed; Entry time window failed; Signal score failed: 30%"
"2026-04-13T10:07:02.477290Z","15:36:57.126678800","NIFTY","NO_TRADE","CE","NFO:NIFTY2641323850CE","23850","23818.9","23821.96611703843502369","0.05","1896268595","21555365",,,,"23","23","23821.75","23826.6","23814.65","23818.9","0","0.05","0.05","0.05","0.05","386945","23850","23800","1.090135131852739","80280850","87516975","0","0","false","false","false","true","true","true","false","40","Trend condition failed; Breakout condition failed; Volume spike missing; OI behavior supports entry; IV filter passed; Liquidity filter passed; Entry time window failed; Signal score failed: 40%"
"2026-04-13T10:08:03.032376Z","15:38:02.528202800","NIFTY","NO_TRADE","PE","NFO:NIFTY2641323850PE","23850","23818.9","23821.96687220151413130","7.3","1577638010","11434995",,"7.3","11434995","22","22","23821.75","23826.6","23814.65","23818.9","0","7.1","7.4","7","7.35","6199375","23850","23800","1.090135131852739","80280850","87516975","0","0","true","false","false","false","true","true","false","30","Trend condition passed; Breakout condition failed; Volume spike missing; OI behavior does not support entry; IV filter passed; Liquidity filter passed; Entry time window failed; Signal score failed: 30%"
"2026-04-13T10:08:03.186858400Z","15:38:02.528202800","NIFTY","NO_TRADE","CE","NFO:NIFTY2641323850CE","23850","23818.9","23821.89306423250801984","0.05","1896268595","21555365",,"0.05","21555365","22","22","23820.5","23826.6","23814.65","23818.9","0","0.05","0.05","0.05","0.05","366665","23850","23800","1.090135131852739","80280850","87516975","0","0","false","false","false","true","true","true","false","40","Trend condition failed; Breakout condition failed; Volume spike missing; OI behavior supports entry; IV filter passed; Liquidity filter passed; Entry time window failed; Signal score failed: 40%"
"2026-04-13T10:10:15.135401900Z","15:40:10.467953500","NIFTY","NO_TRADE","CE","NFO:NIFTY2641323850CE","23850","23818.9","23821.77279534132572298","0.05","1896268595","21555365",,,,"20","20","23822.65","23826.6","23814.65","23818.9","0","0.05","0.05","0.05","0.05","327795","23850","23800","1.090135131852739","80280850","87516975","0","0","false","false","false","true","true","true","false","40","Trend condition failed; Breakout condition failed; Volume spike missing; OI behavior supports entry; IV filter passed; Liquidity filter passed; Entry time window failed; Signal score failed: 40%"
"2026-04-13T10:10:15.671346100Z","15:40:10.467953500","NIFTY","NO_TRADE","PE","NFO:NIFTY2641323850PE","23850","23818.9","23822.0525423100858941","7.3","1577638010","11434995",,,,"20","20","23822.85","23826.6","23814.65","23818.9","0","7","7.4","7","7.35","4443530","23850","23800","1.090135131852739","80280850","87516975","0","0","true","false","false","false","true","true","false","30","Trend condition passed; Breakout condition failed; Volume spike missing; OI behavior does not support entry; IV filter passed; Liquidity filter passed; Entry time window failed; Signal score failed: 30%"
"2026-04-13T10:11:16.468025100Z","15:41:15.709314400","NIFTY","NO_TRADE","CE","NFO:NIFTY2641323850CE","23850","23818.9","23821.9728244594725090","0.05","1896268595","21555365",,"0.05","21555365","19","19","23822.3","23826.6","23814.65","23818.9","0","0.05","0.05","0.05","0.05","327795","23850","23800","1.090135131852739","80280850","87516975","0","0","false","false","false","true","true","true","false","40","Trend condition failed; Breakout condition failed; Volume spike missing; OI behavior supports entry; IV filter passed; Liquidity filter passed; Entry time window failed; Signal score failed: 40%"
"2026-04-13T10:11:16.610297200Z","15:41:15.709314400","NIFTY","NO_TRADE","PE","NFO:NIFTY2641323850PE","23850","23818.9","23821.9728244594725090","7.3","1577638010","11434995",,"7.3","11434995","19","19","23822.3","23826.6","23814.65","23818.9","0","7","7.4","7","7.35","4443530","23850","23800","1.090135131852739","80280850","87516975","0","0","true","false","false","false","true","true","false","30","Trend condition passed; Breakout condition failed; Volume spike missing; OI behavior does not support entry; IV filter passed; Liquidity filter passed; Entry time window failed; Signal score failed: 30%"
"2026-04-13T10:12:17.092076100Z","15:42:16.621548300","NIFTY","NO_TRADE","CE","NFO:NIFTY2641323850CE","23850","23818.9","23821.9675128395184073","0.05","1896268595","21555365",,"0.05","21555365","18","18","23822.3","23826.6","23814.65","23818.9","0","0.05","0.05","0.05","0.05","322270","23850","23800","1.090135131852739","80280850","87516975","0","0","false","false","false","true","true","true","false","40","Trend condition failed; Breakout condition failed; Volume spike missing; OI behavior supports entry; IV filter passed; Liquidity filter passed; Entry time window failed; Signal score failed: 40%"
"2026-04-13T10:12:17.228559800Z","15:42:16.621548300","NIFTY","NO_TRADE","PE","NFO:NIFTY2641323850PE","23850","23818.9","23821.7506288520016818","7.3","1577638010","11434995",,"7.3","11434995","18","18","23823.35","23826.6","23814.65","23818.9","0","7.1","7.4","7","7.35","4302545","23850","23800","1.090135131852739","80280850","87516975","0","0","true","false","false","false","true","true","false","30","Trend condition passed; Breakout condition failed; Volume spike missing; OI behavior does not support entry; IV filter passed; Liquidity filter passed; Entry time window failed; Signal score failed: 30%"
"2026-04-13T10:13:17.748654600Z","15:43:17.236326200","NIFTY","NO_TRADE","CE","NFO:NIFTY2641323850CE","23850","23818.9","23821.7438286251814631","0.05","1896268595","21555365",,"0.05","21555365","17","17","23823.35","23826.6","23814.65","23818.9","0","0.05","0.05","0.05","0.05","322270","23850","23800","1.090135131852739","80280850","87516975","0","0","false","false","false","true","true","true","false","40","Trend condition failed; Breakout condition failed; Volume spike missing; OI behavior supports entry; IV filter passed; Liquidity filter passed; Entry time window failed; Signal score failed: 40%"
"2026-04-13T10:13:17.909765100Z","15:43:17.236326200","NIFTY","NO_TRADE","PE","NFO:NIFTY2641323850PE","23850","23818.9","23821.7438286251814631","7.3","1577638010","11434995",,"7.3","11434995","17","17","23823.35","23826.6","23814.65","23818.9","0","7.1","7.4","7","7.35","4302545","23850","23800","1.090135131852739","80280850","87516975","0","0","true","false","false","false","true","true","false","30","Trend condition passed; Breakout condition failed; Volume spike missing; OI behavior does not support entry; IV filter passed; Liquidity filter passed; Entry time window failed; Signal score failed: 30%"
"2026-04-13T10:14:18.365989Z","15:44:17.922355300","NIFTY","NO_TRADE","CE","NFO:NIFTY2641323850CE","23850","23818.9","23821.0602826264049243","0.05","1896268595","21555365",,"0.05","21555365","16","16","23819.8","23826.6","23814.65","23818.9","0","0.05","0.05","0.05","0.05","322270","23850","23800","1.090135131852739","80280850","87516975","0","0","false","false","false","true","true","true","false","40","Trend condition failed; Breakout condition failed; Volume spike missing; OI behavior supports entry; IV filter passed; Liquidity filter passed; Entry time window failed; Signal score failed: 40%"
"2026-04-13T10:14:18.500254700Z","15:44:17.922355300","NIFTY","NO_TRADE","PE","NFO:NIFTY2641323850PE","23850","23818.9","23821.0602826264049243","7.3","1577638010","11434995",,"7.3","11434995","16","16","23819.8","23826.6","23814.65","23818.9","0","7.1","7.4","7","7.35","4302545","23850","23800","1.090135131852739","80280850","87516975","0","0","true","false","false","false","true","true","false","30","Trend condition passed; Breakout condition failed; Volume spike missing; OI behavior does not support entry; IV filter passed; Liquidity filter passed; Entry time window failed; Signal score failed: 30%"
"2026-04-13T10:15:19.051586600Z","15:45:18.510531700","NIFTY","NO_TRADE","CE","NFO:NIFTY2641323850CE","23850","23818.9","23821.0502345300586309","0.05","1896268595","21555365",,"0.05","21555365","15","15","23819.8","23826.6","23814.65","23818.9","0","0.05","0.05","0.05","0.05","322270","23850","23800","1.090135131852739","80280850","87516975","0","0","false","false","false","true","true","true","false","40","Trend condition failed; Breakout condition failed; Volume spike missing; OI behavior supports entry; IV filter passed; Liquidity filter passed; Entry time window failed; Signal score failed: 40%"
"2026-04-13T10:15:19.212865900Z","15:45:18.510531700","NIFTY","NO_TRADE","PE","NFO:NIFTY2641323850PE","23850","23818.9","23821.75941211410736693","7.3","1577638010","11434995",,"7.3","11434995","15","15","23822.35","23826.6","23814.65","23818.9","0","7.05","7.4","7","7.35","4087460","23850","23800","1.090135131852739","80280850","87516975","0","0","true","false","false","false","true","true","false","30","Trend condition passed; Breakout condition failed; Volume spike missing; OI behavior does not support entry; IV filter passed; Liquidity filter passed; Entry time window failed; Signal score failed: 30%"
"2026-04-13T10:16:50.395721200Z","15:46:43.354875400","NIFTY","NO_TRADE","CE","NFO:NIFTY2641323850CE","23850","23818.9","23820.8651342293876462","0.05","1896268595","21555365",,,,"14","14","23823.05","23825.05","23814.65","23818.9","0","0.05","0.05","0.05","0.05","51805","23850","23800","1.090135131852739","80280850","87516975","0","0","false","false","false","true","true","true","false","40","Trend condition failed; Breakout condition failed; Volume spike missing; OI behavior supports entry; IV filter passed; Liquidity filter passed; Entry time window failed; Signal score failed: 40%"
"2026-04-13T10:16:51.475821400Z","15:46:43.354875400","NIFTY","NO_TRADE","PE","NFO:NIFTY2641323850PE","23850","23818.9","23821.0699870101604251","7.3","1577638010","11434995",,,,"14","14","23822.3","23825.05","23814.65","23818.9","0","7.4","7.4","7.3","7.35","828165","23850","23800","1.090135131852739","80280850","87516975","0","0","true","false","false","false","true","true","false","30","Trend condition passed; Breakout condition failed; Volume spike missing; OI behavior does not support entry; IV filter passed; Liquidity filter passed; Entry time window failed; Signal score failed: 30%"
"2026-04-13T10:17:52.306114100Z","15:47:51.544167500","NIFTY","NO_TRADE","CE","NFO:NIFTY2641323850CE","23850","23818.9","23821.3940399780972867","0.05","1896268595","21555365",,"0.05","21555365","13","13","23817.4","23825.05","23814.65","23818.9","0","0.05","0.05","0.05","0.05","43615","23850","23800","1.090135131852739","80280850","87516975","0","0","false","false","false","true","true","true","false","40","Trend condition failed; Breakout condition failed; Volume spike missing; OI behavior supports entry; IV filter passed; Liquidity filter passed; Entry time window failed; Signal score failed: 40%"
"2026-04-13T10:17:52.493121100Z","15:47:51.544167500","NIFTY","NO_TRADE","PE","NFO:NIFTY2641323850PE","23850","23818.9","23821.3940399780972867","7.3","1577638010","11434995",,"7.3","11434995","13","13","23817.4","23825.05","23814.65","23818.9","0","7.4","7.4","7.3","7.35","715065","23850","23800","1.090135131852739","80280850","87516975","0","0","true","false","false","false","true","true","false","30","Trend condition passed; Breakout condition failed; Volume spike missing; OI behavior does not support entry; IV filter passed; Liquidity filter passed; Entry time window failed; Signal score failed: 30%"
"2026-04-13T10:18:52.925999300Z","15:48:52.502924600","NIFTY","NO_TRADE","CE","NFO:NIFTY2641323850CE","23850","23818.9","23821.34201538834978900","0.05","1896268595","21555365",,"0.05","21555365","12","12","23817.4","23825.05","23814.65","23818.9","0","0.05","0.05","0.05","0.05","43615","23850","23800","1.090135131852739","80280850","87516975","0","0","false","false","false","true","true","true","false","40","Trend condition failed; Breakout condition failed; Volume spike missing; OI behavior supports entry; IV filter passed; Liquidity filter passed; Entry time window failed; Signal score failed: 40%"
"2026-04-13T10:18:53.060496900Z","15:48:52.502924600","NIFTY","NO_TRADE","PE","NFO:NIFTY2641323850PE","23850","23818.9","23821.34201538834978900","7.3","1577638010","11434995",,"7.3","11434995","12","12","23817.4","23825.05","23814.65","23818.9","0","7.4","7.4","7.3","7.35","715065","23850","23800","1.090135131852739","80280850","87516975","0","0","true","false","false","false","true","true","false","30","Trend condition passed; Breakout condition failed; Volume spike missing; OI behavior does not support entry; IV filter passed; Liquidity filter passed; Entry time window failed; Signal score failed: 30%"
"2026-04-13T10:19:53.590801700Z","15:49:53.066857800","NIFTY","NO_TRADE","CE","NFO:NIFTY2641323850CE","23850","23818.9","23819.6027909024708293","0.05","1896268595","21555365",,"0.05","21555365","11","11","23817.95","23825.05","23814.65","23818.9","0","0.05","0.05","0.05","0.05","43615","23850","23800","1.090135131852739","80280850","87516975","0","0","false","false","false","true","true","true","false","40","Trend condition failed; Breakout condition failed; Volume spike missing; OI behavior supports entry; IV filter passed; Liquidity filter passed; Entry time window failed; Signal score failed: 40%"
"2026-04-13T10:19:53.731404100Z","15:49:53.066857800","NIFTY","NO_TRADE","PE","NFO:NIFTY2641323850PE","23850","23818.9","23819.6027909024708293","7.3","1577638010","11434995",,"7.3","11434995","11","11","23817.95","23825.05","23814.65","23818.9","0","7.35","7.4","7.3","7.35","715065","23850","23800","1.090135131852739","80280850","87516975","0","0","true","false","false","false","true","true","false","30","Trend condition passed; Breakout condition failed; Volume spike missing; OI behavior does not support entry; IV filter passed; Liquidity filter passed; Entry time window failed; Signal score failed: 30%"
"2026-04-13T10:20:54.179510Z","15:50:53.739644700","NIFTY","NO_TRADE","CE","NFO:NIFTY2641323850CE","23850","23818.9","23820.892115023116395166","0.05","1896268595","21555365",,"0.05","21555365","10","10","23821.2","23825.05","23814.65","23818.9","0","0.05","0.05","0.05","0.05","25025","23850","23800","1.090135131852739","80280850","87516975","0","0","false","false","false","true","true","true","false","40","Trend condition failed; Breakout condition failed; Volume spike missing; OI behavior supports entry; IV filter passed; Liquidity filter passed; Entry time window failed; Signal score failed: 40%"
"2026-04-13T10:20:54.465359800Z","15:50:53.739644700","NIFTY","NO_TRADE","PE","NFO:NIFTY2641323850PE","23850","23818.9","23820.892115023116395166","7.3","1577638010","11434995",,"7.3","11434995","10","10","23821.2","23825.05","23814.65","23818.9","0","7.4","7.4","7.3","7.35","554775","23850","23800","1.090135131852739","80280850","87516975","0","0","true","false","false","false","true","true","false","30","Trend condition passed; Breakout condition failed; Volume spike missing; OI behavior does not support entry; IV filter passed; Liquidity filter passed; Entry time window failed; Signal score failed: 30%"
"2026-04-13T10:21:55.177439300Z","15:51:54.485099700","NIFTY","NO_TRADE","CE","NFO:NIFTY2641323850CE","23850","23818.9","23821.4977442463039177","0.05","1896268595","21555365",,"0.05","21555365","9","9","23816.25","23825.05","23814.65","23818.9","0","0.05","0.05","0.05","0.05","22035","23850","23800","1.090135131852739","80280850","87516975","0","0","false","false","false","true","true","true","false","40","Trend condition failed; Breakout condition failed; Volume spike missing; OI behavior supports entry; IV filter passed; Liquidity filter passed; Entry time window failed; Signal score failed: 40%"
"2026-04-13T10:21:55.330531700Z","15:51:54.485099700","NIFTY","NO_TRADE","PE","NFO:NIFTY2641323850PE","23850","23818.9","23821.4977442463039177","7.3","1577638010","11434995",,"7.3","11434995","9","9","23816.25","23825.05","23814.65","23818.9","0","7.4","7.4","7.3","7.35","448435","23850","23800","1.090135131852739","80280850","87516975","0","0","true","false","false","false","true","true","false","30","Trend condition passed; Breakout condition failed; Volume spike missing; OI behavior does not support entry; IV filter passed; Liquidity filter passed; Entry time window failed; Signal score failed: 30%"
"2026-04-13T10:22:56.149080600Z","15:52:55.360127400","NIFTY","NO_TRADE","CE","NFO:NIFTY2641323850CE","23850","23818.9","23819.7840420667581162","0.05","1896268595","21555365",,"0.05","21555365","8","8","23817.9","23825.05","23814.65","23818.9","0","0.05","0.05","0.05","0.05","22035","23850","23800","1.090135131852739","80280850","87516975","0","0","false","false","false","true","true","true","false","40","Trend condition failed; Breakout condition failed; Volume spike missing; OI behavior supports entry; IV filter passed; Liquidity filter passed; Entry time window failed; Signal score failed: 40%"
"2026-04-13T10:22:56.337187100Z","15:52:55.360127400","NIFTY","NO_TRADE","PE","NFO:NIFTY2641323850PE","23850","23818.9","23819.7840420667581162","7.3","1577638010","11434995",,"7.3","11434995","8","8","23817.9","23825.05","23814.65","23818.9","0","7.3","7.4","7.3","7.35","448435","23850","23800","1.090135131852739","80280850","87516975","0","0","true","false","false","false","true","true","false","30","Trend condition passed; Breakout condition failed; Volume spike missing; OI behavior does not support entry; IV filter passed; Liquidity filter passed; Entry time window failed; Signal score failed: 30%"
"2026-04-13T10:23:56.976248200Z","15:53:56.363752400","NIFTY","NO_TRADE","CE","NFO:NIFTY2641323850CE","23850","23818.9","23820.0679012345679013","0.05","1896268595","21555365",,"0.05","21555365","7","7","23817.9","23825.05","23814.65","23818.9","0","0.05","0.05","0.05","0.05","22035","23850","23800","1.090135131852739","80280850","87516975","0","0","false","false","false","true","true","true","false","40","Trend condition failed; Breakout condition failed; Volume spike missing; OI behavior supports entry; IV filter passed; Liquidity filter passed; Entry time window failed; Signal score failed: 40%"
"2026-04-13T10:23:57.116553300Z","15:53:56.363752400","NIFTY","NO_TRADE","PE","NFO:NIFTY2641323850PE","23850","23818.9","23820.0679012345679013","7.3","1577638010","11434995",,"7.3","11434995","7","7","23817.9","23825.05","23814.65","23818.9","0","7.35","7.4","7.35","7.35","262080","23850","23800","1.090135131852739","80280850","87516975","0","0","true","false","false","false","true","true","false","30","Trend condition passed; Breakout condition failed; Volume spike missing; OI behavior does not support entry; IV filter passed; Liquidity filter passed; Entry time window failed; Signal score failed: 30%"
"2026-04-13T10:24:57.824846200Z","15:54:57.122804400","NIFTY","NO_TRADE","CE","NFO:NIFTY2641323850CE","23850","23818.9","23819.9139917695473253","0.05","1896268595","21555365",,"0.05","21555365","6","6","23816.2","23825.05","23814.65","23818.9","0","0.05","0.05","0.05","0.05","17810","23850","23800","1.090135131852739","80280850","87516975","0","0","false","false","false","true","true","true","false","40","Trend condition failed; Breakout condition failed; Volume spike missing; OI behavior supports entry; IV filter passed; Liquidity filter passed; Entry time window failed; Signal score failed: 40%"
"2026-04-13T10:24:57.995876100Z","15:54:57.122804400","NIFTY","NO_TRADE","PE","NFO:NIFTY2641323850PE","23850","23818.9","23819.9139917695473253","7.3","1577638010","11434995",,"7.3","11434995","6","6","23816.2","23825.05","23814.65","23818.9","0","7.35","7.4","7.35","7.35","262080","23850","23800","1.090135131852739","80280850","87516975","0","0","true","false","false","false","true","true","false","30","Trend condition passed; Breakout condition failed; Volume spike missing; OI behavior does not support entry; IV filter passed; Liquidity filter passed; Entry time window failed; Signal score failed: 30%"
"2026-04-13T10:26:02.297228400Z","15:56:01.637956700","NIFTY","NO_TRADE","CE","NFO:NIFTY2641323850CE","23850","23818.9","23820.94840","0.05","1896268595","21555365",,"0.05","21555365","4","4","23821.75","23826.6","23814.65","23818.9","0","0.05","0.05","0.05","0.05","386945","23850","23800","1.090135131852739","80280850","87516975","0","0","false","false","false","true","true","true","false","40","Trend condition failed; Breakout condition failed; Volume spike missing; OI behavior supports entry; IV filter passed; Liquidity filter passed; Entry time window failed; Signal score failed: 40%"
"2026-04-13T10:26:02.504097100Z","15:56:01.637956700","NIFTY","NO_TRADE","PE","NFO:NIFTY2641323850PE","23850","23818.9","23820.94840","7.3","1577638010","11434995",,"7.3","11434995","4","4","23821.75","23826.6","23814.65","23818.9","0","7.1","7.4","7","7.35","6199375","23850","23800","1.090135131852739","80280850","87516975","0","0","true","false","false","false","true","true","false","30","Trend condition passed; Breakout condition failed; Volume spike missing; OI behavior does not support entry; IV filter passed; Liquidity filter passed; Entry time window failed; Signal score failed: 30%"
"2026-04-13T10:27:03.369726300Z","15:57:02.509351100","NIFTY","NO_TRADE","CE","NFO:NIFTY2641323850CE","23850","23818.9","23821.5125","0.05","1896268595","21555365",,"0.05","21555365","3","3","23820.5","23826.6","23814.65","23818.9","0","0.05","0.05","0.05","0.05","366665","23850","23800","1.090135131852739","80280850","87516975","0","0","false","false","false","true","true","true","false","40","Trend condition failed; Breakout condition failed; Volume spike missing; OI behavior supports entry; IV filter passed; Liquidity filter passed; Entry time window failed; Signal score failed: 40%"
"2026-04-13T10:27:03.513260300Z","15:57:02.509351100","NIFTY","NO_TRADE","PE","NFO:NIFTY2641323850PE","23850","23818.9","23821.5125","7.3","1577638010","11434995",,"7.3","11434995","3","3","23820.5","23826.6","23814.65","23818.9","0","7.1","7.4","7","7.35","6083090","23850","23800","1.090135131852739","80280850","87516975","0","0","true","false","false","false","true","true","false","30","Trend condition passed; Breakout condition failed; Volume spike missing; OI behavior does not support entry; IV filter passed; Liquidity filter passed; Entry time window failed; Signal score failed: 30%"
"2026-04-13T10:28:03.927279700Z","15:58:03.522141900","NIFTY","NO_TRADE","CE","NFO:NIFTY2641323850CE","23850","23818.9","23820.016666666666667","0.05","1896268595","21555365",,"0.05","21555365","2","2","23820.5","23826.6","23814.65","23818.9","0","0.05","0.05","0.05","0.05","366665","23850","23800","1.090135131852739","80280850","87516975","0","0","false","false","false","true","true","true","false","40","Trend condition failed; Breakout condition failed; Volume spike missing; OI behavior supports entry; IV filter passed; Liquidity filter passed; Entry time window failed; Signal score failed: 40%"
"2026-04-13T10:28:04.047611100Z","15:58:03.522141900","NIFTY","NO_TRADE","PE","NFO:NIFTY2641323850PE","23850","23818.9","23820.016666666666667","7.3","1577638010","11434995",,"7.3","11434995","2","2","23820.5","23826.6","23814.65","23818.9","0","7.1","7.4","7","7.35","6083090","23850","23800","1.090135131852739","80280850","87516975","0","0","true","false","false","false","true","true","false","30","Trend condition passed; Breakout condition failed; Volume spike missing; OI behavior does not support entry; IV filter passed; Liquidity filter passed; Entry time window failed; Signal score failed: 30%"
"2026-04-13T10:29:05.027353Z","15:59:04.053414400","NIFTY","NO_TRADE","CE","NFO:NIFTY2641323850CE","23850","23818.9","23818.9","0.05","1896268595","21555365",,"0.05","21555365","1","1","23819.45","23826.6","23814.65","23818.9","0","0.05","0.05","0.05","0.05","364715","23850","23800","1.090135131852739","80280850","87516975","0","0","false","false","false","true","true","true","false","40","Trend condition failed; Breakout condition failed; Volume spike missing; OI behavior supports entry; IV filter passed; Liquidity filter passed; Entry time window failed; Signal score failed: 40%"
"2026-04-13T10:29:05.449485500Z","15:59:04.053414400","NIFTY","NO_TRADE","PE","NFO:NIFTY2641323850PE","23850","23818.9","23818.9","7.3","1577638010","11434995",,"7.3","11434995","1","1","23819.95","23826.6","23814.65","23818.9","0","7.05","7.4","7","7.35","5897580","23850","23800","1.090135131852739","80280850","87516975","0","0","false","false","false","false","true","true","false","15","Trend condition failed; Breakout condition failed; Volume spike missing; OI behavior does not support entry; IV filter passed; Liquidity filter passed; Entry time window failed; Signal score failed: 15%"
